{"last_tab":"","404_page_id":"no","responsive":"1","page_comments":"1","back_to_top":"1","bubbles_block":"0","team_slug":"","portfolio_slug":"","portfolio_name":"","portfolio_archive_layout":"3","page_404_bg":{"url":"https:\/\/livewp.site\/wp\/md\/ewebot\/wp-content\/uploads\/sites\/64\/2019\/09\/404.png","id":"1935","height":"1261","width":"1920","thumbnail":"https:\/\/livewp.site\/wp\/md\/ewebot\/wp-content\/uploads\/sites\/64\/2019\/09\/404-150x150.png"},"disable_right_click":"","disable_right_click_text":"The right click is disabled. Your content is protected. You can configure this option in the theme.","custom_js":"jQuery(document).ready(function(){\r\n\r\n});","header_custom_js":"<script type='text\/javascript'>\r\njQuery(document).ready(function(){\r\n\r\n});\r\n<\/script>","preloader":"","preloader_type":"circle","preloader_background":"#191a1c","preloader_item_color":"#ffffff","preloader_item_color2":"#435bb2","preloader_item_width":{"width":"140px","units":"px"},"preloader_item_stroke":{"width":"3px","units":"px"},"preloader_item_logo":{"url":"","id":"","height":"","width":"","thumbnail":""},"preloader_item_logo_width":{"width":"45px","units":"px"},"preloader_full":"1","page_title_conditional":"1","blog_title_conditional":"1","team_title_conditional":"","portfolio_title_conditional":"1","page_title_breadcrumbs_conditional":"1","page_title_vert_align":"middle","page_title_horiz_align":"center","page_title_font_color":"#ffffff","page_title_bg_color":"#423bb6","page_title_overlay_color":"","page_title_bg_image":{"background-repeat":"no-repeat","background-size":"cover","background-attachment":"scroll","background-position":"center center","background-image":"https:\/\/livewp.site\/wp\/md\/ewebot\/wp-content\/uploads\/sites\/64\/2019\/09\/pic_paralax_2.jpg","media":{"id":"2651","height":"1000","width":"3000","thumbnail":"https:\/\/livewp.site\/wp\/md\/ewebot\/wp-content\/uploads\/sites\/64\/2019\/09\/pic_paralax_2-150x150.jpg"}},"page_title_height":{"height":"261px","units":"px"},"page_title_top_border":"","page_title_top_border_color":{"color":"#191a1c","alpha":"1","rgba":"rgba(25,26,28,1)"},"page_title_bottom_border":"","page_title_bottom_border_color":{"color":"#191a1c","alpha":"1","rgba":"rgba(25,26,28,1)"},"page_title_bottom_margin":{"units":"px","margin-bottom":"80px"},"related_posts":"1","related_posts_filter":"tag","author_box":"1","post_comments":"1","post_pingbacks":"1","blog_post_likes":"","blog_post_share":"1","blog_post_listing_content":"","blog_post_fimage_animation":"","page_sidebar_layout":"none","page_sidebar_def":"sidebar_main-sidebar","blog_single_sidebar_layout":"right","blog_single_sidebar_def":"sidebar_main-sidebar","portfolio_single_sidebar_layout":"none","portfolio_single_sidebar_def":"","team_single_sidebar_layout":"none","team_single_sidebar_def":"","sidebars":["Main Sidebar","Shop Sidebar","Header Sidebar","Shop Header Sidebar"],"theme-custom-color":"#6254E7","theme-custom-color-start":"#9289F1","theme-custom-color2":"#FF7426","theme-custom-color2-start":"#F0AC0E","body-background-color":"#FFFFFF","menu-font":{"font-family":"Rubik","font-options":"","google":"1","font-weight":"400","font-style":"","subsets":"","text-transform":"none","font-size":"16px","line-height":"22px","letter-spacing":""},"main-font":{"font-family":"Rubik","font-options":"","google":"1","font-weight":"400","font-style":"","font-all-weight":"400,500","subsets":"","font-size":"18px","line-height":"27px","color":"#696687"},"secondary-font":{"font-family":"Nunito","font-options":"","google":"1","font-weight":"400","font-style":"","subsets":"","font-size":"18px","line-height":"27px","color":"#696687"},"header-font":{"font-family":"Nunito","font-options":"","google":"1","font-weight":"800","font-style":"","subsets":"","color":"#3b3663"},"h1-font":{"font-family":"Nunito","font-options":"","google":"1","font-weight":"800","font-style":"","subsets":"","font-size":"40px","line-height":"43px"},"h2-font":{"font-family":"Nunito","font-options":"","google":"1","font-weight":"800","font-style":"","subsets":"","font-size":"30px","line-height":"40px"},"h3-font":{"font-family":"Nunito","font-options":"","google":"1","font-weight":"800","font-style":"","subsets":"","font-size":"24px","line-height":"30px"},"h4-font":{"font-family":"Nunito","font-options":"","google":"1","font-weight":"800","font-style":"","subsets":"","font-size":"20px","line-height":"33px"},"h5-font":{"font-family":"Nunito","font-options":"","google":"1","font-weight":"700","font-style":"","subsets":"","font-size":"18px","line-height":"30px"},"h6-font":{"font-family":"Nunito","font-options":"","google":"1","font-weight":"600","font-style":"","subsets":"","font-size":"16px","line-height":"24px"},"google_map_latitude":"-37.8172507","google_map_longitude":"144.9535833","zoom_map":"14","map_marker_info":"1","custom_map_marker":"https:\/\/livewp.site\/assets\/img\/ewebot.png","map_marker_info_street_number":"","map_marker_info_street":"","map_marker_info_descr":"","map_marker_info_background":"#0a0b0b","map-marker-font":{"font-family":"Rubik","font-options":"","google":"1","font-weight":"400","font-style":"","subsets":""},"map_marker_info_color":"#ffffff","custom_map_style":"","custom_map_code":"","modern_shop":"1","modern_shop_main-font":{"font-family":"Roboto","font-options":"","google":"1","font-weight":"300","font-style":"","font-all-weight":"300,400,500","subsets":"","font-size":"16px","line-height":"27px","color":"#69747f"},"modern_shop_header-font":{"font-family":"Manrope","font-options":"","google":"1","font-weight":"600","font-style":"","font-all-weight":"400,500,600","subsets":"","font-size":"18px","line-height":"27px","color":"#1a1d20"},"theme-modern_custom-color":"#3B3564","gallery_images_count":"1","products_layout":"container","products_sidebar_layout":"left","products_sidebar_def":"sidebar_shop-sidebar","products_per_page_frontend":"","products_sorting_frontend":"1","products_infinite_scroll":"none","woocommerce_pagination":"top_bottom","woocommerce_grid_list":"grid","label_color_sale":{"color":"#dc1c52","alpha":"1","rgba":"rgba(230,55,100,1)"},"label_color_hot":{"color":"#71d080","alpha":"1","rgba":"rgba(113,208,128,1)"},"label_color_new":{"color":"#435bb2","alpha":"1","rgba":"rgba(106,209,228,1)"},"label_color_sale_modern":{"color":"#e93631","alpha":"1","rgba":"rgba(233,54,49,1)"},"label_color_hot_modern":{"color":"#2c8a22","alpha":"1","rgba":"rgba(44,138,34,1)"},"label_color_new_modern":{"color":"#1a1d20","alpha":"1","rgba":"rgba(26,29,32,1)"},"product_layout":"vertical","activate_carousel_thumb":"1","product_container":"container","product_sidebar_layout":"none","product_sidebar_def":"","shop_size_guide":"","size_guide":{"url":"","id":"","height":"","width":"","thumbnail":""},"next_prev_product":"0","product_sharing":"1","shop_cat_title_conditional":"1","product_title_conditional":"0","customize_shop_title":"1","shop_title_vert_align":"middle","shop_title_horiz_align":"center","shop_title_font_color":"#1a1d20","shop_title_bg_color":"","shop_title_overlay_color":"","shop_title_bg_image":{"background-repeat":"no-repeat","background-size":"cover","background-attachment":"scroll","background-position":"center center","background-image":"","media":{"id":"","height":"","width":"","thumbnail":""}},"shop_title_height":{"height":"","units":"px"},"shop_title_top_border":"","shop_title_top_border_color":{"color":"#0a0b0b","alpha":"1","rgba":"rgba(10,11,11,1)"},"shop_title_bottom_border":"","shop_title_bottom_border_color":{"color":"#0a0b0b","alpha":"1","rgba":"rgba(10,11,11,1)"},"shop_title_bottom_margin":{"units":"px","margin-bottom":"0"},"optimize_css":"1","optimize_js":"1","optimize_woo":"1","optimize_migrate":"0","disable_elementor_font":"1"}