{"post_title":"","guid":"https:\/\/livewp.site\/wp\/md\/ewebot\/?attachment_id=10559","post_author":"","post_content":"","post_excerpt":"","post_id":10559,"pubDate":"Mon, 30 May 2022 19:11:59 +0000","post_date":"2022-05-30 19:11:59","post_date_gmt":"2022-05-30 19:11:59","comment_status":"open","ping_status":"closed","post_name":"kits_home06-8","status":"inherit","post_parent":10557,"menu_order":0,"post_type":"attachment","post_password":"","is_sticky":0,"terms":[],"postmeta":[{"meta_key":"_wp_attached_file","meta_value":"2022\/05\/kits_home06-8.jpg"},{"meta_key":"_wp_attachment_metadata","meta_value":"a:6:{s:5:\"width\";i:450;s:6:\"height\";i:231;s:4:\"file\";s:25:\"2022\/05\/kits_home06-8.jpg\";s:8:\"filesize\";i:36799;s:5:\"sizes\";a:7:{s:6:\"medium\";a:5:{s:4:\"file\";s:25:\"kits_home06-8-300x154.jpg\";s:5:\"width\";i:300;s:6:\"height\";i:154;s:9:\"mime-type\";s:10:\"image\/jpeg\";s:8:\"filesize\";i:12485;}s:9:\"thumbnail\";a:5:{s:4:\"file\";s:25:\"kits_home06-8-150x150.jpg\";s:5:\"width\";i:150;s:6:\"height\";i:150;s:9:\"mime-type\";s:10:\"image\/jpeg\";s:8:\"filesize\";i:6175;}s:21:\"woocommerce_thumbnail\";a:6:{s:4:\"file\";s:25:\"kits_home06-8-300x231.jpg\";s:5:\"width\";i:300;s:6:\"height\";i:231;s:9:\"mime-type\";s:10:\"image\/jpeg\";s:8:\"filesize\";i:15457;s:9:\"uncropped\";b:0;}s:29:\"woocommerce_gallery_thumbnail\";a:5:{s:4:\"file\";s:25:\"kits_home06-8-400x231.jpg\";s:5:\"width\";i:400;s:6:\"height\";i:231;s:9:\"mime-type\";s:10:\"image\/jpeg\";s:8:\"filesize\";i:20835;}s:12:\"shop_catalog\";a:5:{s:4:\"file\";s:25:\"kits_home06-8-300x231.jpg\";s:5:\"width\";i:300;s:6:\"height\";i:231;s:9:\"mime-type\";s:10:\"image\/jpeg\";s:8:\"filesize\";i:15457;}s:14:\"shop_thumbnail\";a:5:{s:4:\"file\";s:25:\"kits_home06-8-400x231.jpg\";s:5:\"width\";i:400;s:6:\"height\";i:231;s:9:\"mime-type\";s:10:\"image\/jpeg\";s:8:\"filesize\";i:20835;}s:6:\"detail\";a:5:{s:4:\"file\";s:25:\"kits_home06-8-150x150.jpg\";s:5:\"width\";i:150;s:6:\"height\";i:150;s:9:\"mime-type\";s:10:\"image\/jpeg\";s:8:\"filesize\";i:6175;}}s:10:\"image_meta\";a:12:{s:8:\"aperture\";s:1:\"0\";s:6:\"credit\";s:0:\"\";s:6:\"camera\";s:0:\"\";s:7:\"caption\";s:0:\"\";s:17:\"created_timestamp\";s:1:\"0\";s:9:\"copyright\";s:0:\"\";s:12:\"focal_length\";s:1:\"0\";s:3:\"iso\";s:1:\"0\";s:13:\"shutter_speed\";s:1:\"0\";s:5:\"title\";s:0:\"\";s:11:\"orientation\";s:1:\"0\";s:8:\"keywords\";a:0:{}}}"}],"comments":[],"media":[],"attachment_url":"https:\/\/livewp.site\/wp\/md\/ewebot\/wp-content\/uploads\/sites\/64\/2022\/05\/kits_home06-8.jpg"}