{"post_title":"","guid":"https:\/\/livewp.site\/wp\/md\/ewebot\/?attachment_id=10872","post_author":"","post_content":"","post_excerpt":"","post_id":10872,"pubDate":"Thu, 02 Jun 2022 11:33:51 +0000","post_date":"2022-06-02 11:33:51","post_date_gmt":"2022-06-02 11:33:51","comment_status":"open","ping_status":"closed","post_name":"kits_service_3","status":"inherit","post_parent":10870,"menu_order":0,"post_type":"attachment","post_password":"","is_sticky":0,"terms":[],"postmeta":[{"meta_key":"_wp_attached_file","meta_value":"2022\/06\/kits_service_3.jpg"},{"meta_key":"_wp_attachment_metadata","meta_value":"a:6:{s:5:\"width\";i:450;s:6:\"height\";i:254;s:4:\"file\";s:26:\"2022\/06\/kits_service_3.jpg\";s:8:\"filesize\";i:27811;s:5:\"sizes\";a:7:{s:6:\"medium\";a:5:{s:4:\"file\";s:26:\"kits_service_3-300x169.jpg\";s:5:\"width\";i:300;s:6:\"height\";i:169;s:9:\"mime-type\";s:10:\"image\/jpeg\";s:8:\"filesize\";i:8520;}s:9:\"thumbnail\";a:5:{s:4:\"file\";s:26:\"kits_service_3-150x150.jpg\";s:5:\"width\";i:150;s:6:\"height\";i:150;s:9:\"mime-type\";s:10:\"image\/jpeg\";s:8:\"filesize\";i:4029;}s:21:\"woocommerce_thumbnail\";a:6:{s:4:\"file\";s:26:\"kits_service_3-300x254.jpg\";s:5:\"width\";i:300;s:6:\"height\";i:254;s:9:\"mime-type\";s:10:\"image\/jpeg\";s:8:\"filesize\";i:11991;s:9:\"uncropped\";b:0;}s:29:\"woocommerce_gallery_thumbnail\";a:5:{s:4:\"file\";s:26:\"kits_service_3-400x254.jpg\";s:5:\"width\";i:400;s:6:\"height\";i:254;s:9:\"mime-type\";s:10:\"image\/jpeg\";s:8:\"filesize\";i:16352;}s:12:\"shop_catalog\";a:5:{s:4:\"file\";s:26:\"kits_service_3-300x254.jpg\";s:5:\"width\";i:300;s:6:\"height\";i:254;s:9:\"mime-type\";s:10:\"image\/jpeg\";s:8:\"filesize\";i:11991;}s:14:\"shop_thumbnail\";a:5:{s:4:\"file\";s:26:\"kits_service_3-400x254.jpg\";s:5:\"width\";i:400;s:6:\"height\";i:254;s:9:\"mime-type\";s:10:\"image\/jpeg\";s:8:\"filesize\";i:16352;}s:6:\"detail\";a:5:{s:4:\"file\";s:26:\"kits_service_3-150x150.jpg\";s:5:\"width\";i:150;s:6:\"height\";i:150;s:9:\"mime-type\";s:10:\"image\/jpeg\";s:8:\"filesize\";i:4029;}}s:10:\"image_meta\";a:12:{s:8:\"aperture\";s:1:\"0\";s:6:\"credit\";s:0:\"\";s:6:\"camera\";s:0:\"\";s:7:\"caption\";s:0:\"\";s:17:\"created_timestamp\";s:1:\"0\";s:9:\"copyright\";s:0:\"\";s:12:\"focal_length\";s:1:\"0\";s:3:\"iso\";s:1:\"0\";s:13:\"shutter_speed\";s:1:\"0\";s:5:\"title\";s:0:\"\";s:11:\"orientation\";s:1:\"0\";s:8:\"keywords\";a:0:{}}}"}],"comments":[],"media":[],"attachment_url":"https:\/\/livewp.site\/wp\/md\/ewebot\/wp-content\/uploads\/sites\/64\/2022\/06\/kits_service_3.jpg"}