{"post_title":"mixkit-look-of-a-woman-with-winter-blue-makeup-39868_13_layer.jpeg","guid":"https:\/\/livewp.site\/wp\/md\/ewebot\/mixkit-look-of-a-woman-with-winter-blue-makeup-39868-13-layer-jpeg\/","post_author":"","post_content":"","post_excerpt":"","post_id":11211,"pubDate":"Sat, 27 Aug 2022 21:34:21 +0000","post_date":"2022-08-27 21:34:21","post_date_gmt":"2022-08-27 21:34:21","comment_status":"closed","ping_status":"closed","post_name":"mixkit-look-of-a-woman-with-winter-blue-makeup-39868-13-layer-jpeg","status":"inherit","post_parent":0,"menu_order":0,"post_type":"attachment","post_password":"","is_sticky":0,"terms":[],"postmeta":[{"meta_key":"_wp_attached_file","meta_value":"revslider\/video-media\/mixkit-look-of-a-woman-with-winter-blue-makeup-39868_13_layer.jpeg"},{"meta_key":"_wp_attachment_metadata","meta_value":"a:6:{s:5:\"width\";i:1920;s:6:\"height\";i:1080;s:4:\"file\";s:88:\"revslider\/video-media\/mixkit-look-of-a-woman-with-winter-blue-makeup-39868_13_layer.jpeg\";s:8:\"filesize\";i:74325;s:5:\"sizes\";a:11:{s:6:\"medium\";a:5:{s:4:\"file\";s:74:\"mixkit-look-of-a-woman-with-winter-blue-makeup-39868_13_layer-300x169.jpeg\";s:5:\"width\";i:300;s:6:\"height\";i:169;s:9:\"mime-type\";s:10:\"image\/jpeg\";s:8:\"filesize\";i:5710;}s:5:\"large\";a:5:{s:4:\"file\";s:75:\"mixkit-look-of-a-woman-with-winter-blue-makeup-39868_13_layer-1024x576.jpeg\";s:5:\"width\";i:1024;s:6:\"height\";i:576;s:9:\"mime-type\";s:10:\"image\/jpeg\";s:8:\"filesize\";i:31316;}s:9:\"thumbnail\";a:5:{s:4:\"file\";s:74:\"mixkit-look-of-a-woman-with-winter-blue-makeup-39868_13_layer-150x150.jpeg\";s:5:\"width\";i:150;s:6:\"height\";i:150;s:9:\"mime-type\";s:10:\"image\/jpeg\";s:8:\"filesize\";i:3044;}s:12:\"medium_large\";a:5:{s:4:\"file\";s:74:\"mixkit-look-of-a-woman-with-winter-blue-makeup-39868_13_layer-768x432.jpeg\";s:5:\"width\";i:768;s:6:\"height\";i:432;s:9:\"mime-type\";s:10:\"image\/jpeg\";s:8:\"filesize\";i:20255;}s:9:\"1536x1536\";a:5:{s:4:\"file\";s:75:\"mixkit-look-of-a-woman-with-winter-blue-makeup-39868_13_layer-1536x864.jpeg\";s:5:\"width\";i:1536;s:6:\"height\";i:864;s:9:\"mime-type\";s:10:\"image\/jpeg\";s:8:\"filesize\";i:59190;}s:15:\"gt3theme_mobile\";a:5:{s:4:\"file\";s:74:\"mixkit-look-of-a-woman-with-winter-blue-makeup-39868_13_layer-480x270.jpeg\";s:5:\"width\";i:480;s:6:\"height\";i:270;s:9:\"mime-type\";s:10:\"image\/jpeg\";s:8:\"filesize\";i:10468;}s:21:\"woocommerce_thumbnail\";a:6:{s:4:\"file\";s:74:\"mixkit-look-of-a-woman-with-winter-blue-makeup-39868_13_layer-300x300.jpeg\";s:5:\"width\";i:300;s:6:\"height\";i:300;s:9:\"mime-type\";s:10:\"image\/jpeg\";s:8:\"filesize\";i:7432;s:9:\"uncropped\";b:0;}s:18:\"woocommerce_single\";a:5:{s:4:\"file\";s:74:\"mixkit-look-of-a-woman-with-winter-blue-makeup-39868_13_layer-800x450.jpeg\";s:5:\"width\";i:800;s:6:\"height\";i:450;s:9:\"mime-type\";s:10:\"image\/jpeg\";s:8:\"filesize\";i:21974;}s:29:\"woocommerce_gallery_thumbnail\";a:5:{s:4:\"file\";s:74:\"mixkit-look-of-a-woman-with-winter-blue-makeup-39868_13_layer-400x400.jpeg\";s:5:\"width\";i:400;s:6:\"height\";i:400;s:9:\"mime-type\";s:10:\"image\/jpeg\";s:8:\"filesize\";i:10854;}s:29:\"variation_swatches_image_size\";a:5:{s:4:\"file\";s:72:\"mixkit-look-of-a-woman-with-winter-blue-makeup-39868_13_layer-50x50.jpeg\";s:5:\"width\";i:50;s:6:\"height\";i:50;s:9:\"mime-type\";s:10:\"image\/jpeg\";s:8:\"filesize\";i:1013;}s:31:\"variation_swatches_tooltip_size\";a:5:{s:4:\"file\";s:74:\"mixkit-look-of-a-woman-with-winter-blue-makeup-39868_13_layer-100x100.jpeg\";s:5:\"width\";i:100;s:6:\"height\";i:100;s:9:\"mime-type\";s:10:\"image\/jpeg\";s:8:\"filesize\";i:1925;}}s:10:\"image_meta\";a:12:{s:8:\"aperture\";s:1:\"0\";s:6:\"credit\";s:0:\"\";s:6:\"camera\";s:0:\"\";s:7:\"caption\";s:0:\"\";s:17:\"created_timestamp\";s:1:\"0\";s:9:\"copyright\";s:0:\"\";s:12:\"focal_length\";s:1:\"0\";s:3:\"iso\";s:1:\"0\";s:13:\"shutter_speed\";s:1:\"0\";s:5:\"title\";s:0:\"\";s:11:\"orientation\";s:1:\"0\";s:8:\"keywords\";a:0:{}}}"}],"comments":[],"media":[],"attachment_url":"https:\/\/livewp.site\/wp\/md\/ewebot\/wp-content\/uploads\/sites\/64\/revslider\/video-media\/mixkit-look-of-a-woman-with-winter-blue-makeup-39868_13_layer.jpeg"}