{"post_title":"","guid":"https:\/\/livewp.site\/wp\/md\/ewebot\/home-motion\/home_motion_icon3\/","post_author":"","post_content":"","post_excerpt":"","post_id":11325,"pubDate":"Sun, 28 Aug 2022 20:19:24 +0000","post_date":"2022-08-28 20:19:24","post_date_gmt":"2022-08-28 20:19:24","comment_status":"open","ping_status":"closed","post_name":"home_motion_icon3","status":"inherit","post_parent":11159,"menu_order":0,"post_type":"attachment","post_password":"","is_sticky":0,"terms":[],"postmeta":[{"meta_key":"_wp_attached_file","meta_value":"2022\/08\/home_motion_icon3.png"},{"meta_key":"_wp_attachment_metadata","meta_value":"a:6:{s:5:\"width\";i:140;s:6:\"height\";i:128;s:4:\"file\";s:29:\"2022\/08\/home_motion_icon3.png\";s:8:\"filesize\";i:7216;s:5:\"sizes\";a:2:{s:29:\"variation_swatches_image_size\";a:5:{s:4:\"file\";s:27:\"home_motion_icon3-50x50.png\";s:5:\"width\";i:50;s:6:\"height\";i:50;s:9:\"mime-type\";s:9:\"image\/png\";s:8:\"filesize\";i:2803;}s:31:\"variation_swatches_tooltip_size\";a:5:{s:4:\"file\";s:29:\"home_motion_icon3-100x100.png\";s:5:\"width\";i:100;s:6:\"height\";i:100;s:9:\"mime-type\";s:9:\"image\/png\";s:8:\"filesize\";i:6525;}}s:10:\"image_meta\";a:12:{s:8:\"aperture\";s:1:\"0\";s:6:\"credit\";s:0:\"\";s:6:\"camera\";s:0:\"\";s:7:\"caption\";s:0:\"\";s:17:\"created_timestamp\";s:1:\"0\";s:9:\"copyright\";s:0:\"\";s:12:\"focal_length\";s:1:\"0\";s:3:\"iso\";s:1:\"0\";s:13:\"shutter_speed\";s:1:\"0\";s:5:\"title\";s:0:\"\";s:11:\"orientation\";s:1:\"0\";s:8:\"keywords\";a:0:{}}}"}],"comments":[],"media":[],"attachment_url":"https:\/\/livewp.site\/wp\/md\/ewebot\/wp-content\/uploads\/sites\/64\/2022\/08\/home_motion_icon3.png"}