{"post_title":"","guid":"https:\/\/livewp.site\/wp\/md\/ewebot\/home-motion\/home_motion_bg1\/","post_author":"","post_content":"","post_excerpt":"","post_id":11407,"pubDate":"Sun, 28 Aug 2022 21:15:08 +0000","post_date":"2022-08-28 21:15:08","post_date_gmt":"2022-08-28 21:15:08","comment_status":"open","ping_status":"closed","post_name":"home_motion_bg1","status":"inherit","post_parent":11159,"menu_order":0,"post_type":"attachment","post_password":"","is_sticky":0,"terms":[],"postmeta":[{"meta_key":"_wp_attached_file","meta_value":"2022\/08\/home_motion_bg1.png"},{"meta_key":"_wp_attachment_metadata","meta_value":"a:6:{s:5:\"width\";i:410;s:6:\"height\";i:680;s:4:\"file\";s:27:\"2022\/08\/home_motion_bg1.png\";s:8:\"filesize\";i:9126;s:5:\"sizes\";a:6:{s:6:\"medium\";a:5:{s:4:\"file\";s:27:\"home_motion_bg1-181x300.png\";s:5:\"width\";i:181;s:6:\"height\";i:300;s:9:\"mime-type\";s:9:\"image\/png\";s:8:\"filesize\";i:4837;}s:9:\"thumbnail\";a:5:{s:4:\"file\";s:27:\"home_motion_bg1-150x150.png\";s:5:\"width\";i:150;s:6:\"height\";i:150;s:9:\"mime-type\";s:9:\"image\/png\";s:8:\"filesize\";i:2116;}s:21:\"woocommerce_thumbnail\";a:6:{s:4:\"file\";s:27:\"home_motion_bg1-300x300.png\";s:5:\"width\";i:300;s:6:\"height\";i:300;s:9:\"mime-type\";s:9:\"image\/png\";s:8:\"filesize\";i:4578;s:9:\"uncropped\";b:0;}s:29:\"woocommerce_gallery_thumbnail\";a:5:{s:4:\"file\";s:27:\"home_motion_bg1-400x400.png\";s:5:\"width\";i:400;s:6:\"height\";i:400;s:9:\"mime-type\";s:9:\"image\/png\";s:8:\"filesize\";i:6258;}s:29:\"variation_swatches_image_size\";a:5:{s:4:\"file\";s:25:\"home_motion_bg1-50x50.png\";s:5:\"width\";i:50;s:6:\"height\";i:50;s:9:\"mime-type\";s:9:\"image\/png\";s:8:\"filesize\";i:725;}s:31:\"variation_swatches_tooltip_size\";a:5:{s:4:\"file\";s:27:\"home_motion_bg1-100x100.png\";s:5:\"width\";i:100;s:6:\"height\";i:100;s:9:\"mime-type\";s:9:\"image\/png\";s:8:\"filesize\";i:1409;}}s:10:\"image_meta\";a:12:{s:8:\"aperture\";s:1:\"0\";s:6:\"credit\";s:0:\"\";s:6:\"camera\";s:0:\"\";s:7:\"caption\";s:0:\"\";s:17:\"created_timestamp\";s:1:\"0\";s:9:\"copyright\";s:0:\"\";s:12:\"focal_length\";s:1:\"0\";s:3:\"iso\";s:1:\"0\";s:13:\"shutter_speed\";s:1:\"0\";s:5:\"title\";s:0:\"\";s:11:\"orientation\";s:1:\"0\";s:8:\"keywords\";a:0:{}}}"}],"comments":[],"media":[],"attachment_url":"https:\/\/livewp.site\/wp\/md\/ewebot\/wp-content\/uploads\/sites\/64\/2022\/08\/home_motion_bg1.png"}