{"post_title":"","guid":"https:\/\/livewp.site\/wp\/md\/ewebot\/home-motion\/motion_zazzle\/","post_author":"","post_content":"","post_excerpt":"","post_id":11473,"pubDate":"Tue, 30 Aug 2022 21:08:16 +0000","post_date":"2022-08-30 21:08:16","post_date_gmt":"2022-08-30 21:08:16","comment_status":"open","ping_status":"closed","post_name":"motion_zazzle","status":"inherit","post_parent":11159,"menu_order":0,"post_type":"attachment","post_password":"","is_sticky":0,"terms":[],"postmeta":[{"meta_key":"_wp_attached_file","meta_value":"2022\/08\/motion_zazzle.png"},{"meta_key":"_wp_attachment_metadata","meta_value":"a:6:{s:5:\"width\";i:332;s:6:\"height\";i:54;s:4:\"file\";s:25:\"2022\/08\/motion_zazzle.png\";s:8:\"filesize\";i:4773;s:5:\"sizes\";a:5:{s:6:\"medium\";a:5:{s:4:\"file\";s:24:\"motion_zazzle-300x49.png\";s:5:\"width\";i:300;s:6:\"height\";i:49;s:9:\"mime-type\";s:9:\"image\/png\";s:8:\"filesize\";i:6474;}s:9:\"thumbnail\";a:5:{s:4:\"file\";s:24:\"motion_zazzle-150x54.png\";s:5:\"width\";i:150;s:6:\"height\";i:54;s:9:\"mime-type\";s:9:\"image\/png\";s:8:\"filesize\";i:2536;}s:21:\"woocommerce_thumbnail\";a:6:{s:4:\"file\";s:24:\"motion_zazzle-300x54.png\";s:5:\"width\";i:300;s:6:\"height\";i:54;s:9:\"mime-type\";s:9:\"image\/png\";s:8:\"filesize\";i:5284;s:9:\"uncropped\";b:0;}s:29:\"variation_swatches_image_size\";a:5:{s:4:\"file\";s:23:\"motion_zazzle-50x50.png\";s:5:\"width\";i:50;s:6:\"height\";i:50;s:9:\"mime-type\";s:9:\"image\/png\";s:8:\"filesize\";i:1128;}s:31:\"variation_swatches_tooltip_size\";a:5:{s:4:\"file\";s:24:\"motion_zazzle-100x54.png\";s:5:\"width\";i:100;s:6:\"height\";i:54;s:9:\"mime-type\";s:9:\"image\/png\";s:8:\"filesize\";i:1577;}}s:10:\"image_meta\";a:12:{s:8:\"aperture\";s:1:\"0\";s:6:\"credit\";s:0:\"\";s:6:\"camera\";s:0:\"\";s:7:\"caption\";s:0:\"\";s:17:\"created_timestamp\";s:1:\"0\";s:9:\"copyright\";s:0:\"\";s:12:\"focal_length\";s:1:\"0\";s:3:\"iso\";s:1:\"0\";s:13:\"shutter_speed\";s:1:\"0\";s:5:\"title\";s:0:\"\";s:11:\"orientation\";s:1:\"0\";s:8:\"keywords\";a:0:{}}}"}],"comments":[],"media":[],"attachment_url":"https:\/\/livewp.site\/wp\/md\/ewebot\/wp-content\/uploads\/sites\/64\/2022\/08\/motion_zazzle.png"}