{"post_title":"","guid":"https:\/\/livewp.site\/wp\/md\/ewebot\/home-motion\/motion_myob\/","post_author":"","post_content":"","post_excerpt":"","post_id":11470,"pubDate":"Tue, 30 Aug 2022 21:08:14 +0000","post_date":"2022-08-30 21:08:14","post_date_gmt":"2022-08-30 21:08:14","comment_status":"open","ping_status":"closed","post_name":"motion_myob","status":"inherit","post_parent":11159,"menu_order":0,"post_type":"attachment","post_password":"","is_sticky":0,"terms":[],"postmeta":[{"meta_key":"_wp_attached_file","meta_value":"2022\/08\/motion_myob.png"},{"meta_key":"_wp_attachment_metadata","meta_value":"a:6:{s:5:\"width\";i:228;s:6:\"height\";i:94;s:4:\"file\";s:23:\"2022\/08\/motion_myob.png\";s:8:\"filesize\";i:10677;s:5:\"sizes\";a:3:{s:9:\"thumbnail\";a:5:{s:4:\"file\";s:22:\"motion_myob-150x94.png\";s:5:\"width\";i:150;s:6:\"height\";i:94;s:9:\"mime-type\";s:9:\"image\/png\";s:8:\"filesize\";i:6706;}s:29:\"variation_swatches_image_size\";a:5:{s:4:\"file\";s:21:\"motion_myob-50x50.png\";s:5:\"width\";i:50;s:6:\"height\";i:50;s:9:\"mime-type\";s:9:\"image\/png\";s:8:\"filesize\";i:2217;}s:31:\"variation_swatches_tooltip_size\";a:5:{s:4:\"file\";s:22:\"motion_myob-100x94.png\";s:5:\"width\";i:100;s:6:\"height\";i:94;s:9:\"mime-type\";s:9:\"image\/png\";s:8:\"filesize\";i:4899;}}s:10:\"image_meta\";a:12:{s:8:\"aperture\";s:1:\"0\";s:6:\"credit\";s:0:\"\";s:6:\"camera\";s:0:\"\";s:7:\"caption\";s:0:\"\";s:17:\"created_timestamp\";s:1:\"0\";s:9:\"copyright\";s:0:\"\";s:12:\"focal_length\";s:1:\"0\";s:3:\"iso\";s:1:\"0\";s:13:\"shutter_speed\";s:1:\"0\";s:5:\"title\";s:0:\"\";s:11:\"orientation\";s:1:\"0\";s:8:\"keywords\";a:0:{}}}"}],"comments":[],"media":[],"attachment_url":"https:\/\/livewp.site\/wp\/md\/ewebot\/wp-content\/uploads\/sites\/64\/2022\/08\/motion_myob.png"}