{"post_title":"","guid":"https:\/\/livewp.site\/wp\/md\/ewebot\/amazing-natural-light-portraits-in-a-garage\/amazing_post\/","post_author":"","post_content":"","post_excerpt":"","post_id":11583,"pubDate":"Fri, 02 Sep 2022 11:46:33 +0000","post_date":"2022-09-02 11:46:33","post_date_gmt":"2022-09-02 11:46:33","comment_status":"open","ping_status":"closed","post_name":"amazing_post","status":"inherit","post_parent":11582,"menu_order":0,"post_type":"attachment","post_password":"","is_sticky":0,"terms":[],"postmeta":[{"meta_key":"_wp_attached_file","meta_value":"2022\/09\/amazing_post.jpg"},{"meta_key":"_wp_attachment_metadata","meta_value":"a:6:{s:5:\"width\";i:720;s:6:\"height\";i:818;s:4:\"file\";s:24:\"2022\/09\/amazing_post.jpg\";s:8:\"filesize\";i:108901;s:5:\"sizes\";a:7:{s:6:\"medium\";a:5:{s:4:\"file\";s:24:\"amazing_post-264x300.jpg\";s:5:\"width\";i:264;s:6:\"height\";i:300;s:9:\"mime-type\";s:10:\"image\/jpeg\";s:8:\"filesize\";i:17206;}s:9:\"thumbnail\";a:5:{s:4:\"file\";s:24:\"amazing_post-150x150.jpg\";s:5:\"width\";i:150;s:6:\"height\";i:150;s:9:\"mime-type\";s:10:\"image\/jpeg\";s:8:\"filesize\";i:7131;}s:15:\"gt3theme_mobile\";a:5:{s:4:\"file\";s:24:\"amazing_post-480x545.jpg\";s:5:\"width\";i:480;s:6:\"height\";i:545;s:9:\"mime-type\";s:10:\"image\/jpeg\";s:8:\"filesize\";i:41813;}s:21:\"woocommerce_thumbnail\";a:6:{s:4:\"file\";s:24:\"amazing_post-300x300.jpg\";s:5:\"width\";i:300;s:6:\"height\";i:300;s:9:\"mime-type\";s:10:\"image\/jpeg\";s:8:\"filesize\";i:18693;s:9:\"uncropped\";b:0;}s:29:\"woocommerce_gallery_thumbnail\";a:5:{s:4:\"file\";s:24:\"amazing_post-400x400.jpg\";s:5:\"width\";i:400;s:6:\"height\";i:400;s:9:\"mime-type\";s:10:\"image\/jpeg\";s:8:\"filesize\";i:28037;}s:29:\"variation_swatches_image_size\";a:5:{s:4:\"file\";s:22:\"amazing_post-50x50.jpg\";s:5:\"width\";i:50;s:6:\"height\";i:50;s:9:\"mime-type\";s:10:\"image\/jpeg\";s:8:\"filesize\";i:1713;}s:31:\"variation_swatches_tooltip_size\";a:5:{s:4:\"file\";s:24:\"amazing_post-100x100.jpg\";s:5:\"width\";i:100;s:6:\"height\";i:100;s:9:\"mime-type\";s:10:\"image\/jpeg\";s:8:\"filesize\";i:4071;}}s:10:\"image_meta\";a:12:{s:8:\"aperture\";s:1:\"0\";s:6:\"credit\";s:0:\"\";s:6:\"camera\";s:0:\"\";s:7:\"caption\";s:0:\"\";s:17:\"created_timestamp\";s:1:\"0\";s:9:\"copyright\";s:0:\"\";s:12:\"focal_length\";s:1:\"0\";s:3:\"iso\";s:1:\"0\";s:13:\"shutter_speed\";s:1:\"0\";s:5:\"title\";s:0:\"\";s:11:\"orientation\";s:1:\"0\";s:8:\"keywords\";a:0:{}}}"}],"comments":[],"media":[],"attachment_url":"https:\/\/livewp.site\/wp\/md\/ewebot\/wp-content\/uploads\/sites\/64\/2022\/09\/amazing_post.jpg"}