{"post_title":"","guid":"https:\/\/livewp.site\/wp\/md\/ewebot\/share-your-images-be-featured\/rendering_post\/","post_author":"","post_content":"","post_excerpt":"","post_id":11606,"pubDate":"Fri, 02 Sep 2022 12:28:17 +0000","post_date":"2022-09-02 12:28:17","post_date_gmt":"2022-09-02 12:28:17","comment_status":"open","ping_status":"closed","post_name":"rendering_post","status":"inherit","post_parent":11604,"menu_order":0,"post_type":"attachment","post_password":"","is_sticky":0,"terms":[],"postmeta":[{"meta_key":"_wp_attached_file","meta_value":"2022\/09\/rendering_post.jpg"},{"meta_key":"_wp_attachment_metadata","meta_value":"a:6:{s:5:\"width\";i:746;s:6:\"height\";i:846;s:4:\"file\";s:26:\"2022\/09\/rendering_post.jpg\";s:8:\"filesize\";i:159778;s:5:\"sizes\";a:7:{s:6:\"medium\";a:5:{s:4:\"file\";s:26:\"rendering_post-265x300.jpg\";s:5:\"width\";i:265;s:6:\"height\";i:300;s:9:\"mime-type\";s:10:\"image\/jpeg\";s:8:\"filesize\";i:21883;}s:9:\"thumbnail\";a:5:{s:4:\"file\";s:26:\"rendering_post-150x150.jpg\";s:5:\"width\";i:150;s:6:\"height\";i:150;s:9:\"mime-type\";s:10:\"image\/jpeg\";s:8:\"filesize\";i:8206;}s:15:\"gt3theme_mobile\";a:5:{s:4:\"file\";s:26:\"rendering_post-480x544.jpg\";s:5:\"width\";i:480;s:6:\"height\";i:544;s:9:\"mime-type\";s:10:\"image\/jpeg\";s:8:\"filesize\";i:53761;}s:21:\"woocommerce_thumbnail\";a:6:{s:4:\"file\";s:26:\"rendering_post-300x300.jpg\";s:5:\"width\";i:300;s:6:\"height\";i:300;s:9:\"mime-type\";s:10:\"image\/jpeg\";s:8:\"filesize\";i:23417;s:9:\"uncropped\";b:0;}s:29:\"woocommerce_gallery_thumbnail\";a:5:{s:4:\"file\";s:26:\"rendering_post-400x400.jpg\";s:5:\"width\";i:400;s:6:\"height\";i:400;s:9:\"mime-type\";s:10:\"image\/jpeg\";s:8:\"filesize\";i:35982;}s:29:\"variation_swatches_image_size\";a:5:{s:4:\"file\";s:24:\"rendering_post-50x50.jpg\";s:5:\"width\";i:50;s:6:\"height\";i:50;s:9:\"mime-type\";s:10:\"image\/jpeg\";s:8:\"filesize\";i:1677;}s:31:\"variation_swatches_tooltip_size\";a:5:{s:4:\"file\";s:26:\"rendering_post-100x100.jpg\";s:5:\"width\";i:100;s:6:\"height\";i:100;s:9:\"mime-type\";s:10:\"image\/jpeg\";s:8:\"filesize\";i:4576;}}s:10:\"image_meta\";a:12:{s:8:\"aperture\";s:1:\"0\";s:6:\"credit\";s:0:\"\";s:6:\"camera\";s:0:\"\";s:7:\"caption\";s:0:\"\";s:17:\"created_timestamp\";s:1:\"0\";s:9:\"copyright\";s:0:\"\";s:12:\"focal_length\";s:1:\"0\";s:3:\"iso\";s:1:\"0\";s:13:\"shutter_speed\";s:1:\"0\";s:5:\"title\";s:0:\"\";s:11:\"orientation\";s:1:\"0\";s:8:\"keywords\";a:0:{}}}"}],"comments":[],"media":[],"attachment_url":"https:\/\/livewp.site\/wp\/md\/ewebot\/wp-content\/uploads\/sites\/64\/2022\/09\/rendering_post.jpg"}