{"post_title":"","guid":"https:\/\/livewp.site\/wp\/md\/ewebot\/home-motion\/motion_testimonials_bg\/","post_author":"","post_content":"","post_excerpt":"","post_id":11660,"pubDate":"Fri, 02 Sep 2022 14:09:25 +0000","post_date":"2022-09-02 14:09:25","post_date_gmt":"2022-09-02 14:09:25","comment_status":"open","ping_status":"closed","post_name":"motion_testimonials_bg","status":"inherit","post_parent":11159,"menu_order":0,"post_type":"attachment","post_password":"","is_sticky":0,"terms":[],"postmeta":[{"meta_key":"_wp_attached_file","meta_value":"2022\/09\/motion_testimonials_bg.jpg"},{"meta_key":"_wp_attachment_metadata","meta_value":"a:6:{s:5:\"width\";i:1920;s:6:\"height\";i:650;s:4:\"file\";s:34:\"2022\/09\/motion_testimonials_bg.jpg\";s:8:\"filesize\";i:104126;s:5:\"sizes\";a:11:{s:6:\"medium\";a:5:{s:4:\"file\";s:34:\"motion_testimonials_bg-300x102.jpg\";s:5:\"width\";i:300;s:6:\"height\";i:102;s:9:\"mime-type\";s:10:\"image\/jpeg\";s:8:\"filesize\";i:5426;}s:5:\"large\";a:5:{s:4:\"file\";s:35:\"motion_testimonials_bg-1024x347.jpg\";s:5:\"width\";i:1024;s:6:\"height\";i:347;s:9:\"mime-type\";s:10:\"image\/jpeg\";s:8:\"filesize\";i:32541;}s:9:\"thumbnail\";a:5:{s:4:\"file\";s:34:\"motion_testimonials_bg-150x150.jpg\";s:5:\"width\";i:150;s:6:\"height\";i:150;s:9:\"mime-type\";s:10:\"image\/jpeg\";s:8:\"filesize\";i:3440;}s:12:\"medium_large\";a:5:{s:4:\"file\";s:34:\"motion_testimonials_bg-768x260.jpg\";s:5:\"width\";i:768;s:6:\"height\";i:260;s:9:\"mime-type\";s:10:\"image\/jpeg\";s:8:\"filesize\";i:21394;}s:9:\"1536x1536\";a:5:{s:4:\"file\";s:35:\"motion_testimonials_bg-1536x520.jpg\";s:5:\"width\";i:1536;s:6:\"height\";i:520;s:9:\"mime-type\";s:10:\"image\/jpeg\";s:8:\"filesize\";i:58046;}s:15:\"gt3theme_mobile\";a:5:{s:4:\"file\";s:34:\"motion_testimonials_bg-480x163.jpg\";s:5:\"width\";i:480;s:6:\"height\";i:163;s:9:\"mime-type\";s:10:\"image\/jpeg\";s:8:\"filesize\";i:10834;}s:21:\"woocommerce_thumbnail\";a:6:{s:4:\"file\";s:34:\"motion_testimonials_bg-300x300.jpg\";s:5:\"width\";i:300;s:6:\"height\";i:300;s:9:\"mime-type\";s:10:\"image\/jpeg\";s:8:\"filesize\";i:9219;s:9:\"uncropped\";b:0;}s:18:\"woocommerce_single\";a:5:{s:4:\"file\";s:34:\"motion_testimonials_bg-800x271.jpg\";s:5:\"width\";i:800;s:6:\"height\";i:271;s:9:\"mime-type\";s:10:\"image\/jpeg\";s:8:\"filesize\";i:22298;}s:29:\"woocommerce_gallery_thumbnail\";a:5:{s:4:\"file\";s:34:\"motion_testimonials_bg-400x400.jpg\";s:5:\"width\";i:400;s:6:\"height\";i:400;s:9:\"mime-type\";s:10:\"image\/jpeg\";s:8:\"filesize\";i:13672;}s:29:\"variation_swatches_image_size\";a:5:{s:4:\"file\";s:32:\"motion_testimonials_bg-50x50.jpg\";s:5:\"width\";i:50;s:6:\"height\";i:50;s:9:\"mime-type\";s:10:\"image\/jpeg\";s:8:\"filesize\";i:1006;}s:31:\"variation_swatches_tooltip_size\";a:5:{s:4:\"file\";s:34:\"motion_testimonials_bg-100x100.jpg\";s:5:\"width\";i:100;s:6:\"height\";i:100;s:9:\"mime-type\";s:10:\"image\/jpeg\";s:8:\"filesize\";i:2079;}}s:10:\"image_meta\";a:12:{s:8:\"aperture\";s:1:\"0\";s:6:\"credit\";s:0:\"\";s:6:\"camera\";s:0:\"\";s:7:\"caption\";s:0:\"\";s:17:\"created_timestamp\";s:1:\"0\";s:9:\"copyright\";s:0:\"\";s:12:\"focal_length\";s:1:\"0\";s:3:\"iso\";s:1:\"0\";s:13:\"shutter_speed\";s:1:\"0\";s:5:\"title\";s:0:\"\";s:11:\"orientation\";s:1:\"0\";s:8:\"keywords\";a:0:{}}}"}],"comments":[],"media":[],"attachment_url":"https:\/\/livewp.site\/wp\/md\/ewebot\/wp-content\/uploads\/sites\/64\/2022\/09\/motion_testimonials_bg.jpg"}