{"post_title":"Footer Motion","guid":"https:\/\/livewp.site\/wp\/md\/ewebot\/?elementor_library=footer-motion","post_author":"","post_content":"<h2>Quick Links<\/h2>\t\t\n\t\t\t<nav>\n\t\t\t\t<ul id=\"menu-quick-links\"><li id=\"menu-item-1517\"><a href=\"https:\/\/livewp.site\/wp\/md\/ewebot\/home-02\/\">Home<\/a><\/li>\n<li id=\"menu-item-1518\"><a href=\"https:\/\/livewp.site\/wp\/md\/ewebot\/about-us\/\">About Us<\/a><\/li>\n<li id=\"menu-item-1519\"><a href=\"https:\/\/livewp.site\/wp\/md\/ewebot\/services\/\">Main Services<\/a><\/li>\n<li id=\"menu-item-1490\"><a href=\"https:\/\/livewp.site\/wp\/md\/ewebot\/pricing-plans\/\">Pricing<\/a><\/li>\n<li id=\"menu-item-1491\"><a href=\"https:\/\/livewp.site\/wp\/md\/ewebot\/our-case-studies\/\">Our Cases<\/a><\/li>\n<\/ul>\t\t\t<\/nav>\n\t\t\t<h2>Services<\/h2>\t\t\n\t\t\t<nav>\n\t\t\t\t<ul id=\"menu-motion-services\"><li id=\"menu-item-11756\"><a href=\"#\">Search Engine Marketing<\/a><\/li>\n<li id=\"menu-item-11757\"><a href=\"#\">Search Engine Optimisation<\/a><\/li>\n<li id=\"menu-item-11758\"><a href=\"#\">Pay Per Click<\/a><\/li>\n<li id=\"menu-item-11759\"><a href=\"#\">Social Media<\/a><\/li>\n<li id=\"menu-item-11760\"><a href=\"#\">Technical SEO Audit<\/a><\/li>\n<\/ul>\t\t\t<\/nav>\n\t\t\t<h2>Community<\/h2>\t\t\n\t\t\t<nav>\n\t\t\t\t<ul id=\"menu-community\"><li id=\"menu-item-4119\"><a href=\"#\">Our Product<\/a><\/li>\n<li id=\"menu-item-4120\"><a href=\"#\">Documentation<\/a><\/li>\n<li id=\"menu-item-4121\"><a href=\"#\">Our Services<\/a><\/li>\n<li id=\"menu-item-4122\"><a href=\"#\">Company<\/a><\/li>\n<li id=\"menu-item-4123\"><a href=\"#\">What We Do?<\/a><\/li>\n<\/ul>\t\t\t<\/nav>\n\t\t\t<h2>Get In Touch<\/h2>\t\t\n\t\t<p><a href=\"tel:88002534236\">8 800 2534 236<\/a><\/p><a href=\"mailto:email@yoursite.com\">email@yoursite.com<\/a>\t\t\n\t\t\t\t\t<a href=\"#\" target=\"_blank\" rel=\"noopener\">\n\t\t\t\t\t\tTwitter\n\t\t\t\t\t\t\t\t\t\t\t<\/a>\n\t\t\t\t\t<a href=\"#\" target=\"_blank\" rel=\"noopener\">\n\t\t\t\t\t\tFacebook-f\n\t\t\t\t\t\t\t\t\t\t\t<\/a>\n\t\t\t\t\t<a href=\"#\" target=\"_blank\" rel=\"noopener\">\n\t\t\t\t\t\tGoogle-plus-g\n\t\t\t\t\t\t\t\t\t\t\t<\/a>\n\t\t\t\t\t<a href=\"#\" target=\"_blank\" rel=\"noopener\">\n\t\t\t\t\t\tPinterest-p\n\t\t\t\t\t\t\t\t\t\t\t<\/a>\n\t\t\t\t\t<a href=\"#\" target=\"_blank\" rel=\"noopener\">\n\t\t\t\t\t\tLinkedin-in\n\t\t\t\t\t\t\t\t\t\t\t<\/a>\n\t\t\t<h2>Sign up now & get 15 off<\/h2>\t\t\n\t\t<p>Be the first to know about our new arrivals and exclusive offers.<\/p>[mc4wp_form id=\"9431\"]<p>\u00a9 2022 \u2014 Ewebot by GT3Themes. All Rights Reserved.<\/p>","post_excerpt":"","post_id":11738,"pubDate":"Sat, 03 Sep 2022 18:25:19 +0000","post_date":"2022-09-03 18:25:19","post_date_gmt":"2022-09-03 18:25:19","comment_status":"closed","ping_status":"closed","post_name":"footer-motion","status":"publish","post_parent":0,"menu_order":0,"post_type":"elementor_library","post_password":"","is_sticky":0,"terms":[61],"postmeta":[{"meta_key":"_elementor_edit_mode","meta_value":"builder"},{"meta_key":"_elementor_template_type","meta_value":"wpda-footer"},{"meta_key":"_elementor_version","meta_value":"3.7.4"},{"meta_key":"_edit_lock","meta_value":"1662237260:3"},{"meta_key":"_wp_page_template","meta_value":"default"},{"meta_key":"_elementor_data","meta_value":"[{\"id\":\"74a55b6\",\"elType\":\"section\",\"settings\":{\"background_background\":\"classic\",\"background_position\":\"center center\",\"background_repeat\":\"no-repeat\",\"background_size\":\"cover\",\"background_color\":\"#122438\",\"padding\":{\"unit\":\"px\",\"top\":\"40\",\"right\":\"0\",\"bottom\":\"0\",\"left\":\"0\",\"isLinked\":false},\"padding_mobile\":{\"unit\":\"px\",\"top\":\"42\",\"right\":\"20\",\"bottom\":\"0\",\"left\":\"20\",\"isLinked\":false},\"margin\":{\"unit\":\"px\",\"top\":\"-1\",\"right\":0,\"bottom\":\"0\",\"left\":0,\"isLinked\":false}},\"elements\":[{\"id\":\"685a7c9\",\"elType\":\"column\",\"settings\":{\"_column_size\":\"100\",\"gt3_carousel_nav_prev\":\"Prev\",\"gt3_carousel_nav_next\":\"Next\",\"space_between_widgets\":\"0\",\"space_between_widgets_mobile\":\"0\",\"padding\":{\"unit\":\"px\",\"top\":\"0\",\"right\":\"0\",\"bottom\":\"0\",\"left\":\"0\",\"isLinked\":true}},\"elements\":[{\"id\":\"818927a\",\"elType\":\"section\",\"settings\":{\"structure\":\"40\",\"heading_color\":\"#FFFFFF\",\"color_text\":\"#F0F0F0\",\"color_link\":\"#F0F0F0\",\"color_link_hover\":\"#F47514\",\"padding\":{\"unit\":\"px\",\"top\":\"0\",\"right\":\"0\",\"bottom\":\"16\",\"left\":\"0\",\"isLinked\":\"\"},\"gap\":\"extended\"},\"elements\":[{\"id\":\"c7b9b71\",\"elType\":\"column\",\"settings\":{\"_column_size\":\"25\",\"gt3_carousel_nav_prev\":\"Prev\",\"gt3_carousel_nav_next\":\"Next\",\"space_between_widgets\":\"0\"},\"elements\":[{\"id\":\"1656b17\",\"elType\":\"widget\",\"settings\":{\"space\":{\"unit\":\"px\",\"size\":\"20\",\"sizes\":[]}},\"elements\":[],\"widgetType\":\"spacer\"},{\"id\":\"b4fbb5a\",\"elType\":\"widget\",\"settings\":{\"title\":\"Quick Links\",\"title_color\":\"#FFFFFF\",\"typography_typography\":\"custom\",\"typography_font_family\":\"Manrope\",\"typography_font_size\":{\"unit\":\"px\",\"size\":24,\"sizes\":[]},\"typography_font_weight\":\"700\",\"_margin\":{\"unit\":\"px\",\"top\":\"0\",\"right\":\"0\",\"bottom\":\"6\",\"left\":\"0\",\"isLinked\":false}},\"elements\":[],\"widgetType\":\"heading\"},{\"id\":\"5a74af8\",\"elType\":\"widget\",\"settings\":{\"menu_select\":\"quick-links\",\"align\":\"left\",\"custom_settings\":\"yes\",\"menu_text_color\":\"#8699AD\",\"menu_text_color_active\":\"#FFFFFF\",\"menu_typography_typography\":\"custom\",\"menu_typography_font_weight\":\"500\",\"menu_typography_font_family\":\"Roboto\"},\"elements\":[],\"widgetType\":\"wpda-builder-menu\"}],\"isInner\":\"1\"},{\"id\":\"0fa0a6a\",\"elType\":\"column\",\"settings\":{\"_column_size\":\"25\",\"gt3_carousel_nav_prev\":\"Prev\",\"gt3_carousel_nav_next\":\"Next\",\"space_between_widgets\":\"0\"},\"elements\":[{\"id\":\"f44296f\",\"elType\":\"widget\",\"settings\":{\"space\":{\"unit\":\"px\",\"size\":\"20\",\"sizes\":[]}},\"elements\":[],\"widgetType\":\"spacer\"},{\"id\":\"476a4e1\",\"elType\":\"widget\",\"settings\":{\"title\":\"Services\",\"title_color\":\"#FFFFFF\",\"typography_typography\":\"custom\",\"typography_font_family\":\"Manrope\",\"typography_font_size\":{\"unit\":\"px\",\"size\":24,\"sizes\":[]},\"typography_font_weight\":\"700\",\"_margin\":{\"unit\":\"px\",\"top\":\"0\",\"right\":\"0\",\"bottom\":\"6\",\"left\":\"0\",\"isLinked\":false}},\"elements\":[],\"widgetType\":\"heading\"},{\"id\":\"d4fb020\",\"elType\":\"widget\",\"settings\":{\"menu_select\":\"motion-services\",\"align\":\"left\",\"custom_settings\":\"yes\",\"menu_text_color\":\"#8699AD\",\"menu_text_color_active\":\"#FFFFFF\",\"menu_typography_typography\":\"custom\",\"menu_typography_font_weight\":\"500\",\"menu_typography_font_family\":\"Roboto\"},\"elements\":[],\"widgetType\":\"wpda-builder-menu\"}],\"isInner\":\"1\"},{\"id\":\"99673d7\",\"elType\":\"column\",\"settings\":{\"_column_size\":\"25\",\"gt3_carousel_nav_prev\":\"Prev\",\"gt3_carousel_nav_next\":\"Next\",\"space_between_widgets\":\"0\"},\"elements\":[{\"id\":\"c312b04\",\"elType\":\"widget\",\"settings\":{\"space\":{\"unit\":\"px\",\"size\":\"20\",\"sizes\":[]}},\"elements\":[],\"widgetType\":\"spacer\"},{\"id\":\"eb000af\",\"elType\":\"widget\",\"settings\":{\"title\":\"Community\",\"title_color\":\"#FFFFFF\",\"typography_typography\":\"custom\",\"typography_font_family\":\"Manrope\",\"typography_font_size\":{\"unit\":\"px\",\"size\":24,\"sizes\":[]},\"typography_font_weight\":\"700\",\"_margin\":{\"unit\":\"px\",\"top\":\"0\",\"right\":\"0\",\"bottom\":\"6\",\"left\":\"0\",\"isLinked\":false}},\"elements\":[],\"widgetType\":\"heading\"},{\"id\":\"4d31b3d\",\"elType\":\"widget\",\"settings\":{\"menu_select\":\"community\",\"align\":\"left\",\"custom_settings\":\"yes\",\"menu_text_color\":\"#8699AD\",\"menu_text_color_active\":\"#FFFFFF\",\"menu_typography_typography\":\"custom\",\"menu_typography_font_weight\":\"500\",\"menu_typography_font_family\":\"Roboto\"},\"elements\":[],\"widgetType\":\"wpda-builder-menu\"}],\"isInner\":\"1\"},{\"id\":\"dc075d7\",\"elType\":\"column\",\"settings\":{\"_column_size\":\"25\",\"gt3_carousel_nav_prev\":\"Prev\",\"gt3_carousel_nav_next\":\"Next\",\"space_between_widgets\":\"0\",\"color_text\":\"#8699AD\",\"color_link\":\"#8699AD\",\"color_link_hover\":\"#FFFFFF\"},\"elements\":[{\"id\":\"9a3aa3a\",\"elType\":\"widget\",\"settings\":{\"space\":{\"unit\":\"px\",\"size\":\"20\",\"sizes\":[]}},\"elements\":[],\"widgetType\":\"spacer\"},{\"id\":\"7ad3eca\",\"elType\":\"widget\",\"settings\":{\"title\":\"Get In Touch\",\"title_color\":\"#FFFFFF\",\"typography_typography\":\"custom\",\"typography_font_family\":\"Manrope\",\"typography_font_size\":{\"unit\":\"px\",\"size\":24,\"sizes\":[]},\"typography_font_weight\":\"700\",\"_margin\":{\"unit\":\"px\",\"top\":\"0\",\"right\":\"0\",\"bottom\":\"10\",\"left\":\"0\",\"isLinked\":false}},\"elements\":[],\"widgetType\":\"heading\"},{\"id\":\"14d91e2\",\"elType\":\"widget\",\"settings\":{\"editor\":\"<p><a href=\\\"tel:88002534236\\\">8 800 2534 236<\\\/a><\\\/p>\",\"typography_typography\":\"custom\",\"typography_line_height\":{\"unit\":\"px\",\"size\":27,\"sizes\":[]},\"_margin\":{\"unit\":\"%\",\"top\":\"0\",\"right\":\"0\",\"bottom\":\"0\",\"left\":\"0\",\"isLinked\":false},\"_padding\":{\"unit\":\"px\",\"top\":\"0\",\"right\":\"0\",\"bottom\":\"0\",\"left\":\"0\",\"isLinked\":false},\"typography_font_weight\":\"500\",\"typography_font_family\":\"Roboto\",\"typography_font_size\":{\"unit\":\"px\",\"size\":16,\"sizes\":[]}},\"elements\":[],\"widgetType\":\"text-editor\"},{\"id\":\"685a07b\",\"elType\":\"widget\",\"settings\":{\"editor\":\"<a href=\\\"mailto:email@yoursite.com\\\">email@yoursite.com<\\\/a>\",\"typography_typography\":\"custom\",\"typography_line_height\":{\"unit\":\"px\",\"size\":27,\"sizes\":[]},\"_margin\":{\"unit\":\"%\",\"top\":\"0\",\"right\":\"0\",\"bottom\":\"0\",\"left\":\"0\",\"isLinked\":false},\"_padding\":{\"unit\":\"px\",\"top\":\"0\",\"right\":\"0\",\"bottom\":\"12\",\"left\":\"0\",\"isLinked\":false},\"typography_font_weight\":\"500\",\"typography_font_family\":\"Roboto\",\"typography_font_size\":{\"unit\":\"px\",\"size\":16,\"sizes\":[]}},\"elements\":[],\"widgetType\":\"text-editor\"},{\"id\":\"6d67d1e\",\"elType\":\"widget\",\"settings\":{\"social_icon_list\":[{\"social_icon\":{\"value\":\"fab fa-twitter\",\"library\":\"fa-brands\"},\"_id\":\"91c0e5f\",\"link\":{\"url\":\"#\",\"is_external\":\"true\",\"nofollow\":\"\",\"custom_attributes\":\"\"},\"item_icon_color\":\"custom\"},{\"social_icon\":{\"value\":\"fab fa-facebook-f\",\"library\":\"fa-brands\"},\"_id\":\"5ffa149\",\"link\":{\"url\":\"#\",\"is_external\":\"true\",\"nofollow\":\"\",\"custom_attributes\":\"\"},\"item_icon_color\":\"custom\"},{\"social_icon\":{\"value\":\"fab fa-google-plus-g\",\"library\":\"fa-brands\"},\"link\":{\"url\":\"#\",\"is_external\":\"true\",\"nofollow\":\"\",\"custom_attributes\":\"\"},\"item_icon_color\":\"custom\",\"_id\":\"affb931\"},{\"social_icon\":{\"value\":\"fab fa-pinterest-p\",\"library\":\"fa-brands\"},\"link\":{\"url\":\"#\",\"is_external\":\"true\",\"nofollow\":\"\",\"custom_attributes\":\"\"},\"item_icon_color\":\"custom\",\"_id\":\"473615c\"},{\"social_icon\":{\"value\":\"fab fa-linkedin-in\",\"library\":\"fa-brands\"},\"_id\":\"ababeec\",\"link\":{\"url\":\"#\",\"is_external\":\"true\",\"nofollow\":\"\",\"custom_attributes\":\"\"},\"item_icon_color\":\"custom\"}],\"shape\":\"square\",\"align\":\"left\",\"icon_color\":\"custom\",\"icon_primary_color\":\"#FFFFFF00\",\"icon_secondary_color\":\"#69747F\",\"icon_size\":{\"unit\":\"px\",\"size\":18,\"sizes\":[]},\"icon_padding\":{\"unit\":\"em\",\"size\":\"0\",\"sizes\":[]},\"icon_spacing\":{\"unit\":\"px\",\"size\":\"20\",\"sizes\":[]},\"hover_secondary_color\":\"#FFFFFF\",\"_margin\":{\"unit\":\"px\",\"top\":\"0\",\"right\":\"0\",\"bottom\":\"0\",\"left\":\"0\",\"isLinked\":false}},\"elements\":[],\"widgetType\":\"social-icons\"}],\"isInner\":\"1\"}],\"isInner\":\"1\"},{\"id\":\"e6a4c13\",\"elType\":\"section\",\"settings\":[],\"elements\":[{\"id\":\"6cc099b\",\"elType\":\"column\",\"settings\":{\"_column_size\":100,\"_inline_size_tablet\":\"100\",\"gt3_carousel_nav_prev\":\"Prev\",\"gt3_carousel_nav_next\":\"Next\",\"margin\":{\"unit\":\"px\",\"top\":\"0\",\"right\":\"0\",\"bottom\":\"0\",\"left\":\"0\",\"isLinked\":\"\"},\"margin_tablet\":{\"unit\":\"px\",\"top\":\"0\",\"right\":\"0\",\"bottom\":\"0\",\"left\":\"0\",\"isLinked\":\"1\"},\"space_between_widgets\":\"0\",\"_inline_size\":null,\"css_classes\":\"gt3_page_motion_style\"},\"elements\":[{\"id\":\"2505a9f\",\"elType\":\"widget\",\"settings\":{\"title\":\"Sign up now & get 15 off\",\"align\":\"center\",\"typography_typography\":\"custom\",\"typography_font_family\":\"Manrope\",\"typography_font_size\":{\"unit\":\"px\",\"size\":30,\"sizes\":[]},\"typography_font_size_tablet\":{\"unit\":\"px\",\"size\":25,\"sizes\":[]},\"typography_font_weight\":\"700\",\"typography_line_height\":{\"unit\":\"em\",\"size\":1.5,\"sizes\":[]},\"_padding\":{\"unit\":\"px\",\"top\":\"30\",\"right\":\"0\",\"bottom\":\"12\",\"left\":\"0\",\"isLinked\":false},\"title_color\":\"#FFFFFF\"},\"elements\":[],\"widgetType\":\"heading\"},{\"id\":\"120b06a\",\"elType\":\"widget\",\"settings\":{\"editor\":\"<p>Be the first to know about our new arrivals and exclusive offers.<\\\/p>\",\"align\":\"center\",\"_margin\":{\"unit\":\"px\",\"top\":\"0\",\"right\":\"0\",\"bottom\":\"37\",\"left\":\"0\",\"isLinked\":false},\"text_color\":\"#8699AD\",\"typography_typography\":\"custom\",\"typography_font_weight\":\"400\",\"typography_font_size\":{\"unit\":\"px\",\"size\":16,\"sizes\":[]}},\"elements\":[],\"widgetType\":\"text-editor\"},{\"id\":\"f496715\",\"elType\":\"widget\",\"settings\":{\"shortcode\":\"[mc4wp_form id=\\\"9431\\\"]\",\"_css_classes\":\"footer_mc_signup dark_field\",\"_padding\":{\"unit\":\"px\",\"top\":\"0\",\"right\":\"0\",\"bottom\":\"47\",\"left\":\"0\",\"isLinked\":false}},\"elements\":[],\"widgetType\":\"shortcode\"}],\"isInner\":\"1\"}],\"isInner\":\"1\"}],\"isInner\":\"\"}],\"isInner\":\"\"},{\"id\":\"84e8251\",\"elType\":\"section\",\"settings\":{\"background_background\":\"classic\",\"background_color\":\"#122438\",\"border_border\":\"solid\",\"border_width\":{\"unit\":\"px\",\"top\":\"1\",\"right\":\"0\",\"bottom\":\"0\",\"left\":\"0\",\"isLinked\":false},\"border_color\":\"#213245\"},\"elements\":[{\"id\":\"c824a80\",\"elType\":\"column\",\"settings\":{\"_column_size\":100,\"_inline_size\":null,\"gt3_carousel_nav_prev\":\"Prev\",\"gt3_carousel_nav_next\":\"Next\"},\"elements\":[{\"id\":\"d7d4b64\",\"elType\":\"widget\",\"settings\":{\"editor\":\"<p>\\u00a9 2022 \\u2014 Ewebot by GT3Themes. All Rights Reserved.<\\\/p>\",\"typography_typography\":\"custom\",\"typography_font_size\":{\"unit\":\"px\",\"size\":\"14\",\"sizes\":[]},\"typography_line_height\":{\"unit\":\"em\",\"size\":\"1.4\",\"sizes\":[]},\"_margin\":{\"unit\":\"px\",\"top\":\"23\",\"right\":\"0\",\"bottom\":\"23\",\"left\":\"0\",\"isLinked\":\"\"},\"align\":\"center\",\"_padding_mobile\":{\"unit\":\"px\",\"top\":\"0\",\"right\":\"20\",\"bottom\":\"0\",\"left\":\"20\",\"isLinked\":false},\"text_color\":\"#8699AD\",\"typography_font_weight\":\"400\"},\"elements\":[],\"widgetType\":\"text-editor\"}],\"isInner\":false}],\"isInner\":false}]"},{"meta_key":"_elementor_page_assets","meta_value":"a:0:{}"},{"meta_key":"_gt3_usage_shortcodes","meta_value":"{\"mc4wp_form\":1}"}],"comments":[],"media":[]}