{"post_title":"woman-dancing","guid":"https:\/\/livewp.site\/wp\/md\/ewebot\/woman-dancing\/","post_author":"","post_content":"","post_excerpt":"","post_id":11993,"pubDate":"Sun, 11 Sep 2022 10:56:38 +0000","post_date":"2022-09-11 10:56:38","post_date_gmt":"2022-09-11 10:56:38","comment_status":"open","ping_status":"closed","post_name":"woman-dancing","status":"inherit","post_parent":0,"menu_order":0,"post_type":"attachment","post_password":"","is_sticky":0,"terms":[],"postmeta":[{"meta_key":"_wp_attached_file","meta_value":"2022\/09\/woman-dancing.mov"},{"meta_key":"_wp_attachment_metadata","meta_value":"a:10:{s:7:\"bitrate\";i:5511731;s:8:\"filesize\";i:6895126;s:9:\"mime_type\";s:15:\"video\/quicktime\";s:6:\"length\";i:10;s:16:\"length_formatted\";s:4:\"0:10\";s:5:\"width\";i:1920;s:6:\"height\";i:1080;s:10:\"fileformat\";s:3:\"mp4\";s:10:\"dataformat\";s:9:\"quicktime\";s:17:\"created_timestamp\";i:1662893700;}"}],"comments":[],"media":[],"attachment_url":"https:\/\/livewp.site\/wp\/md\/ewebot\/wp-content\/uploads\/sites\/64\/2022\/09\/woman-dancing.mov"}