{"post_title":"","guid":"https:\/\/livewp.site\/wp\/md\/ewebot\/portfolio\/photo-session-with-a-girl\/photo-session-with-a-girl-2\/","post_author":"","post_content":"","post_excerpt":"","post_id":12069,"pubDate":"Thu, 15 Sep 2022 09:33:21 +0000","post_date":"2022-09-15 09:33:21","post_date_gmt":"2022-09-15 09:33:21","comment_status":"open","ping_status":"closed","post_name":"photo-session-with-a-girl-2","status":"inherit","post_parent":11807,"menu_order":0,"post_type":"attachment","post_password":"","is_sticky":0,"terms":[],"postmeta":[{"meta_key":"_wp_attached_file","meta_value":"2022\/09\/photo-session-with-a-girl-1.jpg"},{"meta_key":"_wp_attachment_metadata","meta_value":"a:6:{s:5:\"width\";i:1170;s:6:\"height\";i:732;s:4:\"file\";s:39:\"2022\/09\/photo-session-with-a-girl-1.jpg\";s:8:\"filesize\";i:147901;s:5:\"sizes\";a:10:{s:6:\"medium\";a:5:{s:4:\"file\";s:39:\"photo-session-with-a-girl-1-300x188.jpg\";s:5:\"width\";i:300;s:6:\"height\";i:188;s:9:\"mime-type\";s:10:\"image\/jpeg\";s:8:\"filesize\";i:10097;}s:5:\"large\";a:5:{s:4:\"file\";s:40:\"photo-session-with-a-girl-1-1024x641.jpg\";s:5:\"width\";i:1024;s:6:\"height\";i:641;s:9:\"mime-type\";s:10:\"image\/jpeg\";s:8:\"filesize\";i:82168;}s:9:\"thumbnail\";a:5:{s:4:\"file\";s:39:\"photo-session-with-a-girl-1-150x150.jpg\";s:5:\"width\";i:150;s:6:\"height\";i:150;s:9:\"mime-type\";s:10:\"image\/jpeg\";s:8:\"filesize\";i:4821;}s:12:\"medium_large\";a:5:{s:4:\"file\";s:39:\"photo-session-with-a-girl-1-768x480.jpg\";s:5:\"width\";i:768;s:6:\"height\";i:480;s:9:\"mime-type\";s:10:\"image\/jpeg\";s:8:\"filesize\";i:49247;}s:15:\"gt3theme_mobile\";a:5:{s:4:\"file\";s:39:\"photo-session-with-a-girl-1-480x300.jpg\";s:5:\"width\";i:480;s:6:\"height\";i:300;s:9:\"mime-type\";s:10:\"image\/jpeg\";s:8:\"filesize\";i:21922;}s:21:\"woocommerce_thumbnail\";a:6:{s:4:\"file\";s:39:\"photo-session-with-a-girl-1-300x300.jpg\";s:5:\"width\";i:300;s:6:\"height\";i:300;s:9:\"mime-type\";s:10:\"image\/jpeg\";s:8:\"filesize\";i:14739;s:9:\"uncropped\";b:0;}s:18:\"woocommerce_single\";a:5:{s:4:\"file\";s:39:\"photo-session-with-a-girl-1-800x501.jpg\";s:5:\"width\";i:800;s:6:\"height\";i:501;s:9:\"mime-type\";s:10:\"image\/jpeg\";s:8:\"filesize\";i:53446;}s:29:\"woocommerce_gallery_thumbnail\";a:5:{s:4:\"file\";s:39:\"photo-session-with-a-girl-1-400x400.jpg\";s:5:\"width\";i:400;s:6:\"height\";i:400;s:9:\"mime-type\";s:10:\"image\/jpeg\";s:8:\"filesize\";i:23568;}s:29:\"variation_swatches_image_size\";a:5:{s:4:\"file\";s:37:\"photo-session-with-a-girl-1-50x50.jpg\";s:5:\"width\";i:50;s:6:\"height\";i:50;s:9:\"mime-type\";s:10:\"image\/jpeg\";s:8:\"filesize\";i:1199;}s:31:\"variation_swatches_tooltip_size\";a:5:{s:4:\"file\";s:39:\"photo-session-with-a-girl-1-100x100.jpg\";s:5:\"width\";i:100;s:6:\"height\";i:100;s:9:\"mime-type\";s:10:\"image\/jpeg\";s:8:\"filesize\";i:2769;}}s:10:\"image_meta\";a:12:{s:8:\"aperture\";s:1:\"0\";s:6:\"credit\";s:0:\"\";s:6:\"camera\";s:0:\"\";s:7:\"caption\";s:0:\"\";s:17:\"created_timestamp\";s:1:\"0\";s:9:\"copyright\";s:0:\"\";s:12:\"focal_length\";s:1:\"0\";s:3:\"iso\";s:1:\"0\";s:13:\"shutter_speed\";s:1:\"0\";s:5:\"title\";s:0:\"\";s:11:\"orientation\";s:1:\"0\";s:8:\"keywords\";a:0:{}}}"},{"meta_key":"solid_color","meta_value":"7E8D97"}],"comments":[],"media":[],"attachment_url":"https:\/\/livewp.site\/wp\/md\/ewebot\/wp-content\/uploads\/sites\/64\/2022\/09\/photo-session-with-a-girl-1.jpg"}