{"post_title":"","guid":"https:\/\/livewp.site\/wp\/md\/ewebot\/home-leads\/chevron-circle-down\/","post_author":"","post_content":"","post_excerpt":"","post_id":12249,"pubDate":"Fri, 20 Jan 2023 20:43:12 +0000","post_date":"2023-01-20 20:43:12","post_date_gmt":"2023-01-20 20:43:12","comment_status":"open","ping_status":"closed","post_name":"chevron-circle-down","status":"inherit","post_parent":12237,"menu_order":0,"post_type":"attachment","post_password":"","is_sticky":0,"terms":[],"postmeta":[{"meta_key":"_wp_attached_file","meta_value":"2023\/01\/chevron-circle-down.svg"},{"meta_key":"_wp_attachment_metadata","meta_value":"a:3:{s:8:\"filesize\";i:679;s:5:\"width\";i:25;s:6:\"height\";i:25;}"},{"meta_key":"_elementor_inline_svg","meta_value":"<svg xmlns=\"http:\/\/www.w3.org\/2000\/svg\" width=\"25px\" height=\"25px\" viewBox=\"0 0 24 24\"><path fill-rule=\"evenodd\" clip-rule=\"evenodd\" d=\"M24 12C24 18.6274 18.6274 24 12 24C5.37258 24 0 18.6274 0 12C0 5.37258 5.37258 0 12 0C18.6274 0 24 5.37258 24 12ZM12 22C17.5228 22 22 17.5228 22 12C22 6.47715 17.5228 2 12 2C6.47715 2 2 6.47715 2 12C2 17.5228 6.47715 22 12 22ZM8.41421 9.94975L11.9497 13.4853L15.4853 9.94975C15.8758 9.55922 16.509 9.55922 16.8995 9.94975C17.29 10.3403 17.29 10.9734 16.8995 11.364L12.6569 15.6066C12.2663 15.9971 11.6332 15.9971 11.2426 15.6066L7 11.364C6.60948 10.9734 6.60948 10.3403 7 9.94975C7.39052 9.55922 8.02369 9.55922 8.41421 9.94975Z\"><\/path><\/svg>"}],"comments":[],"media":[],"attachment_url":"https:\/\/livewp.site\/wp\/md\/ewebot\/wp-content\/uploads\/sites\/64\/2023\/01\/chevron-circle-down.svg"}