{"post_title":"","guid":"https:\/\/livewp.site\/wp\/md\/ewebot\/home-leads\/leads_video_bg\/","post_author":"","post_content":"","post_excerpt":"","post_id":12258,"pubDate":"Fri, 20 Jan 2023 20:43:17 +0000","post_date":"2023-01-20 20:43:17","post_date_gmt":"2023-01-20 20:43:17","comment_status":"open","ping_status":"closed","post_name":"leads_video_bg","status":"inherit","post_parent":12237,"menu_order":0,"post_type":"attachment","post_password":"","is_sticky":0,"terms":[],"postmeta":[{"meta_key":"_wp_attached_file","meta_value":"2023\/01\/leads_video_bg.jpg"},{"meta_key":"_wp_attachment_metadata","meta_value":"a:6:{s:5:\"width\";i:964;s:6:\"height\";i:527;s:4:\"file\";s:26:\"2023\/01\/leads_video_bg.jpg\";s:8:\"filesize\";i:146349;s:5:\"sizes\";a:9:{s:6:\"medium\";a:5:{s:4:\"file\";s:26:\"leads_video_bg-300x164.jpg\";s:5:\"width\";i:300;s:6:\"height\";i:164;s:9:\"mime-type\";s:10:\"image\/jpeg\";s:8:\"filesize\";i:19577;}s:9:\"thumbnail\";a:5:{s:4:\"file\";s:26:\"leads_video_bg-150x150.jpg\";s:5:\"width\";i:150;s:6:\"height\";i:150;s:9:\"mime-type\";s:10:\"image\/jpeg\";s:8:\"filesize\";i:11064;}s:12:\"medium_large\";a:5:{s:4:\"file\";s:26:\"leads_video_bg-768x420.jpg\";s:5:\"width\";i:768;s:6:\"height\";i:420;s:9:\"mime-type\";s:10:\"image\/jpeg\";s:8:\"filesize\";i:64006;}s:15:\"gt3theme_mobile\";a:5:{s:4:\"file\";s:26:\"leads_video_bg-480x262.jpg\";s:5:\"width\";i:480;s:6:\"height\";i:262;s:9:\"mime-type\";s:10:\"image\/jpeg\";s:8:\"filesize\";i:34393;}s:21:\"woocommerce_thumbnail\";a:6:{s:4:\"file\";s:26:\"leads_video_bg-300x300.jpg\";s:5:\"width\";i:300;s:6:\"height\";i:300;s:9:\"mime-type\";s:10:\"image\/jpeg\";s:8:\"filesize\";i:24632;s:9:\"uncropped\";b:0;}s:18:\"woocommerce_single\";a:5:{s:4:\"file\";s:26:\"leads_video_bg-800x437.jpg\";s:5:\"width\";i:800;s:6:\"height\";i:437;s:9:\"mime-type\";s:10:\"image\/jpeg\";s:8:\"filesize\";i:68051;}s:29:\"woocommerce_gallery_thumbnail\";a:5:{s:4:\"file\";s:26:\"leads_video_bg-400x400.jpg\";s:5:\"width\";i:400;s:6:\"height\";i:400;s:9:\"mime-type\";s:10:\"image\/jpeg\";s:8:\"filesize\";i:34489;}s:29:\"variation_swatches_image_size\";a:5:{s:4:\"file\";s:24:\"leads_video_bg-50x50.jpg\";s:5:\"width\";i:50;s:6:\"height\";i:50;s:9:\"mime-type\";s:10:\"image\/jpeg\";s:8:\"filesize\";i:4994;}s:31:\"variation_swatches_tooltip_size\";a:5:{s:4:\"file\";s:26:\"leads_video_bg-100x100.jpg\";s:5:\"width\";i:100;s:6:\"height\";i:100;s:9:\"mime-type\";s:10:\"image\/jpeg\";s:8:\"filesize\";i:7781;}}s:10:\"image_meta\";a:12:{s:8:\"aperture\";s:1:\"0\";s:6:\"credit\";s:0:\"\";s:6:\"camera\";s:0:\"\";s:7:\"caption\";s:0:\"\";s:17:\"created_timestamp\";s:1:\"0\";s:9:\"copyright\";s:0:\"\";s:12:\"focal_length\";s:1:\"0\";s:3:\"iso\";s:1:\"0\";s:13:\"shutter_speed\";s:1:\"0\";s:5:\"title\";s:0:\"\";s:11:\"orientation\";s:1:\"0\";s:8:\"keywords\";a:0:{}}}"}],"comments":[],"media":[],"attachment_url":"https:\/\/livewp.site\/wp\/md\/ewebot\/wp-content\/uploads\/sites\/64\/2023\/01\/leads_video_bg.jpg"}