{"post_title":"","guid":"https:\/\/livewp.site\/wp\/md\/ewebot\/home-leads\/chevron-circle-up\/","post_author":"","post_content":"","post_excerpt":"","post_id":12250,"pubDate":"Fri, 20 Jan 2023 20:43:13 +0000","post_date":"2023-01-20 20:43:13","post_date_gmt":"2023-01-20 20:43:13","comment_status":"open","ping_status":"closed","post_name":"chevron-circle-up","status":"inherit","post_parent":12237,"menu_order":0,"post_type":"attachment","post_password":"","is_sticky":0,"terms":[],"postmeta":[{"meta_key":"_wp_attached_file","meta_value":"2023\/01\/chevron-circle-up.svg"},{"meta_key":"_wp_attachment_metadata","meta_value":"a:3:{s:8:\"filesize\";i:682;s:5:\"width\";i:25;s:6:\"height\";i:25;}"},{"meta_key":"_elementor_inline_svg","meta_value":"<svg xmlns=\"http:\/\/www.w3.org\/2000\/svg\" width=\"25px\" height=\"25px\" viewBox=\"0 0 24 24\"><path fill-rule=\"evenodd\" clip-rule=\"evenodd\" d=\"M0 12C0 5.37258 5.37258 0 12 0C18.6274 0 24 5.37258 24 12C24 18.6274 18.6274 24 12 24C5.37258 24 0 18.6274 0 12ZM12 2C6.47715 2 2 6.47715 2 12C2 17.5228 6.47715 22 12 22C17.5228 22 22 17.5228 22 12C22 6.47715 17.5228 2 12 2ZM15.5858 14.0503L12.0503 10.5147L8.51472 14.0503C8.12419 14.4408 7.49103 14.4408 7.10051 14.0503C6.70998 13.6597 6.70998 13.0266 7.10051 12.636L11.3431 8.3934C11.7337 8.00287 12.3668 8.00287 12.7574 8.3934L17 12.636C17.3905 13.0266 17.3905 13.6597 17 14.0503C16.6095 14.4408 15.9763 14.4408 15.5858 14.0503Z\"><\/path><\/svg>"}],"comments":[],"media":[],"attachment_url":"https:\/\/livewp.site\/wp\/md\/ewebot\/wp-content\/uploads\/sites\/64\/2023\/01\/chevron-circle-up.svg"}