{"post_title":"","guid":"https:\/\/livewp.site\/wp\/md\/ewebot\/home-leads\/leads-vertigo\/","post_author":"","post_content":"","post_excerpt":"","post_id":12272,"pubDate":"Fri, 20 Jan 2023 20:43:25 +0000","post_date":"2023-01-20 20:43:25","post_date_gmt":"2023-01-20 20:43:25","comment_status":"open","ping_status":"closed","post_name":"leads-vertigo","status":"inherit","post_parent":12237,"menu_order":0,"post_type":"attachment","post_password":"","is_sticky":0,"terms":[],"postmeta":[{"meta_key":"_wp_attached_file","meta_value":"2023\/01\/leads-vertigo.png"},{"meta_key":"_wp_attachment_metadata","meta_value":"a:6:{s:5:\"width\";i:310;s:6:\"height\";i:104;s:4:\"file\";s:25:\"2023\/01\/leads-vertigo.png\";s:8:\"filesize\";i:6740;s:5:\"sizes\";a:5:{s:6:\"medium\";a:5:{s:4:\"file\";s:25:\"leads-vertigo-300x101.png\";s:5:\"width\";i:300;s:6:\"height\";i:101;s:9:\"mime-type\";s:9:\"image\/png\";s:8:\"filesize\";i:8964;}s:9:\"thumbnail\";a:5:{s:4:\"file\";s:25:\"leads-vertigo-150x104.png\";s:5:\"width\";i:150;s:6:\"height\";i:104;s:9:\"mime-type\";s:9:\"image\/png\";s:8:\"filesize\";i:1685;}s:21:\"woocommerce_thumbnail\";a:6:{s:4:\"file\";s:25:\"leads-vertigo-300x104.png\";s:5:\"width\";i:300;s:6:\"height\";i:104;s:9:\"mime-type\";s:9:\"image\/png\";s:8:\"filesize\";i:6827;s:9:\"uncropped\";b:0;}s:29:\"variation_swatches_image_size\";a:5:{s:4:\"file\";s:23:\"leads-vertigo-50x50.png\";s:5:\"width\";i:50;s:6:\"height\";i:50;s:9:\"mime-type\";s:9:\"image\/png\";s:8:\"filesize\";i:948;}s:31:\"variation_swatches_tooltip_size\";a:5:{s:4:\"file\";s:25:\"leads-vertigo-100x100.png\";s:5:\"width\";i:100;s:6:\"height\";i:100;s:9:\"mime-type\";s:9:\"image\/png\";s:8:\"filesize\";i:1726;}}s:10:\"image_meta\";a:12:{s:8:\"aperture\";s:1:\"0\";s:6:\"credit\";s:0:\"\";s:6:\"camera\";s:0:\"\";s:7:\"caption\";s:0:\"\";s:17:\"created_timestamp\";s:1:\"0\";s:9:\"copyright\";s:0:\"\";s:12:\"focal_length\";s:1:\"0\";s:3:\"iso\";s:1:\"0\";s:13:\"shutter_speed\";s:1:\"0\";s:5:\"title\";s:0:\"\";s:11:\"orientation\";s:1:\"0\";s:8:\"keywords\";a:0:{}}}"}],"comments":[],"media":[],"attachment_url":"https:\/\/livewp.site\/wp\/md\/ewebot\/wp-content\/uploads\/sites\/64\/2023\/01\/leads-vertigo.png"}