{"post_title":"Footer 15","guid":"https:\/\/livewp.site\/wp\/md\/ewebot\/?elementor_library=footer-15","post_author":"","post_content":"<a href=\"https:\/\/livewp.site\/wp\/md\/ewebot\/\">\n\t\t\t\t<img src=\"https:\/\/livewp.site\/wp\/md\/ewebot\/wp-content\/uploads\/sites\/64\/2023\/01\/logo_leads.png\" alt=\"\" title=\"\"\/>\t\t\t<\/a>\n\t\t\t<figure><img width=\"92\" height=\"74\" src=\"https:\/\/livewp.site\/wp\/md\/ewebot\/wp-content\/uploads\/sites\/64\/2023\/01\/leads-bubble.png\" alt=\"\" decoding=\"async\" loading=\"lazy\" title=\"\" \/><\/figure><h6>8 800 2534 236<\/h6><p>email@yoursite.com<\/p>\t\t\n\t\t\t<figure><img width=\"66\" height=\"80\" src=\"https:\/\/livewp.site\/wp\/md\/ewebot\/wp-content\/uploads\/sites\/64\/2023\/01\/leads-marker.png\" alt=\"\" decoding=\"async\" loading=\"lazy\" title=\"\" \/><\/figure><p>27 Division St, New York, NY<br>\n10002, United States<\/p>\t\t\n\t\t<h4>About<\/h4><p>Ewebot have much planned for the future, working with great clients and continued software development.<\/p>\t\t\n\t\t\t\t\t<a target=\"_blank\" rel=\"noopener\">\n\t\t\t\t\t\tTwitter\n\t\t\t\t\t\t\t\t\t\t\t<\/a>\n\t\t\t\t\t<a target=\"_blank\" rel=\"noopener\">\n\t\t\t\t\t\tFacebook-f\n\t\t\t\t\t\t\t\t\t\t\t<\/a>\n\t\t\t\t\t<a target=\"_blank\" rel=\"noopener\">\n\t\t\t\t\t\tGoogle-plus-g\n\t\t\t\t\t\t\t\t\t\t\t<\/a>\n\t\t\t\t\t<a target=\"_blank\" rel=\"noopener\">\n\t\t\t\t\t\tPinterest-p\n\t\t\t\t\t\t\t\t\t\t\t<\/a>\n\t\t\t\t\t<a target=\"_blank\" rel=\"noopener\">\n\t\t\t\t\t\tLinkedin-in\n\t\t\t\t\t\t\t\t\t\t\t<\/a>\n\t\t<h4>Services<\/h4>\t\t\n\t\t\t<nav>\n\t\t\t\t<ul id=\"menu-services\"><li id=\"menu-item-4114\"><a href=\"#\">SEO Marketing<\/a><\/li>\n<li id=\"menu-item-4115\"><a href=\"#\">SEO Services<\/a><\/li>\n<li id=\"menu-item-4116\"><a href=\"#\">Pay Per Click<\/a><\/li>\n<li id=\"menu-item-4117\"><a href=\"#\">Social Media<\/a><\/li>\n<li id=\"menu-item-4118\"><a href=\"#\">SEO Audit<\/a><\/li>\n<\/ul>\t\t\t<\/nav>\n\t\t<h4>Community<\/h4>\t\t\n\t\t\t<nav>\n\t\t\t\t<ul id=\"menu-community\"><li id=\"menu-item-4119\"><a href=\"#\">Our Product<\/a><\/li>\n<li id=\"menu-item-4120\"><a href=\"#\">Documentation<\/a><\/li>\n<li id=\"menu-item-4121\"><a href=\"#\">Our Services<\/a><\/li>\n<li id=\"menu-item-4122\"><a href=\"#\">Company<\/a><\/li>\n<li id=\"menu-item-4123\"><a href=\"#\">What We Do?<\/a><\/li>\n<\/ul>\t\t\t<\/nav>\n\t\t<h4>Quick Links<\/h4>\t\t\n\t\t\t<nav>\n\t\t\t\t<ul id=\"menu-quick-links\"><li id=\"menu-item-1517\"><a href=\"https:\/\/livewp.site\/wp\/md\/ewebot\/home-02\/\">Home<\/a><\/li>\n<li id=\"menu-item-1518\"><a href=\"https:\/\/livewp.site\/wp\/md\/ewebot\/about-us\/\">About Us<\/a><\/li>\n<li id=\"menu-item-1519\"><a href=\"https:\/\/livewp.site\/wp\/md\/ewebot\/services\/\">Main Services<\/a><\/li>\n<li id=\"menu-item-1490\"><a href=\"https:\/\/livewp.site\/wp\/md\/ewebot\/pricing-plans\/\">Pricing<\/a><\/li>\n<li id=\"menu-item-1491\"><a href=\"https:\/\/livewp.site\/wp\/md\/ewebot\/our-case-studies\/\">Our Cases<\/a><\/li>\n<\/ul>\t\t\t<\/nav>\n\t\t<p style=\"text-align: left;\">\u00a9 2023 \u2014 Ewebot by GT3Themes. All Rights Reserved.<\/p>","post_excerpt":"","post_id":12309,"pubDate":"Fri, 20 Jan 2023 21:12:59 +0000","post_date":"2023-01-20 21:12:59","post_date_gmt":"2023-01-20 21:12:59","comment_status":"closed","ping_status":"closed","post_name":"footer-15","status":"publish","post_parent":0,"menu_order":0,"post_type":"elementor_library","post_password":"","is_sticky":0,"terms":[61],"postmeta":[{"meta_key":"_elementor_edit_mode","meta_value":"builder"},{"meta_key":"_elementor_template_type","meta_value":"wpda-footer"},{"meta_key":"_elementor_version","meta_value":"3.10.1"},{"meta_key":"_edit_lock","meta_value":"1675696257:3"},{"meta_key":"_wp_page_template","meta_value":"default"},{"meta_key":"_elementor_data","meta_value":"[{\"id\":\"2e632b3\",\"elType\":\"section\",\"settings\":{\"background_background\":\"classic\",\"background_position\":\"center center\",\"background_repeat\":\"no-repeat\",\"background_size\":\"cover\",\"background_color\":\"#F3F6F8\"},\"elements\":[{\"id\":\"cf482ba\",\"elType\":\"column\",\"settings\":{\"_column_size\":\"100\",\"gt3_carousel_nav_prev\":\"Prev\",\"gt3_carousel_nav_next\":\"Next\",\"space_between_widgets\":\"0\",\"space_between_widgets_mobile\":\"0\"},\"elements\":[{\"id\":\"413c147\",\"elType\":\"section\",\"settings\":{\"content_position\":\"middle\",\"heading_color\":\"#FFFFFF\",\"color_text\":\"#F0F0F0\",\"color_link\":\"#F0F0F0\",\"color_link_hover\":\"#F47514\",\"text_align\":\"left\",\"structure\":\"20\",\"border_border\":\"solid\",\"border_width\":{\"unit\":\"px\",\"top\":\"0\",\"right\":\"0\",\"bottom\":\"1\",\"left\":\"0\",\"isLinked\":\"\"},\"border_color\":\"#E6EAEC\"},\"elements\":[{\"id\":\"1d093dc\",\"elType\":\"column\",\"settings\":{\"_column_size\":\"50\",\"gt3_carousel_nav_prev\":\"Prev\",\"gt3_carousel_nav_next\":\"Next\",\"space_between_widgets\":\"0\",\"_inline_size_tablet\":\"24\",\"content_position_mobile\":\"center\",\"align_mobile\":\"center\",\"space_between_widgets_mobile\":\"0\",\"_inline_size\":\"30\"},\"elements\":[{\"id\":\"7750a71\",\"elType\":\"widget\",\"settings\":{\"space\":{\"unit\":\"px\",\"size\":\"30\",\"sizes\":[]}},\"elements\":[],\"widgetType\":\"spacer\"},{\"id\":\"7da8da4\",\"elType\":\"widget\",\"settings\":{\"header_logo\":{\"url\":\"https:\\\/\\\/livewp.site\\\/wp\\\/md\\\/ewebot\\\/wp-content\\\/uploads\\\/sites\\\/64\\\/2023\\\/01\\\/logo_leads.png\",\"id\":12273,\"alt\":\"\",\"source\":\"library\"},\"logo_height_custom\":\"yes\",\"logo_height\":{\"unit\":\"px\",\"size\":\"48\",\"sizes\":[]},\"align_mobile\":\"center\"},\"elements\":[],\"widgetType\":\"wpda-header-logo\"},{\"id\":\"5271f85\",\"elType\":\"widget\",\"settings\":{\"space\":{\"unit\":\"px\",\"size\":\"20\",\"sizes\":[]},\"space_mobile\":{\"unit\":\"px\",\"size\":\"0\",\"sizes\":[]}},\"elements\":[],\"widgetType\":\"spacer\"}],\"isInner\":\"1\"},{\"id\":\"0f61cca\",\"elType\":\"column\",\"settings\":{\"_column_size\":\"50\",\"_inline_size\":\"70\",\"content_position\":\"top\",\"align\":\"flex-end\",\"space_between_widgets\":\"0\",\"gt3_carousel_nav_prev\":\"Prev\",\"gt3_carousel_nav_next\":\"Next\",\"_inline_size_tablet\":\"76\",\"_inline_size_mobile\":\"100\",\"space_between_widgets_mobile\":\"0\",\"padding_mobile\":{\"unit\":\"px\",\"top\":\"0\",\"right\":\"0\",\"bottom\":\"0\",\"left\":\"0\",\"isLinked\":\"1\"}},\"elements\":[{\"id\":\"6c24d17\",\"elType\":\"widget\",\"settings\":{\"space\":{\"unit\":\"px\",\"size\":\"35\",\"sizes\":[]},\"space_mobile\":{\"unit\":\"px\",\"size\":\"0\",\"sizes\":[]}},\"elements\":[],\"widgetType\":\"spacer\"},{\"id\":\"ef251be\",\"elType\":\"widget\",\"settings\":{\"image\":{\"url\":\"https:\\\/\\\/livewp.site\\\/wp\\\/md\\\/ewebot\\\/wp-content\\\/uploads\\\/sites\\\/64\\\/2023\\\/01\\\/leads-bubble.png\",\"id\":12262,\"alt\":\"\",\"source\":\"library\"},\"title_text\":\"8 800 2534 236\",\"description_text\":\"email@yoursite.com\",\"default_position\":\"left\",\"image_space\":{\"unit\":\"px\",\"top\":\"0\",\"right\":\"17\",\"bottom\":\"0\",\"left\":\"0\",\"isLinked\":\"\"},\"image_size\":{\"unit\":\"px\",\"size\":62,\"sizes\":[]},\"title_bottom_space\":{\"unit\":\"px\",\"size\":\"0\",\"sizes\":[]},\"title_color\":\"#696687\",\"title_typography_typography\":\"custom\",\"title_typography_font_size\":{\"unit\":\"px\",\"size\":\"18\",\"sizes\":[]},\"title_typography_font_weight\":\"400\",\"description_color\":\"#696687\",\"description_typography_typography\":\"custom\",\"description_typography_font_family\":\"Rubik\",\"description_typography_font_size\":{\"unit\":\"px\",\"size\":\"16\",\"sizes\":[]},\"description_typography_font_weight\":\"400\",\"_margin\":{\"unit\":\"px\",\"top\":\"0\",\"right\":\"62\",\"bottom\":\"9\",\"left\":\"0\",\"isLinked\":\"\"},\"_element_width\":\"auto\",\"_element_width_tablet\":\"auto\",\"title_typography_line_height\":{\"unit\":\"px\",\"size\":\"30\",\"sizes\":[]},\"_element_width_mobile\":\"inherit\"},\"elements\":[],\"widgetType\":\"gt3-core-imagebox\"},{\"id\":\"c2f5046\",\"elType\":\"widget\",\"settings\":{\"image\":{\"url\":\"https:\\\/\\\/livewp.site\\\/wp\\\/md\\\/ewebot\\\/wp-content\\\/uploads\\\/sites\\\/64\\\/2023\\\/01\\\/leads-marker.png\",\"id\":12267,\"alt\":\"\",\"source\":\"library\"},\"title_text\":\"\",\"description_text\":\"27 Division St, New York, NY<br>\\n10002, United States\",\"default_position\":\"left\",\"image_space\":{\"unit\":\"px\",\"top\":\"0\",\"right\":\"18\",\"bottom\":\"0\",\"left\":\"0\",\"isLinked\":\"\"},\"image_size\":{\"unit\":\"px\",\"size\":38,\"sizes\":[]},\"title_bottom_space\":{\"unit\":\"px\",\"size\":\"2\",\"sizes\":[]},\"title_color\":\"#696687\",\"title_typography_font_size\":{\"unit\":\"px\",\"size\":\"18\",\"sizes\":[]},\"title_typography_font_weight\":\"400\",\"description_color\":\"#696687\",\"description_typography_typography\":\"custom\",\"description_typography_font_family\":\"Rubik\",\"description_typography_font_size\":{\"unit\":\"px\",\"size\":\"16\",\"sizes\":[]},\"description_typography_font_weight\":\"400\",\"description_typography_line_height\":{\"unit\":\"px\",\"size\":\"\",\"sizes\":[]},\"_margin\":{\"unit\":\"px\",\"top\":\"0\",\"right\":\"0\",\"bottom\":\"13\",\"left\":\"0\",\"isLinked\":\"\"},\"_element_width\":\"auto\",\"_element_width_tablet\":\"auto\",\"_element_width_mobile\":\"inherit\"},\"elements\":[],\"widgetType\":\"gt3-core-imagebox\"}],\"isInner\":\"1\"}],\"isInner\":\"1\"},{\"id\":\"55ef7d8\",\"elType\":\"section\",\"settings\":{\"structure\":\"40\",\"heading_color\":\"#243678\",\"color_text\":\"#696687\",\"color_link\":\"#696687\",\"color_link_hover\":\"#2E9DEF\"},\"elements\":[{\"id\":\"af5c63f\",\"elType\":\"column\",\"settings\":{\"_column_size\":\"25\",\"gt3_carousel_nav_prev\":\"Prev\",\"gt3_carousel_nav_next\":\"Next\",\"space_between_widgets\":\"0\"},\"elements\":[{\"id\":\"173873d\",\"elType\":\"widget\",\"settings\":{\"space\":{\"unit\":\"px\",\"size\":\"35\",\"sizes\":[]}},\"elements\":[],\"widgetType\":\"spacer\"},{\"id\":\"592744e\",\"elType\":\"widget\",\"settings\":{\"editor\":\"<h4>About<\\\/h4>\",\"text_color\":\"#243678\",\"typography_typography\":\"custom\",\"typography_font_size\":{\"unit\":\"px\",\"size\":16,\"sizes\":[]},\"typography_font_weight\":\"700\",\"typography_line_height\":{\"unit\":\"px\",\"size\":\"26\",\"sizes\":[]},\"typography_letter_spacing\":{\"unit\":\"px\",\"size\":\"0\",\"sizes\":[]},\"_margin\":{\"unit\":\"px\",\"top\":\"0\",\"right\":\"0\",\"bottom\":\"23\",\"left\":\"0\",\"isLinked\":\"\"},\"typography_font_family\":\"Inter\",\"typography_text_transform\":\"uppercase\"},\"elements\":[],\"widgetType\":\"text-editor\"},{\"id\":\"107554c\",\"elType\":\"widget\",\"settings\":{\"editor\":\"<p>Ewebot have much planned for the future, working with great clients and continued software development.<\\\/p>\",\"typography_typography\":\"custom\",\"typography_font_size\":{\"unit\":\"px\",\"size\":\"16\",\"sizes\":[]},\"typography_line_height\":{\"unit\":\"px\",\"size\":\"\",\"sizes\":[]},\"_margin\":{\"unit\":\"px\",\"top\":\"0\",\"right\":\"20\",\"bottom\":\"33\",\"left\":\"0\",\"isLinked\":\"\"}},\"elements\":[],\"widgetType\":\"text-editor\"},{\"id\":\"8fbf1eb\",\"elType\":\"widget\",\"settings\":{\"social_icon_list\":[{\"social_icon\":{\"value\":\"fab fa-twitter\",\"library\":\"fa-brands\"},\"_id\":\"91c0e5f\"},{\"social_icon\":{\"value\":\"fab fa-facebook-f\",\"library\":\"fa-brands\"},\"_id\":\"5ffa149\"},{\"social_icon\":{\"value\":\"fab fa-google-plus-g\",\"library\":\"fa-brands\"},\"_id\":\"affb931\"},{\"social_icon\":{\"value\":\"fab fa-pinterest-p\",\"library\":\"fa-brands\"},\"_id\":\"473615c\"},{\"social_icon\":{\"value\":\"fab fa-linkedin-in\",\"library\":\"fa-brands\"},\"_id\":\"ababeec\"}],\"shape\":\"square\",\"align\":\"left\",\"icon_color\":\"custom\",\"icon_primary_color\":\"#F0F0F000\",\"icon_secondary_color\":\"#696687\",\"icon_size\":{\"unit\":\"px\",\"size\":\"16\",\"sizes\":[]},\"icon_padding\":{\"unit\":\"em\",\"size\":\"0\",\"sizes\":[]},\"icon_spacing\":{\"unit\":\"px\",\"size\":\"18\",\"sizes\":[]},\"hover_secondary_color\":\"#2E9DEF\",\"_margin\":{\"unit\":\"px\",\"top\":\"0\",\"right\":\"0\",\"bottom\":\"0\",\"left\":\"0\",\"isLinked\":false}},\"elements\":[],\"widgetType\":\"social-icons\"}],\"isInner\":\"1\"},{\"id\":\"5cf08dd\",\"elType\":\"column\",\"settings\":{\"_column_size\":\"25\",\"gt3_carousel_nav_prev\":\"Prev\",\"gt3_carousel_nav_next\":\"Next\",\"space_between_widgets\":\"0\"},\"elements\":[{\"id\":\"2865082\",\"elType\":\"widget\",\"settings\":{\"space\":{\"unit\":\"px\",\"size\":\"35\",\"sizes\":[]}},\"elements\":[],\"widgetType\":\"spacer\"},{\"id\":\"226caab\",\"elType\":\"widget\",\"settings\":{\"editor\":\"<h4>Services<\\\/h4>\",\"text_color\":\"#243678\",\"typography_typography\":\"custom\",\"typography_font_size\":{\"unit\":\"px\",\"size\":16,\"sizes\":[]},\"typography_font_weight\":\"700\",\"typography_line_height\":{\"unit\":\"px\",\"size\":\"26\",\"sizes\":[]},\"typography_letter_spacing\":{\"unit\":\"px\",\"size\":\"0\",\"sizes\":[]},\"_margin\":{\"unit\":\"px\",\"top\":\"0\",\"right\":\"0\",\"bottom\":\"10\",\"left\":\"0\",\"isLinked\":\"\"},\"typography_font_family\":\"Inter\",\"typography_text_transform\":\"uppercase\"},\"elements\":[],\"widgetType\":\"text-editor\"},{\"id\":\"255787e\",\"elType\":\"widget\",\"settings\":{\"menu_select\":\"services\",\"align\":\"left\",\"_margin\":{\"unit\":\"px\",\"top\":\"0\",\"right\":\"0\",\"bottom\":\"34\",\"left\":\"0\",\"isLinked\":\"\"}},\"elements\":[],\"widgetType\":\"wpda-builder-menu\"}],\"isInner\":\"1\"},{\"id\":\"ea6d09f\",\"elType\":\"column\",\"settings\":{\"_column_size\":\"25\",\"gt3_carousel_nav_prev\":\"Prev\",\"gt3_carousel_nav_next\":\"Next\",\"space_between_widgets\":\"0\"},\"elements\":[{\"id\":\"9ab9edc\",\"elType\":\"widget\",\"settings\":{\"space\":{\"unit\":\"px\",\"size\":\"35\",\"sizes\":[]}},\"elements\":[],\"widgetType\":\"spacer\"},{\"id\":\"b0b60bc\",\"elType\":\"widget\",\"settings\":{\"editor\":\"<h4>Community<\\\/h4>\",\"text_color\":\"#243678\",\"typography_typography\":\"custom\",\"typography_font_size\":{\"unit\":\"px\",\"size\":16,\"sizes\":[]},\"typography_font_weight\":\"700\",\"typography_line_height\":{\"unit\":\"px\",\"size\":\"26\",\"sizes\":[]},\"typography_letter_spacing\":{\"unit\":\"px\",\"size\":\"0\",\"sizes\":[]},\"_margin\":{\"unit\":\"px\",\"top\":\"0\",\"right\":\"0\",\"bottom\":\"10\",\"left\":\"0\",\"isLinked\":\"\"},\"typography_font_family\":\"Inter\",\"typography_text_transform\":\"uppercase\"},\"elements\":[],\"widgetType\":\"text-editor\"},{\"id\":\"118ad4d\",\"elType\":\"widget\",\"settings\":{\"menu_select\":\"community\",\"align\":\"left\",\"_margin\":{\"unit\":\"px\",\"top\":\"0\",\"right\":\"0\",\"bottom\":\"34\",\"left\":\"0\",\"isLinked\":\"\"}},\"elements\":[],\"widgetType\":\"wpda-builder-menu\"}],\"isInner\":\"1\"},{\"id\":\"596f2d1\",\"elType\":\"column\",\"settings\":{\"_column_size\":\"25\",\"gt3_carousel_nav_prev\":\"Prev\",\"gt3_carousel_nav_next\":\"Next\",\"space_between_widgets\":\"0\"},\"elements\":[{\"id\":\"afd1409\",\"elType\":\"widget\",\"settings\":{\"space\":{\"unit\":\"px\",\"size\":\"35\",\"sizes\":[]}},\"elements\":[],\"widgetType\":\"spacer\"},{\"id\":\"af73040\",\"elType\":\"widget\",\"settings\":{\"editor\":\"<h4>Quick Links<\\\/h4>\",\"text_color\":\"#243678\",\"typography_typography\":\"custom\",\"typography_font_size\":{\"unit\":\"px\",\"size\":16,\"sizes\":[]},\"typography_font_weight\":\"700\",\"typography_line_height\":{\"unit\":\"px\",\"size\":\"26\",\"sizes\":[]},\"typography_letter_spacing\":{\"unit\":\"px\",\"size\":\"0\",\"sizes\":[]},\"_margin\":{\"unit\":\"px\",\"top\":\"0\",\"right\":\"0\",\"bottom\":\"10\",\"left\":\"0\",\"isLinked\":\"\"},\"typography_font_family\":\"Inter\",\"typography_text_transform\":\"uppercase\"},\"elements\":[],\"widgetType\":\"text-editor\"},{\"id\":\"113fa4b\",\"elType\":\"widget\",\"settings\":{\"menu_select\":\"quick-links\",\"align\":\"left\",\"_padding\":{\"unit\":\"px\",\"top\":\"0\",\"right\":\"0\",\"bottom\":\"34\",\"left\":\"0\",\"isLinked\":\"\"}},\"elements\":[],\"widgetType\":\"wpda-builder-menu\"}],\"isInner\":\"1\"}],\"isInner\":\"1\"}],\"isInner\":\"\"}],\"isInner\":\"\"},{\"id\":\"5ecc70c\",\"elType\":\"section\",\"settings\":{\"content_position\":\"middle\",\"background_background\":\"classic\",\"background_color\":\"#EDF1F3\"},\"elements\":[{\"id\":\"6dc448f\",\"elType\":\"column\",\"settings\":{\"_column_size\":\"100\",\"space_between_widgets\":\"0\",\"gt3_carousel_nav_prev\":\"Prev\",\"gt3_carousel_nav_next\":\"Next\"},\"elements\":[{\"id\":\"74e60e5\",\"elType\":\"widget\",\"settings\":{\"space\":{\"unit\":\"px\",\"size\":\"22\",\"sizes\":[]}},\"elements\":[],\"widgetType\":\"spacer\"},{\"id\":\"7216586\",\"elType\":\"widget\",\"settings\":{\"editor\":\"<p style=\\\"text-align: left;\\\">\\u00a9 2023 \\u2014 Ewebot by GT3Themes. All Rights Reserved.<\\\/p>\",\"text_color\":\"#696687\",\"typography_typography\":\"custom\",\"typography_font_size\":{\"unit\":\"px\",\"size\":\"14\",\"sizes\":[]},\"typography_line_height\":{\"unit\":\"em\",\"size\":\"1.4\",\"sizes\":[]}},\"elements\":[],\"widgetType\":\"text-editor\"},{\"id\":\"b1b1387\",\"elType\":\"widget\",\"settings\":{\"space\":{\"unit\":\"px\",\"size\":\"20\",\"sizes\":[]}},\"elements\":[],\"widgetType\":\"spacer\"}],\"isInner\":\"\"}],\"isInner\":\"\"}]"},{"meta_key":"_elementor_page_assets","meta_value":"a:0:{}"}],"comments":[],"media":[12273,12262,12267]}