{"post_title":"","guid":"https:\/\/livewp.site\/wp\/md\/ewebot\/home-leads\/leads_img_group_base\/","post_author":"","post_content":"","post_excerpt":"","post_id":12370,"pubDate":"Wed, 25 Jan 2023 16:58:58 +0000","post_date":"2023-01-25 16:58:58","post_date_gmt":"2023-01-25 16:58:58","comment_status":"open","ping_status":"closed","post_name":"leads_img_group_base","status":"inherit","post_parent":12237,"menu_order":0,"post_type":"attachment","post_password":"","is_sticky":0,"terms":[],"postmeta":[{"meta_key":"_wp_attached_file","meta_value":"2023\/01\/leads_img_group_base.png"},{"meta_key":"_wp_attachment_metadata","meta_value":"a:6:{s:5:\"width\";i:1181;s:6:\"height\";i:751;s:4:\"file\";s:32:\"2023\/01\/leads_img_group_base.png\";s:8:\"filesize\";i:45469;s:5:\"sizes\";a:10:{s:6:\"medium\";a:5:{s:4:\"file\";s:32:\"leads_img_group_base-300x191.png\";s:5:\"width\";i:300;s:6:\"height\";i:191;s:9:\"mime-type\";s:9:\"image\/png\";s:8:\"filesize\";i:9687;}s:5:\"large\";a:5:{s:4:\"file\";s:33:\"leads_img_group_base-1024x651.png\";s:5:\"width\";i:1024;s:6:\"height\";i:651;s:9:\"mime-type\";s:9:\"image\/png\";s:8:\"filesize\";i:62818;}s:9:\"thumbnail\";a:5:{s:4:\"file\";s:32:\"leads_img_group_base-150x150.png\";s:5:\"width\";i:150;s:6:\"height\";i:150;s:9:\"mime-type\";s:9:\"image\/png\";s:8:\"filesize\";i:3849;}s:12:\"medium_large\";a:5:{s:4:\"file\";s:32:\"leads_img_group_base-768x488.png\";s:5:\"width\";i:768;s:6:\"height\";i:488;s:9:\"mime-type\";s:9:\"image\/png\";s:8:\"filesize\";i:38605;}s:15:\"gt3theme_mobile\";a:5:{s:4:\"file\";s:32:\"leads_img_group_base-480x305.png\";s:5:\"width\";i:480;s:6:\"height\";i:305;s:9:\"mime-type\";s:9:\"image\/png\";s:8:\"filesize\";i:14972;}s:21:\"woocommerce_thumbnail\";a:6:{s:4:\"file\";s:32:\"leads_img_group_base-300x300.png\";s:5:\"width\";i:300;s:6:\"height\";i:300;s:9:\"mime-type\";s:9:\"image\/png\";s:8:\"filesize\";i:9838;s:9:\"uncropped\";b:0;}s:18:\"woocommerce_single\";a:5:{s:4:\"file\";s:32:\"leads_img_group_base-800x509.png\";s:5:\"width\";i:800;s:6:\"height\";i:509;s:9:\"mime-type\";s:9:\"image\/png\";s:8:\"filesize\";i:40604;}s:29:\"woocommerce_gallery_thumbnail\";a:5:{s:4:\"file\";s:32:\"leads_img_group_base-400x400.png\";s:5:\"width\";i:400;s:6:\"height\";i:400;s:9:\"mime-type\";s:9:\"image\/png\";s:8:\"filesize\";i:22021;}s:29:\"variation_swatches_image_size\";a:5:{s:4:\"file\";s:30:\"leads_img_group_base-50x50.png\";s:5:\"width\";i:50;s:6:\"height\";i:50;s:9:\"mime-type\";s:9:\"image\/png\";s:8:\"filesize\";i:1150;}s:31:\"variation_swatches_tooltip_size\";a:5:{s:4:\"file\";s:32:\"leads_img_group_base-100x100.png\";s:5:\"width\";i:100;s:6:\"height\";i:100;s:9:\"mime-type\";s:9:\"image\/png\";s:8:\"filesize\";i:2635;}}s:10:\"image_meta\";a:12:{s:8:\"aperture\";s:1:\"0\";s:6:\"credit\";s:0:\"\";s:6:\"camera\";s:0:\"\";s:7:\"caption\";s:0:\"\";s:17:\"created_timestamp\";s:1:\"0\";s:9:\"copyright\";s:0:\"\";s:12:\"focal_length\";s:1:\"0\";s:3:\"iso\";s:1:\"0\";s:13:\"shutter_speed\";s:1:\"0\";s:5:\"title\";s:0:\"\";s:11:\"orientation\";s:1:\"0\";s:8:\"keywords\";a:0:{}}}"}],"comments":[],"media":[],"attachment_url":"https:\/\/livewp.site\/wp\/md\/ewebot\/wp-content\/uploads\/sites\/64\/2023\/01\/leads_img_group_base.png"}