{"post_title":"","guid":"https:\/\/livewp.site\/wp\/md\/ewebot\/home-leads\/leads_globe_group5\/","post_author":"","post_content":"","post_excerpt":"","post_id":12472,"pubDate":"Sun, 05 Feb 2023 01:40:48 +0000","post_date":"2023-02-05 01:40:48","post_date_gmt":"2023-02-05 01:40:48","comment_status":"open","ping_status":"closed","post_name":"leads_globe_group5","status":"inherit","post_parent":12237,"menu_order":0,"post_type":"attachment","post_password":"","is_sticky":0,"terms":[],"postmeta":[{"meta_key":"_wp_attached_file","meta_value":"2023\/02\/leads_globe_group5.png"},{"meta_key":"_wp_attachment_metadata","meta_value":"a:6:{s:5:\"width\";i:153;s:6:\"height\";i:92;s:4:\"file\";s:30:\"2023\/02\/leads_globe_group5.png\";s:8:\"filesize\";i:15817;s:5:\"sizes\";a:3:{s:9:\"thumbnail\";a:5:{s:4:\"file\";s:29:\"leads_globe_group5-150x92.png\";s:5:\"width\";i:150;s:6:\"height\";i:92;s:9:\"mime-type\";s:9:\"image\/png\";s:8:\"filesize\";i:15088;}s:29:\"variation_swatches_image_size\";a:5:{s:4:\"file\";s:28:\"leads_globe_group5-50x50.png\";s:5:\"width\";i:50;s:6:\"height\";i:50;s:9:\"mime-type\";s:9:\"image\/png\";s:8:\"filesize\";i:4159;}s:31:\"variation_swatches_tooltip_size\";a:5:{s:4:\"file\";s:29:\"leads_globe_group5-100x92.png\";s:5:\"width\";i:100;s:6:\"height\";i:92;s:9:\"mime-type\";s:9:\"image\/png\";s:8:\"filesize\";i:13078;}}s:10:\"image_meta\";a:12:{s:8:\"aperture\";s:1:\"0\";s:6:\"credit\";s:0:\"\";s:6:\"camera\";s:0:\"\";s:7:\"caption\";s:0:\"\";s:17:\"created_timestamp\";s:1:\"0\";s:9:\"copyright\";s:0:\"\";s:12:\"focal_length\";s:1:\"0\";s:3:\"iso\";s:1:\"0\";s:13:\"shutter_speed\";s:1:\"0\";s:5:\"title\";s:0:\"\";s:11:\"orientation\";s:1:\"0\";s:8:\"keywords\";a:0:{}}}"}],"comments":[],"media":[],"attachment_url":"https:\/\/livewp.site\/wp\/md\/ewebot\/wp-content\/uploads\/sites\/64\/2023\/02\/leads_globe_group5.png"}