{"post_title":"","guid":"https:\/\/livewp.site\/wp\/md\/ewebot\/home-leads\/leads_elements_group4\/","post_author":"","post_content":"","post_excerpt":"","post_id":12544,"pubDate":"Sun, 05 Feb 2023 03:24:25 +0000","post_date":"2023-02-05 03:24:25","post_date_gmt":"2023-02-05 03:24:25","comment_status":"open","ping_status":"closed","post_name":"leads_elements_group4","status":"inherit","post_parent":12237,"menu_order":0,"post_type":"attachment","post_password":"","is_sticky":0,"terms":[],"postmeta":[{"meta_key":"_wp_attached_file","meta_value":"2023\/02\/leads_elements_group4.png"},{"meta_key":"_wp_attachment_metadata","meta_value":"a:6:{s:5:\"width\";i:184;s:6:\"height\";i:190;s:4:\"file\";s:33:\"2023\/02\/leads_elements_group4.png\";s:8:\"filesize\";i:44353;s:5:\"sizes\";a:3:{s:9:\"thumbnail\";a:5:{s:4:\"file\";s:33:\"leads_elements_group4-150x150.png\";s:5:\"width\";i:150;s:6:\"height\";i:150;s:9:\"mime-type\";s:9:\"image\/png\";s:8:\"filesize\";i:27382;}s:29:\"variation_swatches_image_size\";a:5:{s:4:\"file\";s:31:\"leads_elements_group4-50x50.png\";s:5:\"width\";i:50;s:6:\"height\";i:50;s:9:\"mime-type\";s:9:\"image\/png\";s:8:\"filesize\";i:4328;}s:31:\"variation_swatches_tooltip_size\";a:5:{s:4:\"file\";s:33:\"leads_elements_group4-100x100.png\";s:5:\"width\";i:100;s:6:\"height\";i:100;s:9:\"mime-type\";s:9:\"image\/png\";s:8:\"filesize\";i:13590;}}s:10:\"image_meta\";a:12:{s:8:\"aperture\";s:1:\"0\";s:6:\"credit\";s:0:\"\";s:6:\"camera\";s:0:\"\";s:7:\"caption\";s:0:\"\";s:17:\"created_timestamp\";s:1:\"0\";s:9:\"copyright\";s:0:\"\";s:12:\"focal_length\";s:1:\"0\";s:3:\"iso\";s:1:\"0\";s:13:\"shutter_speed\";s:1:\"0\";s:5:\"title\";s:0:\"\";s:11:\"orientation\";s:1:\"0\";s:8:\"keywords\";a:0:{}}}"}],"comments":[],"media":[],"attachment_url":"https:\/\/livewp.site\/wp\/md\/ewebot\/wp-content\/uploads\/sites\/64\/2023\/02\/leads_elements_group4.png"}