{"post_title":"","guid":"https:\/\/livewp.site\/wp\/md\/ewebot\/home-leads\/home_leads\/","post_author":"","post_content":"","post_excerpt":"","post_id":12669,"pubDate":"Tue, 07 Feb 2023 10:39:02 +0000","post_date":"2023-02-07 10:39:02","post_date_gmt":"2023-02-07 10:39:02","comment_status":"open","ping_status":"closed","post_name":"home_leads","status":"inherit","post_parent":12237,"menu_order":0,"post_type":"attachment","post_password":"","is_sticky":0,"terms":[],"postmeta":[{"meta_key":"_wp_attached_file","meta_value":"2023\/02\/home_leads.jpg"},{"meta_key":"_wp_attachment_metadata","meta_value":"a:6:{s:5:\"width\";i:370;s:6:\"height\";i:480;s:4:\"file\";s:22:\"2023\/02\/home_leads.jpg\";s:8:\"filesize\";i:56055;s:5:\"sizes\";a:6:{s:6:\"medium\";a:5:{s:4:\"file\";s:22:\"home_leads-231x300.jpg\";s:5:\"width\";i:231;s:6:\"height\";i:300;s:9:\"mime-type\";s:10:\"image\/jpeg\";s:8:\"filesize\";i:18105;}s:9:\"thumbnail\";a:5:{s:4:\"file\";s:22:\"home_leads-150x150.jpg\";s:5:\"width\";i:150;s:6:\"height\";i:150;s:9:\"mime-type\";s:10:\"image\/jpeg\";s:8:\"filesize\";i:9481;}s:21:\"woocommerce_thumbnail\";a:6:{s:4:\"file\";s:22:\"home_leads-300x300.jpg\";s:5:\"width\";i:300;s:6:\"height\";i:300;s:9:\"mime-type\";s:10:\"image\/jpeg\";s:8:\"filesize\";i:20429;s:9:\"uncropped\";b:0;}s:29:\"woocommerce_gallery_thumbnail\";a:5:{s:4:\"file\";s:22:\"home_leads-370x400.jpg\";s:5:\"width\";i:370;s:6:\"height\";i:400;s:9:\"mime-type\";s:10:\"image\/jpeg\";s:8:\"filesize\";i:31681;}s:29:\"variation_swatches_image_size\";a:5:{s:4:\"file\";s:20:\"home_leads-50x50.jpg\";s:5:\"width\";i:50;s:6:\"height\";i:50;s:9:\"mime-type\";s:10:\"image\/jpeg\";s:8:\"filesize\";i:4614;}s:31:\"variation_swatches_tooltip_size\";a:5:{s:4:\"file\";s:22:\"home_leads-100x100.jpg\";s:5:\"width\";i:100;s:6:\"height\";i:100;s:9:\"mime-type\";s:10:\"image\/jpeg\";s:8:\"filesize\";i:6712;}}s:10:\"image_meta\";a:12:{s:8:\"aperture\";s:1:\"0\";s:6:\"credit\";s:0:\"\";s:6:\"camera\";s:0:\"\";s:7:\"caption\";s:0:\"\";s:17:\"created_timestamp\";s:1:\"0\";s:9:\"copyright\";s:0:\"\";s:12:\"focal_length\";s:1:\"0\";s:3:\"iso\";s:1:\"0\";s:13:\"shutter_speed\";s:1:\"0\";s:5:\"title\";s:0:\"\";s:11:\"orientation\";s:1:\"0\";s:8:\"keywords\";a:0:{}}}"}],"comments":[],"media":[],"attachment_url":"https:\/\/livewp.site\/wp\/md\/ewebot\/wp-content\/uploads\/sites\/64\/2023\/02\/home_leads.jpg"}