{"post_title":"3 Ways to Transform Your Blog Into a SEO Machine","guid":"https:\/\/livewp.site\/wp\/md\/ewebot\/post-with-quote\/","post_author":"","post_content":"<p>Want to know the one thing that every successful digital marketer does first to ensure they get the biggest return on their marketing budget? It\u2019s simple: goal-setting. This is an absolutely essential practice for any digital marketer who knows how to execute their campaigns in a productive, cost-effective way. With a few. With a few simple tips, you can be doing the same in no time! In this blog, we\u2019ll walk you through the first steps every savvy digital marketer takes to ensure that they\u2019re on target to hit all their marketing objectives. Get ready for revenue!\u00a0<\/p><p>Remember: even if the channel you\u2019re considering is all the rage right now, it might not fit your brand. Always make informed decisions that directly relate to your company. Otherwise, your message won\u2019t be delivered to its intended audience and you\u2019ll have wasted time, effort and money.<\/p>\t\t\n\t\t\t<h2>Know Your Digital Goals<\/h2>\t\t\n\t\t<p>The first step is clearly identifying which goals you want to achieve. Get specific. Do you want to increase brand awareness? Are you all about locking in leads? Do you want to establish a strong network of influencers that can help you be discovered? How about pushing engagement on social media?<\/p>\t\t\n\t\t\t\t\t\t\t\t\t\t<img width=\"1170\" height=\"1170\" src=\"https:\/\/livewp.site\/wp\/md\/ewebot\/wp-content\/uploads\/sites\/64\/2019\/07\/blog_img_02.jpg\" alt=\"\" title=\"blog_img_02\" \/>\t\t\t\t\t\t\t\t\t\t\t\n\t\t\t\t\t\t\t\t\t\t<img width=\"1170\" height=\"1170\" src=\"https:\/\/livewp.site\/wp\/md\/ewebot\/wp-content\/uploads\/sites\/64\/2019\/07\/blog_img_03.jpg\" alt=\"\" title=\"blog_img_03\" \/>\t\t\t\t\t\t\t\t\t\t\t\n\t\t\t<h2>Get Specific<\/h2>\t\t\n\t\t<p>A useful tool for narrowing down your goals to ensure they\u2019re viable is the SMART mnemonic. It\u2019s important to get specific to understand exactly what you\u2019re working towards, and help you break down the process of hitting your targets. This is exactly what this mnemonic helps you to achieve.<\/p><ul><li>Does the channel reach my intended audience?<\/li><li>Is the channel sustainable and affordable within my company\u2019s marketing budget?<\/li><li>Will I be able to measure the success of the channel?<\/li><li>Does the channel allow me to express my brand\u2019s intended message?<\/li><li>Do the channels I\u2019m considering work together to convey my message?<\/li><\/ul>\t\t\n\t\t\t\t\t\t\t\t\t\t<img width=\"1170\" height=\"780\" src=\"https:\/\/livewp.site\/wp\/md\/ewebot\/wp-content\/uploads\/sites\/64\/2019\/07\/blog_img_04.jpg\" alt=\"\" title=\"blog_img_04\" \/>\t\t\t\t\t\t\t\t\t\t\t\n\t\t\t<h2>Always Remember Your Goals!<\/h2>\t\t\n\t\t<p>Establishing a solid vision for your business is the first step to planning your digital marketing budget. Always keep your final goals in sight when organising anything for your company. When deciding which steps to take next in your business, ask yourself how they will help you achieve the goals you outlined in Step #1. This will ensure that you stay on track and prevent you from spending your budget on anything that won\u2019t help you achieve.<\/p>\t\t\n\t\t<blockquote><p style=\"text-align: center\">Cum et essent similique. Inani propriae menandri sed in. Pericula expetendis has no,<br \/>quo populo forensibus contentiones et, nibh error in per.<\/p><p style=\"text-align: center\"><cite>Denis Robinson<br \/><\/cite><\/p><\/blockquote>\t\t\n\t\t<p>As your budget progresses and evolves, continue referring to your SMART objectives. Stay focused and remember your goals \u2013 they will always inform what your next step will be!<\/p>","post_excerpt":"","post_id":1414,"pubDate":"Sun, 01 Aug 2021 12:59:51 +0000","post_date":"2021-08-01 12:59:51","post_date_gmt":"2021-08-01 12:59:51","comment_status":"open","ping_status":"open","post_name":"post-with-quote","status":"publish","post_parent":0,"menu_order":0,"post_type":"post","post_password":"","is_sticky":0,"terms":[18,55],"postmeta":[{"meta_key":"_edit_last","meta_value":"1"},{"meta_key":"post_format_qoute_author","meta_value":"Denis Robinson"},{"meta_key":"post_format_qoute_text","meta_value":"Cum et essent similique. Inani propriae menandri sed in. Pericula expetendis has no, quo populo forensibus contentiones et, nibh error in per. "},{"meta_key":"mb_page_sidebar_layout","meta_value":"default"},{"meta_key":"mb_header_presets","meta_value":"default"},{"meta_key":"mb_page_title_conditional","meta_value":"default"},{"meta_key":"mb_page_title_use_feature_image","meta_value":"0"},{"meta_key":"mb_show_breadcrumbs","meta_value":"1"},{"meta_key":"mb_page_title_vertical_align","meta_value":"middle"},{"meta_key":"mb_page_title_horizontal_align","meta_value":"center"},{"meta_key":"mb_page_title_font_color","meta_value":"#3b3663"},{"meta_key":"mb_page_title_bg_color","meta_value":"#ffffff"},{"meta_key":"mb_page_title_bg_repeat","meta_value":"no-repeat"},{"meta_key":"mb_page_title_bg_size","meta_value":"cover"},{"meta_key":"mb_page_title_bg_attachment","meta_value":"scroll"},{"meta_key":"mb_page_title_bg_position","meta_value":"center center"},{"meta_key":"mb_page_title_height","meta_value":"215"},{"meta_key":"mb_page_title_top_border","meta_value":"0"},{"meta_key":"mb_page_title_top_border_color_opacity","meta_value":"1"},{"meta_key":"mb_page_title_bottom_border","meta_value":"0"},{"meta_key":"mb_page_title_bottom_border_color_opacity","meta_value":"1"},{"meta_key":"mb_page_title_bottom_margin","meta_value":"80"},{"meta_key":"mb_map_prefooter","meta_value":"default"},{"meta_key":"mb_footer_switch","meta_value":"default"},{"meta_key":"mb_footer_column","meta_value":"4"},{"meta_key":"mb_footer_column2","meta_value":"6-6"},{"meta_key":"mb_footer_column3","meta_value":"5-5-2"},{"meta_key":"mb_footer_column5","meta_value":"2-3-2-2-3"},{"meta_key":"mb_footer_align","meta_value":"left"},{"meta_key":"mb_padding_top","meta_value":"57"},{"meta_key":"mb_padding_bottom","meta_value":"57"},{"meta_key":"mb_padding_left","meta_value":"0"},{"meta_key":"mb_padding_right","meta_value":"0"},{"meta_key":"mb_footer_full_width","meta_value":"default"},{"meta_key":"mb_footer_bg_size","meta_value":"cover"},{"meta_key":"mb_footer_bg_color","meta_value":"#191a1c"},{"meta_key":"mb_footer_text_color","meta_value":"#ffffff"},{"meta_key":"mb_footer_heading_color","meta_value":"#9da1a5"},{"meta_key":"mb_footer_bg_repeat","meta_value":"repeat"},{"meta_key":"mb_footer_attachment","meta_value":"scroll"},{"meta_key":"mb_footer_bg_position","meta_value":"center center"},{"meta_key":"mb_footer_top_border","meta_value":"1"},{"meta_key":"mb_footer_top_border_color_opacity","meta_value":"0.1"},{"meta_key":"mb_copyright_switch","meta_value":"1"},{"meta_key":"mb_copyright_align","meta_value":"left"},{"meta_key":"mb_copyright_padding_top","meta_value":"20"},{"meta_key":"mb_copyright_padding_bottom","meta_value":"20"},{"meta_key":"mb_copyright_padding_left","meta_value":"0"},{"meta_key":"mb_copyright_padding_right","meta_value":"0"},{"meta_key":"mb_copyright_bg_color","meta_value":"#191a1c"},{"meta_key":"mb_copyright_text_color","meta_value":"#9da1a5"},{"meta_key":"mb_copyright_top_border","meta_value":"1"},{"meta_key":"mb_copyright_top_border_color_opacity","meta_value":"1"},{"meta_key":"mb_pre_footer_switch","meta_value":"0"},{"meta_key":"mb_pre_footer_align","meta_value":"left"},{"meta_key":"mb_pre_footer_padding_top","meta_value":"20"},{"meta_key":"mb_pre_footer_padding_bottom","meta_value":"20"},{"meta_key":"mb_pre_footer_padding_left","meta_value":"0"},{"meta_key":"mb_pre_footer_padding_right","meta_value":"0"},{"meta_key":"mb_pre_footer_bg_color","meta_value":"#191a1c"},{"meta_key":"mb_pre_footer_text_color","meta_value":"#9da1a5"},{"meta_key":"mb_pre_footer_bottom_border","meta_value":"1"},{"meta_key":"mb_pre_footer_bottom_border_color_opacity","meta_value":"1"},{"meta_key":"_elementor_edit_mode","meta_value":"builder"},{"meta_key":"_elementor_template_type","meta_value":"wp-post"},{"meta_key":"_elementor_version","meta_value":"2.7.1"},{"meta_key":"_wp_page_template","meta_value":"default"},{"meta_key":"_elementor_data","meta_value":"[{\"id\":\"8a4fada\",\"elType\":\"section\",\"settings\":{\"margin\":{\"unit\":\"px\",\"top\":\"-4\",\"right\":\"0\",\"bottom\":\"0\",\"left\":\"0\",\"isLinked\":\"\"}},\"elements\":[{\"id\":\"3b9c652\",\"elType\":\"column\",\"settings\":{\"_column_size\":\"100\",\"gt3_carousel_nav_prev\":\"Prev\",\"gt3_carousel_nav_next\":\"Next\"},\"elements\":[{\"id\":\"092f917\",\"elType\":\"widget\",\"settings\":{\"editor\":\"<p><span class=\\\"gt3_dropcaps\\\" style=\\\"font-size: 3.33em;line-height: 0.92;color: #5747e4\\\">W<\\\/span>ant to know the one thing that every successful digital marketer does first to ensure they get the biggest return on their marketing budget? It\\u2019s simple: goal-setting. This is an absolutely essential practice for any digital marketer who knows how to execute their campaigns in a productive, cost-effective way. With a few. With a few simple tips, you can be doing the same in no time! In this blog, we\\u2019ll walk you through the first steps every savvy digital marketer takes to ensure that they\\u2019re on target to hit all their marketing objectives. <span style=\\\"font-weight: 500\\\" class=\\\"gt3_font-weight\\\">Get ready for revenue!\\u00a0<\\\/span><\\\/p>\",\"_margin\":{\"unit\":\"px\",\"top\":\"0\",\"right\":\"0\",\"bottom\":\"7\",\"left\":\"0\",\"isLinked\":\"\"}},\"elements\":[],\"widgetType\":\"text-editor\"},{\"id\":\"029f846\",\"elType\":\"widget\",\"settings\":{\"editor\":\"<p>Remember: even if the channel you\\u2019re considering is all the rage right now, it might not fit your brand. Always make informed decisions that directly <span style=\\\"color: #5747e4\\\">relate to your company.<\\\/span> Otherwise, your message won\\u2019t be delivered to its intended audience and you\\u2019ll have wasted time, effort and money.<\\\/p>\"},\"elements\":[],\"widgetType\":\"text-editor\"},{\"id\":\"30577a7\",\"elType\":\"widget\",\"settings\":{\"title\":\"Know Your Digital Goals\",\"typography_typography\":\"custom\",\"typography_font_size\":{\"unit\":\"px\",\"size\":\"24\",\"sizes\":[]},\"typography_line_height\":{\"unit\":\"px\",\"size\":\"30\",\"sizes\":[]},\"_margin\":{\"unit\":\"px\",\"top\":\"17\",\"right\":\"0\",\"bottom\":\"0\",\"left\":\"0\",\"isLinked\":\"\"}},\"elements\":[],\"widgetType\":\"heading\"}],\"isInner\":\"\"}],\"isInner\":\"\"},{\"id\":\"e48633d\",\"elType\":\"section\",\"settings\":[],\"elements\":[{\"id\":\"36fffbd\",\"elType\":\"column\",\"settings\":{\"_column_size\":\"100\",\"gt3_carousel_nav_prev\":\"Prev\",\"gt3_carousel_nav_next\":\"Next\"},\"elements\":[{\"id\":\"8d22fab\",\"elType\":\"widget\",\"settings\":{\"editor\":\"<p>The first step is clearly identifying which goals you want to achieve. Get specific. Do you want to increase brand awareness? Are you all about locking in leads? Do you want to establish a strong network of influencers that can help you be discovered? How about pushing engagement on <span style=\\\"color: #5747e4\\\">social media?<\\\/span><\\\/p>\",\"_margin\":{\"unit\":\"px\",\"top\":\"-3\",\"right\":\"0\",\"bottom\":\"0\",\"left\":\"0\",\"isLinked\":\"\"}},\"elements\":[],\"widgetType\":\"text-editor\"}],\"isInner\":\"\"}],\"isInner\":\"\"},{\"id\":\"2c7fd5c\",\"elType\":\"section\",\"settings\":{\"gap\":\"extended\",\"structure\":\"20\",\"margin\":{\"unit\":\"px\",\"top\":\"-3\",\"right\":\"0\",\"bottom\":\"0\",\"left\":\"0\",\"isLinked\":\"\"}},\"elements\":[{\"id\":\"c18efb5\",\"elType\":\"column\",\"settings\":{\"_column_size\":\"50\",\"gt3_carousel_nav_prev\":\"Prev\",\"gt3_carousel_nav_next\":\"Next\"},\"elements\":[{\"id\":\"edbe420\",\"elType\":\"widget\",\"settings\":{\"image\":{\"url\":\"https:\\\/\\\/livewp.site\\\/wp\\\/md\\\/evvebot\\\/wp-content\\\/uploads\\\/sites\\\/63\\\/2019\\\/07\\\/blog_img_02.jpg\",\"id\":\"975\"},\"image_size\":\"full\",\"image_border_radius\":{\"unit\":\"px\",\"top\":\"5\",\"right\":\"5\",\"bottom\":\"5\",\"left\":\"5\",\"isLinked\":\"1\"}},\"elements\":[],\"widgetType\":\"image\"}],\"isInner\":\"\"},{\"id\":\"3d1c382\",\"elType\":\"column\",\"settings\":{\"_column_size\":\"50\",\"gt3_carousel_nav_prev\":\"Prev\",\"gt3_carousel_nav_next\":\"Next\"},\"elements\":[{\"id\":\"7fca075\",\"elType\":\"widget\",\"settings\":{\"image\":{\"url\":\"https:\\\/\\\/livewp.site\\\/wp\\\/md\\\/evvebot\\\/wp-content\\\/uploads\\\/sites\\\/63\\\/2019\\\/07\\\/blog_img_03.jpg\",\"id\":\"976\"},\"image_size\":\"full\",\"image_border_radius\":{\"unit\":\"px\",\"top\":\"5\",\"right\":\"5\",\"bottom\":\"5\",\"left\":\"5\",\"isLinked\":\"1\"}},\"elements\":[],\"widgetType\":\"image\"}],\"isInner\":\"\"}],\"isInner\":\"\"},{\"id\":\"f40c5d1\",\"elType\":\"section\",\"settings\":[],\"elements\":[{\"id\":\"5420214\",\"elType\":\"column\",\"settings\":{\"_column_size\":\"100\",\"gt3_carousel_nav_prev\":\"Prev\",\"gt3_carousel_nav_next\":\"Next\",\"space_between_widgets\":\"0\"},\"elements\":[{\"id\":\"e1471e8\",\"elType\":\"widget\",\"settings\":{\"space\":{\"unit\":\"px\",\"size\":\"20\",\"sizes\":[]}},\"elements\":[],\"widgetType\":\"spacer\"},{\"id\":\"cbe77ef\",\"elType\":\"widget\",\"settings\":{\"title\":\"Get Specific\",\"typography_typography\":\"custom\",\"typography_font_size\":{\"unit\":\"px\",\"size\":\"24\",\"sizes\":[]},\"typography_line_height\":{\"unit\":\"px\",\"size\":\"30\",\"sizes\":[]}},\"elements\":[],\"widgetType\":\"heading\"},{\"id\":\"5e7774e\",\"elType\":\"widget\",\"settings\":{\"space\":{\"unit\":\"px\",\"size\":\"18\",\"sizes\":[]}},\"elements\":[],\"widgetType\":\"spacer\"},{\"id\":\"fa8cc6d\",\"elType\":\"widget\",\"settings\":{\"editor\":\"<p>A useful tool for narrowing down your goals to ensure they\\u2019re viable is the SMART mnemonic. It\\u2019s important to get specific to understand exactly what you\\u2019re working towards, and help you break down the process of hitting your targets.<span style=\\\"font-weight: 500\\\" class=\\\"gt3_font-weight\\\"> This is exactly what this mnemonic helps you to achieve.<\\\/span><\\\/p>\"},\"elements\":[],\"widgetType\":\"text-editor\"},{\"id\":\"9b32227\",\"elType\":\"widget\",\"settings\":{\"editor\":\"<ul><li>Does the channel reach my intended audience?<\\\/li><li>Is the channel sustainable and affordable within my company\\u2019s marketing budget?<\\\/li><li>Will I be able to measure the success of the channel?<\\\/li><li>Does the channel allow me to express my brand\\u2019s intended message?<\\\/li><li>Do the channels I\\u2019m considering work together to convey my message?<\\\/li><\\\/ul>\",\"typography_typography\":\"custom\",\"typography_font_size\":{\"unit\":\"px\",\"size\":\"16\",\"sizes\":[]},\"typography_line_height\":{\"unit\":\"em\",\"size\":\"1.5\",\"sizes\":[]},\"_margin\":{\"unit\":\"px\",\"top\":\"16\",\"right\":\"0\",\"bottom\":\"23\",\"left\":\"20\",\"isLinked\":\"\"}},\"elements\":[],\"widgetType\":\"text-editor\"},{\"id\":\"64fac20\",\"elType\":\"widget\",\"settings\":{\"image\":{\"url\":\"https:\\\/\\\/livewp.site\\\/wp\\\/md\\\/evvebot\\\/wp-content\\\/uploads\\\/sites\\\/63\\\/2019\\\/07\\\/blog_img_04.jpg\",\"id\":\"977\"},\"image_size\":\"full\",\"image_border_radius\":{\"unit\":\"px\",\"top\":\"5\",\"right\":\"5\",\"bottom\":\"5\",\"left\":\"5\",\"isLinked\":\"1\"}},\"elements\":[],\"widgetType\":\"image\"},{\"id\":\"3ae7318\",\"elType\":\"widget\",\"settings\":{\"space\":{\"unit\":\"px\",\"size\":\"24\",\"sizes\":[]}},\"elements\":[],\"widgetType\":\"spacer\"},{\"id\":\"3ebf22c\",\"elType\":\"widget\",\"settings\":{\"space\":{\"unit\":\"px\",\"size\":\"20\",\"sizes\":[]}},\"elements\":[],\"widgetType\":\"spacer\"},{\"id\":\"aa517f5\",\"elType\":\"widget\",\"settings\":{\"title\":\"Always Remember Your Goals!\",\"typography_typography\":\"custom\",\"typography_font_size\":{\"unit\":\"px\",\"size\":\"24\",\"sizes\":[]},\"typography_line_height\":{\"unit\":\"px\",\"size\":\"30\",\"sizes\":[]}},\"elements\":[],\"widgetType\":\"heading\"},{\"id\":\"a2ed986\",\"elType\":\"widget\",\"settings\":{\"space\":{\"unit\":\"px\",\"size\":\"18\",\"sizes\":[]}},\"elements\":[],\"widgetType\":\"spacer\"},{\"id\":\"3ac3a06\",\"elType\":\"widget\",\"settings\":{\"editor\":\"<p>Establishing a solid vision for your business is the first step to planning your digital marketing budget. Always keep your final goals in sight when organising anything for your company. When deciding which steps to take next in your business, <span style=\\\"color: #685be8\\\">ask yourself how they will help you<\\\/span> achieve the goals you outlined in Step #1. This will ensure that you stay on track and prevent you from spending your budget on anything that won\\u2019t help you achieve.<\\\/p>\"},\"elements\":[],\"widgetType\":\"text-editor\"},{\"id\":\"7128627\",\"elType\":\"widget\",\"settings\":{\"space\":{\"unit\":\"px\",\"size\":\"42\",\"sizes\":[]}},\"elements\":[],\"widgetType\":\"spacer\"},{\"id\":\"8aaebcb\",\"elType\":\"widget\",\"settings\":{\"editor\":\"<blockquote><p style=\\\"text-align: center\\\">Cum et essent similique. Inani propriae menandri sed in. Pericula expetendis has no,<br \\\/>quo populo forensibus contentiones et, nibh error in per.<\\\/p><p style=\\\"text-align: center\\\"><cite>Denis Robinson<br \\\/><\\\/cite><\\\/p><\\\/blockquote>\",\"typography_typography\":\"custom\",\"typography_font_size\":{\"unit\":\"px\",\"size\":\"20\",\"sizes\":[]},\"typography_line_height\":{\"unit\":\"px\",\"size\":\"30\",\"sizes\":[]}},\"elements\":[],\"widgetType\":\"text-editor\"},{\"id\":\"532aa95\",\"elType\":\"widget\",\"settings\":{\"space\":{\"unit\":\"px\",\"size\":\"17\",\"sizes\":[]}},\"elements\":[],\"widgetType\":\"spacer\"},{\"id\":\"45fdf53\",\"elType\":\"widget\",\"settings\":{\"editor\":\"<p>As your budget progresses and evolves, continue referring to your SMART objectives. Stay focused and remember your goals \\u2013 they will always inform what your next step will be!<\\\/p>\"},\"elements\":[],\"widgetType\":\"text-editor\"}],\"isInner\":\"\"}],\"isInner\":\"\"}]"},{"meta_key":"_edit_lock","meta_value":"1641732632:1"},{"meta_key":"mb_bubbles_block","meta_value":"default"},{"meta_key":"_elementor_controls_usage","meta_value":"a:6:{s:11:\"text-editor\";a:3:{s:5:\"count\";i:8;s:15:\"control_percent\";i:0;s:8:\"controls\";a:3:{s:7:\"content\";a:1:{s:14:\"section_editor\";a:1:{s:6:\"editor\";i:8;}}s:8:\"advanced\";a:1:{s:14:\"_section_style\";a:1:{s:7:\"_margin\";i:3;}}s:5:\"style\";a:1:{s:13:\"section_style\";a:3:{s:21:\"typography_typography\";i:2;s:20:\"typography_font_size\";i:2;s:22:\"typography_line_height\";i:2;}}}}s:7:\"heading\";a:3:{s:5:\"count\";i:3;s:15:\"control_percent\";i:2;s:8:\"controls\";a:3:{s:7:\"content\";a:1:{s:13:\"section_title\";a:1:{s:5:\"title\";i:3;}}s:5:\"style\";a:1:{s:19:\"section_title_style\";a:3:{s:21:\"typography_typography\";i:3;s:20:\"typography_font_size\";i:3;s:22:\"typography_line_height\";i:3;}}s:8:\"advanced\";a:1:{s:14:\"_section_style\";a:1:{s:7:\"_margin\";i:1;}}}}s:6:\"column\";a:3:{s:5:\"count\";i:5;s:15:\"control_percent\";i:0;s:8:\"controls\";a:1:{s:6:\"layout\";a:1:{s:6:\"layout\";a:1:{s:21:\"space_between_widgets\";i:1;}}}}s:7:\"section\";a:3:{s:5:\"count\";i:4;s:15:\"control_percent\";i:0;s:8:\"controls\";a:2:{s:8:\"advanced\";a:1:{s:16:\"section_advanced\";a:1:{s:6:\"margin\";i:2;}}s:6:\"layout\";a:2:{s:14:\"section_layout\";a:1:{s:3:\"gap\";i:1;}s:17:\"section_structure\";a:1:{s:9:\"structure\";i:1;}}}}s:5:\"image\";a:3:{s:5:\"count\";i:3;s:15:\"control_percent\";i:1;s:8:\"controls\";a:2:{s:7:\"content\";a:1:{s:13:\"section_image\";a:2:{s:5:\"image\";i:3;s:10:\"image_size\";i:3;}}s:5:\"style\";a:1:{s:19:\"section_style_image\";a:1:{s:19:\"image_border_radius\";i:3;}}}}s:6:\"spacer\";a:3:{s:5:\"count\";i:7;s:15:\"control_percent\";i:0;s:8:\"controls\";a:1:{s:7:\"content\";a:1:{s:14:\"section_spacer\";a:1:{s:5:\"space\";i:7;}}}}}"},{"meta_key":"rs_page_bg_color","meta_value":""},{"meta_key":"_wp_old_date","meta_value":"2019-08-01"},{"meta_key":"_gt3_usage_shortcodes","meta_value":"{\"mc4wp_form\":1}"},{"meta_key":"_wp_old_date","meta_value":"2020-08-01"}],"comments":[],"media":[975,976,977]}