{"post_title":"shop_img_10","guid":"https:\/\/livewp.site\/wp\/md\/ewebot\/shop_img_10\/","post_author":"","post_content":"","post_excerpt":"","post_id":1464,"pubDate":"Mon, 19 Aug 2019 07:01:27 +0000","post_date":"2019-08-19 07:01:27","post_date_gmt":"2019-08-19 07:01:27","comment_status":"open","ping_status":"closed","post_name":"shop_img_10","status":"inherit","post_parent":0,"menu_order":0,"post_type":"attachment","post_password":"","is_sticky":0,"terms":[],"postmeta":[{"meta_key":"_wp_attached_file","meta_value":"2019\/08\/shop_img_10.png"},{"meta_key":"_wp_attachment_metadata","meta_value":"a:5:{s:5:\"width\";i:1170;s:6:\"height\";i:824;s:4:\"file\";s:23:\"2019\/08\/shop_img_10.png\";s:5:\"sizes\";a:10:{s:9:\"thumbnail\";a:4:{s:4:\"file\";s:23:\"shop_img_10-150x150.png\";s:5:\"width\";i:150;s:6:\"height\";i:150;s:9:\"mime-type\";s:9:\"image\/png\";}s:6:\"medium\";a:4:{s:4:\"file\";s:23:\"shop_img_10-300x211.png\";s:5:\"width\";i:300;s:6:\"height\";i:211;s:9:\"mime-type\";s:9:\"image\/png\";}s:12:\"medium_large\";a:4:{s:4:\"file\";s:23:\"shop_img_10-768x541.png\";s:5:\"width\";i:768;s:6:\"height\";i:541;s:9:\"mime-type\";s:9:\"image\/png\";}s:5:\"large\";a:4:{s:4:\"file\";s:24:\"shop_img_10-1024x721.png\";s:5:\"width\";i:1024;s:6:\"height\";i:721;s:9:\"mime-type\";s:9:\"image\/png\";}s:29:\"gt3-admin-post-featured-image\";a:4:{s:4:\"file\";s:23:\"shop_img_10-120x120.png\";s:5:\"width\";i:120;s:6:\"height\";i:120;s:9:\"mime-type\";s:9:\"image\/png\";}s:21:\"woocommerce_thumbnail\";a:5:{s:4:\"file\";s:23:\"shop_img_10-300x300.png\";s:5:\"width\";i:300;s:6:\"height\";i:300;s:9:\"mime-type\";s:9:\"image\/png\";s:9:\"uncropped\";b:0;}s:29:\"woocommerce_gallery_thumbnail\";a:4:{s:4:\"file\";s:23:\"shop_img_10-400x400.png\";s:5:\"width\";i:400;s:6:\"height\";i:400;s:9:\"mime-type\";s:9:\"image\/png\";}s:12:\"shop_catalog\";a:4:{s:4:\"file\";s:23:\"shop_img_10-800x800.png\";s:5:\"width\";i:800;s:6:\"height\";i:800;s:9:\"mime-type\";s:9:\"image\/png\";}s:14:\"shop_thumbnail\";a:4:{s:4:\"file\";s:23:\"shop_img_10-400x400.png\";s:5:\"width\";i:400;s:6:\"height\";i:400;s:9:\"mime-type\";s:9:\"image\/png\";}s:29:\"woocommerce_thumbnail_preview\";a:4:{s:4:\"file\";s:23:\"shop_img_10-300x300.png\";s:5:\"width\";i:300;s:6:\"height\";i:300;s:9:\"mime-type\";s:9:\"image\/png\";}}s:10:\"image_meta\";a:12:{s:8:\"aperture\";s:1:\"0\";s:6:\"credit\";s:0:\"\";s:6:\"camera\";s:0:\"\";s:7:\"caption\";s:0:\"\";s:17:\"created_timestamp\";s:1:\"0\";s:9:\"copyright\";s:0:\"\";s:12:\"focal_length\";s:1:\"0\";s:3:\"iso\";s:1:\"0\";s:13:\"shutter_speed\";s:1:\"0\";s:5:\"title\";s:0:\"\";s:11:\"orientation\";s:1:\"0\";s:8:\"keywords\";a:0:{}}}"},{"meta_key":"_gt3_usage_shortcodes","meta_value":"{\"mc4wp_form\":1}"}],"comments":[],"media":[],"attachment_url":"https:\/\/livewp.site\/wp\/md\/ewebot\/wp-content\/uploads\/sites\/64\/2019\/08\/shop_img_10.png"}