{"post_title":"Home","guid":"https:\/\/livewp.site\/wp\/md\/ewebot\/home\/","post_author":"","post_content":"","post_excerpt":"","post_id":1474,"pubDate":"Wed, 21 Aug 2019 12:17:09 +0000","post_date":"2022-09-15 13:55:44","post_date_gmt":"2019-08-21 12:17:09","comment_status":"closed","ping_status":"closed","post_name":"home","status":"publish","post_parent":0,"menu_order":1,"post_type":"nav_menu_item","post_password":"","is_sticky":0,"terms":[50],"postmeta":[{"meta_key":"_menu_item_type","meta_value":"custom"},{"meta_key":"_menu_item_menu_item_parent","meta_value":"0"},{"meta_key":"_menu_item_object_id","meta_value":"1474"},{"meta_key":"_menu_item_object","meta_value":"custom"},{"meta_key":"_menu_item_target","meta_value":""},{"meta_key":"_menu_item_classes","meta_value":"a:1:{i:0;s:0:\"\";}"},{"meta_key":"_menu_item_xfn","meta_value":""},{"meta_key":"_menu_item_url","meta_value":"#"},{"meta_key":"_menu_item_label_text","meta_value":""},{"meta_key":"_menu_item_label_color","meta_value":""},{"meta_key":"_menu_item_label_bg_color","meta_value":""},{"meta_key":"_menu_item_padding_left","meta_value":""},{"meta_key":"_menu_item_padding_right","meta_value":""},{"meta_key":"_menu_item_sidebar","meta_value":""},{"meta_key":"_menu_item_megamenu","meta_value":"true"},{"meta_key":"_wp_old_date","meta_value":"2019-08-21"},{"meta_key":"_wp_old_date","meta_value":"2021-03-29"},{"meta_key":"_wp_old_date","meta_value":"2021-04-06"},{"meta_key":"_wp_old_date","meta_value":"2021-04-12"},{"meta_key":"_wp_old_date","meta_value":"2021-05-24"},{"meta_key":"_wp_old_date","meta_value":"2021-10-04"},{"meta_key":"_wpda_menu_settings","meta_value":"{\"enable\":true,\"originalOnMobile\":true,\"library\":\"9684\"}"},{"meta_key":"_wp_old_date","meta_value":"2021-10-18"},{"meta_key":"_wp_old_date","meta_value":"2021-10-22"},{"meta_key":"_wp_old_date","meta_value":"2021-10-26"},{"meta_key":"_wp_old_date","meta_value":"2022-01-13"},{"meta_key":"_wp_old_date","meta_value":"2022-09-13"}],"comments":[],"media":[]}