{"post_title":"tabs_content-04","guid":"https:\/\/livewp.site\/wp\/md\/ewebot\/home-02\/tabs_content-04\/","post_author":"","post_content":"","post_excerpt":"","post_id":1582,"pubDate":"Mon, 30 Sep 2019 12:47:37 +0000","post_date":"2019-09-30 12:47:37","post_date_gmt":"2019-09-30 12:47:37","comment_status":"open","ping_status":"closed","post_name":"tabs_content-04","status":"inherit","post_parent":427,"menu_order":0,"post_type":"attachment","post_password":"","is_sticky":0,"terms":[],"postmeta":[{"meta_key":"_wp_attached_file","meta_value":"2019\/08\/tabs_content-04.jpg"},{"meta_key":"_wp_attachment_metadata","meta_value":"a:5:{s:5:\"width\";i:501;s:6:\"height\";i:306;s:4:\"file\";s:27:\"2019\/08\/tabs_content-04.jpg\";s:5:\"sizes\";a:7:{s:9:\"thumbnail\";a:4:{s:4:\"file\";s:27:\"tabs_content-04-150x150.jpg\";s:5:\"width\";i:150;s:6:\"height\";i:150;s:9:\"mime-type\";s:10:\"image\/jpeg\";}s:6:\"medium\";a:4:{s:4:\"file\";s:27:\"tabs_content-04-300x183.jpg\";s:5:\"width\";i:300;s:6:\"height\";i:183;s:9:\"mime-type\";s:10:\"image\/jpeg\";}s:29:\"gt3-admin-post-featured-image\";a:4:{s:4:\"file\";s:27:\"tabs_content-04-120x120.jpg\";s:5:\"width\";i:120;s:6:\"height\";i:120;s:9:\"mime-type\";s:10:\"image\/jpeg\";}s:21:\"woocommerce_thumbnail\";a:6:{s:4:\"file\";s:27:\"tabs_content-04-300x300.jpg\";s:5:\"width\";i:300;s:6:\"height\";i:300;s:9:\"mime-type\";s:10:\"image\/jpeg\";s:8:\"filesize\";i:10678;s:9:\"uncropped\";b:0;}s:29:\"woocommerce_gallery_thumbnail\";a:4:{s:4:\"file\";s:27:\"tabs_content-04-400x306.jpg\";s:5:\"width\";i:400;s:6:\"height\";i:306;s:9:\"mime-type\";s:10:\"image\/jpeg\";}s:12:\"shop_catalog\";a:4:{s:4:\"file\";s:27:\"tabs_content-04-300x306.jpg\";s:5:\"width\";i:300;s:6:\"height\";i:306;s:9:\"mime-type\";s:10:\"image\/jpeg\";}s:14:\"shop_thumbnail\";a:4:{s:4:\"file\";s:27:\"tabs_content-04-400x306.jpg\";s:5:\"width\";i:400;s:6:\"height\";i:306;s:9:\"mime-type\";s:10:\"image\/jpeg\";}}s:10:\"image_meta\";a:12:{s:8:\"aperture\";s:1:\"0\";s:6:\"credit\";s:0:\"\";s:6:\"camera\";s:0:\"\";s:7:\"caption\";s:0:\"\";s:17:\"created_timestamp\";s:1:\"0\";s:9:\"copyright\";s:0:\"\";s:12:\"focal_length\";s:1:\"0\";s:3:\"iso\";s:1:\"0\";s:13:\"shutter_speed\";s:1:\"0\";s:5:\"title\";s:0:\"\";s:11:\"orientation\";s:1:\"0\";s:8:\"keywords\";a:0:{}}}"},{"meta_key":"_edit_lock","meta_value":"1569847514:2"},{"meta_key":"_wp_old_slug","meta_value":"tabs_content_04"},{"meta_key":"_gt3_usage_shortcodes","meta_value":"{\"mc4wp_form\":1}"}],"comments":[],"media":[],"attachment_url":"https:\/\/livewp.site\/wp\/md\/ewebot\/wp-content\/uploads\/sites\/64\/2019\/08\/tabs_content-04.jpg"}