{"post_title":"accordion_plus","guid":"https:\/\/livewp.site\/wp\/md\/ewebot\/home-02\/accordion_plus\/","post_author":"","post_content":"","post_excerpt":"","post_id":1925,"pubDate":"Tue, 03 Sep 2019 14:17:16 +0000","post_date":"2019-09-03 14:17:16","post_date_gmt":"2019-09-03 14:17:16","comment_status":"open","ping_status":"closed","post_name":"accordion_plus","status":"inherit","post_parent":427,"menu_order":0,"post_type":"attachment","post_password":"","is_sticky":0,"terms":[],"postmeta":[{"meta_key":"_wp_attached_file","meta_value":"2019\/09\/accordion_plus.svg"},{"meta_key":"gt3_video_url","meta_value":""},{"meta_key":"gt3_external_link_url","meta_value":""},{"meta_key":"_gt3_usage_shortcodes","meta_value":"{\"mc4wp_form\":1}"},{"meta_key":"_elementor_inline_svg","meta_value":"<svg xmlns=\"http:\/\/www.w3.org\/2000\/svg\" xmlns:xlink=\"http:\/\/www.w3.org\/1999\/xlink\" x=\"0px\" y=\"0px\" viewBox=\"0 0 42 42\" style=\"enable-background:new 0 0 42 42;\" xml:space=\"preserve\">\n<polygon points=\"42,19 23,19 23,0 19,0 19,19 0,19 0,23 19,23 19,42 23,42 23,23 42,23 \"><\/polygon>\n<g>\n<\/g>\n<g>\n<\/g>\n<g>\n<\/g>\n<g>\n<\/g>\n<g>\n<\/g>\n<g>\n<\/g>\n<g>\n<\/g>\n<g>\n<\/g>\n<g>\n<\/g>\n<g>\n<\/g>\n<g>\n<\/g>\n<g>\n<\/g>\n<g>\n<\/g>\n<g>\n<\/g>\n<g>\n<\/g>\n<\/svg>\n"}],"comments":[],"media":[],"attachment_url":"https:\/\/livewp.site\/wp\/md\/ewebot\/wp-content\/uploads\/sites\/64\/2019\/09\/accordion_plus.svg"}