{"post_title":"PCC_bg_img_01","guid":"https:\/\/livewp.site\/wp\/md\/ewebot\/ppc-services\/pcc_bg_img_01\/","post_author":"","post_content":"","post_excerpt":"","post_id":2496,"pubDate":"Thu, 19 Sep 2019 09:44:47 +0000","post_date":"2019-09-19 09:44:47","post_date_gmt":"2019-09-19 09:44:47","comment_status":"open","ping_status":"closed","post_name":"pcc_bg_img_01","status":"inherit","post_parent":876,"menu_order":0,"post_type":"attachment","post_password":"","is_sticky":0,"terms":[],"postmeta":[{"meta_key":"_wp_attached_file","meta_value":"2019\/09\/PCC_bg_img_01.png"},{"meta_key":"_wp_attachment_metadata","meta_value":"a:5:{s:5:\"width\";i:682;s:6:\"height\";i:562;s:4:\"file\";s:25:\"2019\/09\/PCC_bg_img_01.png\";s:5:\"sizes\";a:7:{s:9:\"thumbnail\";a:4:{s:4:\"file\";s:25:\"PCC_bg_img_01-150x150.png\";s:5:\"width\";i:150;s:6:\"height\";i:150;s:9:\"mime-type\";s:9:\"image\/png\";}s:6:\"medium\";a:4:{s:4:\"file\";s:25:\"PCC_bg_img_01-300x247.png\";s:5:\"width\";i:300;s:6:\"height\";i:247;s:9:\"mime-type\";s:9:\"image\/png\";}s:29:\"gt3-admin-post-featured-image\";a:4:{s:4:\"file\";s:25:\"PCC_bg_img_01-120x120.png\";s:5:\"width\";i:120;s:6:\"height\";i:120;s:9:\"mime-type\";s:9:\"image\/png\";}s:29:\"woocommerce_gallery_thumbnail\";a:4:{s:4:\"file\";s:25:\"PCC_bg_img_01-400x400.png\";s:5:\"width\";i:400;s:6:\"height\";i:400;s:9:\"mime-type\";s:9:\"image\/png\";}s:14:\"shop_thumbnail\";a:4:{s:4:\"file\";s:25:\"PCC_bg_img_01-400x400.png\";s:5:\"width\";i:400;s:6:\"height\";i:400;s:9:\"mime-type\";s:9:\"image\/png\";}s:21:\"woocommerce_thumbnail\";a:5:{s:4:\"file\";s:25:\"PCC_bg_img_01-300x300.png\";s:5:\"width\";i:300;s:6:\"height\";i:300;s:9:\"mime-type\";s:9:\"image\/png\";s:9:\"uncropped\";b:0;}s:12:\"shop_catalog\";a:4:{s:4:\"file\";s:25:\"PCC_bg_img_01-300x300.png\";s:5:\"width\";i:300;s:6:\"height\";i:300;s:9:\"mime-type\";s:9:\"image\/png\";}}s:10:\"image_meta\";a:12:{s:8:\"aperture\";s:1:\"0\";s:6:\"credit\";s:0:\"\";s:6:\"camera\";s:0:\"\";s:7:\"caption\";s:0:\"\";s:17:\"created_timestamp\";s:1:\"0\";s:9:\"copyright\";s:0:\"\";s:12:\"focal_length\";s:1:\"0\";s:3:\"iso\";s:1:\"0\";s:13:\"shutter_speed\";s:1:\"0\";s:5:\"title\";s:0:\"\";s:11:\"orientation\";s:1:\"0\";s:8:\"keywords\";a:0:{}}}"},{"meta_key":"_gt3_usage_shortcodes","meta_value":"{\"mc4wp_form\":1}"}],"comments":[],"media":[],"attachment_url":"https:\/\/livewp.site\/wp\/md\/ewebot\/wp-content\/uploads\/sites\/64\/2019\/09\/PCC_bg_img_01.png"}