{"post_title":"gt3_image_svg","guid":"https:\/\/livewp.site\/wp\/md\/ewebot\/home-01\/gt3_image_svg\/","post_author":"","post_content":"","post_excerpt":"","post_id":2710,"pubDate":"Fri, 27 Sep 2019 12:33:49 +0000","post_date":"2019-09-27 12:33:49","post_date_gmt":"2019-09-27 12:33:49","comment_status":"open","ping_status":"closed","post_name":"gt3_image_svg","status":"inherit","post_parent":91,"menu_order":0,"post_type":"attachment","post_password":"","is_sticky":0,"terms":[],"postmeta":[{"meta_key":"_wp_attached_file","meta_value":"2019\/09\/gt3_image_svg.svg"},{"meta_key":"_gt3_usage_shortcodes","meta_value":"{\"mc4wp_form\":1}"}],"comments":[],"media":[],"attachment_url":"https:\/\/livewp.site\/wp\/md\/ewebot\/wp-content\/uploads\/sites\/64\/2019\/09\/gt3_image_svg.svg"}