{"post_title":"header_wave-bg","guid":"https:\/\/livewp.site\/wp\/md\/ewebot\/home-04\/header_wave-bg\/","post_author":"","post_content":"","post_excerpt":"","post_id":3272,"pubDate":"Thu, 19 Dec 2019 06:29:08 +0000","post_date":"2019-12-19 06:29:08","post_date_gmt":"2019-12-19 06:29:08","comment_status":"open","ping_status":"closed","post_name":"header_wave-bg","status":"inherit","post_parent":3262,"menu_order":0,"post_type":"attachment","post_password":"","is_sticky":0,"terms":[],"postmeta":[{"meta_key":"_wp_attached_file","meta_value":"2019\/12\/header_wave-bg.png"},{"meta_key":"_wp_attachment_metadata","meta_value":"a:5:{s:5:\"width\";i:1920;s:6:\"height\";i:805;s:4:\"file\";s:26:\"2019\/12\/header_wave-bg.png\";s:5:\"sizes\";a:11:{s:6:\"medium\";a:4:{s:4:\"file\";s:26:\"header_wave-bg-300x126.png\";s:5:\"width\";i:300;s:6:\"height\";i:126;s:9:\"mime-type\";s:9:\"image\/png\";}s:5:\"large\";a:4:{s:4:\"file\";s:27:\"header_wave-bg-1024x429.png\";s:5:\"width\";i:1024;s:6:\"height\";i:429;s:9:\"mime-type\";s:9:\"image\/png\";}s:9:\"thumbnail\";a:4:{s:4:\"file\";s:26:\"header_wave-bg-150x150.png\";s:5:\"width\";i:150;s:6:\"height\";i:150;s:9:\"mime-type\";s:9:\"image\/png\";}s:12:\"medium_large\";a:4:{s:4:\"file\";s:26:\"header_wave-bg-768x322.png\";s:5:\"width\";i:768;s:6:\"height\";i:322;s:9:\"mime-type\";s:9:\"image\/png\";}s:9:\"1536x1536\";a:4:{s:4:\"file\";s:27:\"header_wave-bg-1536x644.png\";s:5:\"width\";i:1536;s:6:\"height\";i:644;s:9:\"mime-type\";s:9:\"image\/png\";}s:21:\"woocommerce_thumbnail\";a:5:{s:4:\"file\";s:26:\"header_wave-bg-300x400.png\";s:5:\"width\";i:300;s:6:\"height\";i:400;s:9:\"mime-type\";s:9:\"image\/png\";s:9:\"uncropped\";b:0;}s:18:\"woocommerce_single\";a:4:{s:4:\"file\";s:27:\"header_wave-bg-1200x503.png\";s:5:\"width\";i:1200;s:6:\"height\";i:503;s:9:\"mime-type\";s:9:\"image\/png\";}s:29:\"woocommerce_gallery_thumbnail\";a:4:{s:4:\"file\";s:26:\"header_wave-bg-400x400.png\";s:5:\"width\";i:400;s:6:\"height\";i:400;s:9:\"mime-type\";s:9:\"image\/png\";}s:12:\"shop_catalog\";a:4:{s:4:\"file\";s:26:\"header_wave-bg-300x400.png\";s:5:\"width\";i:300;s:6:\"height\";i:400;s:9:\"mime-type\";s:9:\"image\/png\";}s:11:\"shop_single\";a:4:{s:4:\"file\";s:27:\"header_wave-bg-1200x503.png\";s:5:\"width\";i:1200;s:6:\"height\";i:503;s:9:\"mime-type\";s:9:\"image\/png\";}s:14:\"shop_thumbnail\";a:4:{s:4:\"file\";s:26:\"header_wave-bg-400x400.png\";s:5:\"width\";i:400;s:6:\"height\";i:400;s:9:\"mime-type\";s:9:\"image\/png\";}}s:10:\"image_meta\";a:12:{s:8:\"aperture\";s:1:\"0\";s:6:\"credit\";s:0:\"\";s:6:\"camera\";s:0:\"\";s:7:\"caption\";s:0:\"\";s:17:\"created_timestamp\";s:1:\"0\";s:9:\"copyright\";s:0:\"\";s:12:\"focal_length\";s:1:\"0\";s:3:\"iso\";s:1:\"0\";s:13:\"shutter_speed\";s:1:\"0\";s:5:\"title\";s:0:\"\";s:11:\"orientation\";s:1:\"0\";s:8:\"keywords\";a:0:{}}}"},{"meta_key":"_gt3_usage_shortcodes","meta_value":"{\"mc4wp_form\":1}"}],"comments":[],"media":[],"attachment_url":"https:\/\/livewp.site\/wp\/md\/ewebot\/wp-content\/uploads\/sites\/64\/2019\/12\/header_wave-bg.png"}