{"post_title":"Digital-Presence","guid":"https:\/\/livewp.site\/wp\/md\/ewebot\/home-05\/digital-presence\/","post_author":"","post_content":"","post_excerpt":"","post_id":3738,"pubDate":"Thu, 12 Mar 2020 13:26:55 +0000","post_date":"2020-03-12 13:26:55","post_date_gmt":"2020-03-12 13:26:55","comment_status":"open","ping_status":"closed","post_name":"digital-presence","status":"inherit","post_parent":3425,"menu_order":0,"post_type":"attachment","post_password":"","is_sticky":0,"terms":[],"postmeta":[{"meta_key":"_wp_attached_file","meta_value":"2020\/03\/Digital-Presence.png"},{"meta_key":"_wp_attachment_metadata","meta_value":"a:5:{s:5:\"width\";i:80;s:6:\"height\";i:96;s:4:\"file\";s:28:\"2020\/03\/Digital-Presence.png\";s:5:\"sizes\";a:0:{}s:10:\"image_meta\";a:12:{s:8:\"aperture\";s:1:\"0\";s:6:\"credit\";s:0:\"\";s:6:\"camera\";s:0:\"\";s:7:\"caption\";s:0:\"\";s:17:\"created_timestamp\";s:1:\"0\";s:9:\"copyright\";s:0:\"\";s:12:\"focal_length\";s:1:\"0\";s:3:\"iso\";s:1:\"0\";s:13:\"shutter_speed\";s:1:\"0\";s:5:\"title\";s:0:\"\";s:11:\"orientation\";s:1:\"0\";s:8:\"keywords\";a:0:{}}}"},{"meta_key":"_gt3_usage_shortcodes","meta_value":"{\"mc4wp_form\":1}"}],"comments":[],"media":[],"attachment_url":"https:\/\/livewp.site\/wp\/md\/ewebot\/wp-content\/uploads\/sites\/64\/2020\/03\/Digital-Presence.png"}