{"post_title":"Header 01","guid":"https:\/\/livewp.site\/wp\/md\/ewebot\/?elementor_library=header_01","post_author":"","post_content":"<a href=\"https:\/\/livewp.site\/wp\/md\/ewebot\/\">\n\t\t\t\t<img src=\"https:\/\/livewp.site\/wp\/md\/ewebot\/wp-content\/uploads\/sites\/64\/2019\/08\/logo_retinablack.png\" alt=\"\" title=\"logo_retina(black)\" \/>\t\t\t<\/a>\n\t\t\t<nav>\n\t\t\t\t<ul id=\"menu-main-menu\"><li id=\"menu-item-1474\"><a href=\"#\">Home<\/a>\n<ul>\n\t<li id=\"menu-item-1505\"><a href=\"https:\/\/livewp.site\/wp\/md\/ewebot\/home-01\/\">Home Variant 01Classic<\/a><\/li>\n\t<li id=\"menu-item-1500\"><a href=\"https:\/\/livewp.site\/wp\/md\/ewebot\/home-02\/\">Home Variant 02<\/a><\/li>\n\t<li id=\"menu-item-1499\"><a href=\"https:\/\/livewp.site\/wp\/md\/ewebot\/home-03\/\">Home Variant 03<\/a><\/li>\n\t<li id=\"menu-item-3391\"><a href=\"https:\/\/livewp.site\/wp\/md\/ewebot\/home-04\/\">Home Variant 04HOT<\/a><\/li>\n\t<li id=\"menu-item-3939\"><a href=\"https:\/\/livewp.site\/wp\/md\/ewebot\/\">Home Variant 05NEW<\/a><\/li>\n<\/ul>\n<\/li>\n<li id=\"menu-item-1475\"><a href=\"#\">Pages<\/a>\n<ul>\n\t<li id=\"menu-item-1508\"><a href=\"https:\/\/livewp.site\/wp\/md\/ewebot\/about-us\/\">About Us<\/a><\/li>\n\t<li id=\"menu-item-3168\"><a href=\"#\">Our Case Studies<\/a>\n\t<ul>\n\t\t<li id=\"menu-item-1504\"><a href=\"https:\/\/livewp.site\/wp\/md\/ewebot\/our-case-studies\/\">Case Studies Grid<\/a><\/li>\n\t\t<li id=\"menu-item-3169\"><a href=\"https:\/\/livewp.site\/wp\/md\/ewebot\/our-case-studies-2\/\">Case Studies Packery<\/a><\/li>\n\t\t<li id=\"menu-item-2319\"><a href=\"https:\/\/livewp.site\/wp\/md\/ewebot\/portfolio\/online-media-management\/\">Single Cases<\/a><\/li>\n\t<\/ul>\n<\/li>\n\t<li id=\"menu-item-1509\"><a href=\"https:\/\/livewp.site\/wp\/md\/ewebot\/our-team\/\">Our Team<\/a>\n\t<ul>\n\t\t<li id=\"menu-item-2320\"><a href=\"https:\/\/livewp.site\/wp\/md\/ewebot\/team\/sandra-willson\/\">Single Team<\/a><\/li>\n\t<\/ul>\n<\/li>\n\t<li id=\"menu-item-2318\"><a href=\"#\">FAQ<\/a>\n\t<ul>\n\t\t<li id=\"menu-item-1502\"><a href=\"https:\/\/livewp.site\/wp\/md\/ewebot\/faq\/\">FAQ Variant I<\/a><\/li>\n\t\t<li id=\"menu-item-1501\"><a href=\"https:\/\/livewp.site\/wp\/md\/ewebot\/faq-2\/\">FAQ Variant II<\/a><\/li>\n\t<\/ul>\n<\/li>\n\t<li id=\"menu-item-1511\"><a href=\"https:\/\/livewp.site\/wp\/md\/ewebot\/pricing-plans\/\">Pricing Plans<\/a><\/li>\n\t<li id=\"menu-item-1506\"><a href=\"https:\/\/livewp.site\/wp\/md\/ewebot\/coming-soon\/\">Coming soon<\/a><\/li>\n\t<li id=\"menu-item-1507\"><a href=\"https:\/\/livewp.site\/wp\/md\/ewebot\/typography\/\">Typography<\/a><\/li>\n\t<li id=\"menu-item-2321\"><a href=\"https:\/\/livewp.site\/wp\/md\/ewebot\/page_404\/\">404<\/a><\/li>\n<\/ul>\n<\/li>\n<li id=\"menu-item-1535\"><a href=\"#\">Services<\/a>\n<ul>\n\t<li id=\"menu-item-1510\"><a href=\"https:\/\/livewp.site\/wp\/md\/ewebot\/services\/\">Services<\/a><\/li>\n\t<li id=\"menu-item-1514\"><a href=\"https:\/\/livewp.site\/wp\/md\/ewebot\/ppc-services\/\">PPC Services<\/a><\/li>\n\t<li id=\"menu-item-1515\"><a href=\"https:\/\/livewp.site\/wp\/md\/ewebot\/seo-services\/\">SEO Services<\/a><\/li>\n\t<li id=\"menu-item-1513\"><a href=\"https:\/\/livewp.site\/wp\/md\/ewebot\/smm-services\/\">SMM Services<\/a><\/li>\n<\/ul>\n<\/li>\n<li id=\"menu-item-1478\"><a href=\"#\">Blog<\/a>\n<ul>\n\t<li id=\"menu-item-1516\"><a href=\"https:\/\/livewp.site\/wp\/md\/ewebot\/blog\/\">All News<\/a><\/li>\n\t<li id=\"menu-item-2805\"><a href=\"https:\/\/livewp.site\/wp\/md\/ewebot\/blog-packery\/\">Blog Packery<\/a>\n\t<ul>\n\t\t<li id=\"menu-item-2820\"><a href=\"https:\/\/livewp.site\/wp\/md\/ewebot\/blog-packery-2\/\">Blog Packery 2<\/a><\/li>\n\t\t<li id=\"menu-item-2819\"><a href=\"https:\/\/livewp.site\/wp\/md\/ewebot\/blog-packery-3\/\">Blog Packery 3<\/a><\/li>\n\t<\/ul>\n<\/li>\n\t<li id=\"menu-item-2323\"><a href=\"https:\/\/livewp.site\/wp\/md\/ewebot\/how-to-increase-your-roi-through-scientific-sem\/\">Single News<\/a><\/li>\n<\/ul>\n<\/li>\n<li id=\"menu-item-1479\"><a href=\"#\">Shop<\/a>\n<ul>\n\t<li id=\"menu-item-1512\"><a href=\"https:\/\/livewp.site\/wp\/md\/ewebot\/shop\/\">All Products<\/a><\/li>\n\t<li id=\"menu-item-2324\"><a href=\"https:\/\/livewp.site\/wp\/md\/ewebot\/product\/search-engine-for-growth\/\">Single Products<\/a><\/li>\n<\/ul>\n<\/li>\n<li id=\"menu-item-1503\"><a href=\"https:\/\/livewp.site\/wp\/md\/ewebot\/contast-us\/\">Contacts<\/a><\/li>\n<\/ul>\t\t\t<\/nav>\n\t\t\t<i><\/i>\n\n\t<label for=\"search-form-5eb91aa88bc9a\">Search<\/label>\n    \n    \n","post_excerpt":"","post_id":4098,"pubDate":"Tue, 27 Apr 2021 14:02:25 +0000","post_date":"2021-04-27 14:02:25","post_date_gmt":"2021-04-27 14:02:25","comment_status":"closed","ping_status":"closed","post_name":"header_01","status":"publish","post_parent":0,"menu_order":0,"post_type":"elementor_library","post_password":"","is_sticky":0,"terms":[60],"postmeta":[{"meta_key":"_elementor_edit_mode","meta_value":"builder"},{"meta_key":"_elementor_template_type","meta_value":"wpda-header"},{"meta_key":"_elementor_version","meta_value":"2.9.8"},{"meta_key":"_edit_lock","meta_value":"1654454856:3"},{"meta_key":"_wp_page_template","meta_value":"default"},{"meta_key":"_elementor_data","meta_value":"[{\"id\":\"611b6d1\",\"elType\":\"section\",\"settings\":{\"height\":\"min-height\",\"custom_height\":{\"unit\":\"px\",\"size\":\"108\",\"sizes\":[]},\"content_position\":\"middle\",\"structure\":\"20\",\"heading_color\":\"#3B3663\",\"color_text\":\"#3B3663\",\"color_link\":\"#F47514\",\"color_link_hover\":\"#F47514\",\"custom_height_tablet\":{\"unit\":\"px\",\"size\":\"80\",\"sizes\":[]},\"custom_height_mobile\":{\"unit\":\"px\",\"size\":\"80\",\"sizes\":[]}},\"elements\":[{\"id\":\"09cef46\",\"elType\":\"column\",\"settings\":{\"_column_size\":\"50\",\"_inline_size\":\"81\",\"gt3_carousel_nav_prev\":\"Prev\",\"gt3_carousel_nav_next\":\"Next\",\"_inline_size_tablet\":\"75\",\"_inline_size_mobile\":\"80\",\"content_position\":\"center\",\"space_between_widgets\":\"0\",\"content_position_mobile\":\"center\",\"align_mobile\":\"space-between\",\"align\":\"space-between\"},\"elements\":[{\"id\":\"d2ea9df\",\"elType\":\"widget\",\"settings\":{\"header_logo\":{\"url\":\"https:\\\/\\\/livewp.site\\\/wp\\\/md\\\/ewebot\\\/wp-content\\\/uploads\\\/sites\\\/64\\\/2019\\\/08\\\/logo_retinablack.png\",\"id\":\"1456\"},\"logo_height_custom\":\"yes\",\"logo_height\":{\"unit\":\"px\",\"size\":\"48\",\"sizes\":[]},\"align\":\"left\",\"align_mobile\":\"center\",\"_element_width\":\"auto\"},\"elements\":[],\"widgetType\":\"wpda-header-logo\"},{\"id\":\"174d667\",\"elType\":\"widget\",\"settings\":{\"menu_select\":\"main-menu\",\"custom_settings\":\"yes\",\"menu_text_color\":\"#3B3663\",\"menu_text_color_active\":\"#F47514\",\"spacing_between_items\":{\"unit\":\"px\",\"size\":\"10\",\"sizes\":[]},\"submenu_text_color\":\"#3B3663\",\"submenu_text_color_active\":\"#F47514\",\"_element_width_tablet\":\"auto\",\"_element_width\":\"auto\",\"_margin\":{\"unit\":\"px\",\"top\":\"0\",\"right\":\"51\",\"bottom\":\"0\",\"left\":\"0\",\"isLinked\":\"\"},\"_margin_mobile\":{\"unit\":\"px\",\"top\":\"0\",\"right\":\"0\",\"bottom\":\"0\",\"left\":\"0\",\"isLinked\":\"1\"},\"submenu_width\":{\"unit\":\"px\",\"size\":\"220\",\"sizes\":[]}},\"elements\":[],\"widgetType\":\"wpda-builder-menu\"}],\"isInner\":\"\"},{\"id\":\"1d31b4f\",\"elType\":\"column\",\"settings\":{\"_column_size\":\"50\",\"_inline_size\":\"19\",\"gt3_carousel_nav_prev\":\"Prev\",\"gt3_carousel_nav_next\":\"Next\",\"padding\":{\"unit\":\"px\",\"top\":\"\",\"right\":\"\",\"bottom\":\"\",\"left\":\"\",\"isLinked\":\"1\"},\"_inline_size_tablet\":\"25\",\"content_position\":\"center\",\"align\":\"flex-end\",\"space_between_widgets\":\"0\",\"_inline_size_mobile\":\"20\",\"content_position_mobile\":\"center\",\"align_mobile\":\"flex-end\",\"content_position_tablet\":\"center\",\"align_tablet\":\"flex-end\"},\"elements\":[{\"id\":\"b61aebe\",\"elType\":\"widget\",\"settings\":{\"align\":\"right\",\"_margin\":{\"unit\":\"px\",\"top\":\"0\",\"right\":\"27\",\"bottom\":\"0\",\"left\":\"0\",\"isLinked\":\"\"},\"_element_width\":\"auto\",\"hide_mobile\":\"hidden-phone\"},\"elements\":[],\"widgetType\":\"wpda-builder-search\"},{\"id\":\"3ea3c3e\",\"elType\":\"widget\",\"settings\":{\"sidebar\":\"sidebar_header-sidebar\",\"_element_width\":\"auto\",\"_margin\":{\"unit\":\"px\",\"top\":\"1\",\"right\":\"0\",\"bottom\":\"0\",\"left\":\"0\",\"isLinked\":\"\"},\"_margin_mobile\":{\"unit\":\"px\",\"top\":\"0\",\"right\":\"0\",\"bottom\":\"0\",\"left\":\"0\",\"isLinked\":\"\"}},\"elements\":[],\"widgetType\":\"wpda-builder-burger-sidebar\"}],\"isInner\":\"\"}],\"isInner\":\"\"}]"},{"meta_key":"_edit_last","meta_value":"1"},{"meta_key":"rs_page_bg_color","meta_value":""},{"meta_key":"_wp_old_slug","meta_value":"header"},{"meta_key":"_wp_old_slug","meta_value":"header_01-2"},{"meta_key":"_elementor_page_settings","meta_value":"a:3:{s:14:\"header_over_bg\";s:3:\"yes\";s:21:\"header_over_bg_tablet\";s:3:\"yes\";s:21:\"header_over_bg_mobile\";s:3:\"yes\";}"},{"meta_key":"_elementor_controls_usage","meta_value":"a:6:{s:16:\"wpda-header-logo\";a:3:{s:5:\"count\";i:1;s:15:\"control_percent\";i:3;s:8:\"controls\";a:2:{s:7:\"content\";a:1:{s:12:\"logo_section\";a:5:{s:11:\"header_logo\";i:1;s:18:\"logo_height_custom\";i:1;s:11:\"logo_height\";i:1;s:5:\"align\";i:1;s:12:\"align_mobile\";i:1;}}s:8:\"advanced\";a:1:{s:17:\"_section_position\";a:1:{s:14:\"_element_width\";i:1;}}}}s:17:\"wpda-builder-menu\";a:3:{s:5:\"count\";i:1;s:15:\"control_percent\";i:4;s:8:\"controls\";a:2:{s:7:\"content\";a:1:{s:12:\"menu_section\";a:8:{s:11:\"menu_select\";i:1;s:15:\"custom_settings\";i:1;s:15:\"menu_text_color\";i:1;s:22:\"menu_text_color_active\";i:1;s:21:\"spacing_between_items\";i:1;s:18:\"submenu_text_color\";i:1;s:25:\"submenu_text_color_active\";i:1;s:13:\"submenu_width\";i:1;}}s:8:\"advanced\";a:2:{s:17:\"_section_position\";a:2:{s:21:\"_element_width_tablet\";i:1;s:14:\"_element_width\";i:1;}s:14:\"_section_style\";a:2:{s:7:\"_margin\";i:1;s:14:\"_margin_mobile\";i:1;}}}}s:6:\"column\";a:3:{s:5:\"count\";i:2;s:15:\"control_percent\";i:3;s:8:\"controls\";a:2:{s:6:\"layout\";a:1:{s:6:\"layout\";a:10:{s:12:\"_inline_size\";i:2;s:19:\"_inline_size_tablet\";i:2;s:19:\"_inline_size_mobile\";i:2;s:16:\"content_position\";i:2;s:21:\"space_between_widgets\";i:2;s:23:\"content_position_mobile\";i:2;s:12:\"align_mobile\";i:2;s:5:\"align\";i:2;s:23:\"content_position_tablet\";i:1;s:12:\"align_tablet\";i:1;}}s:8:\"advanced\";a:1:{s:16:\"section_advanced\";a:1:{s:7:\"padding\";i:1;}}}}s:19:\"wpda-builder-search\";a:3:{s:5:\"count\";i:1;s:15:\"control_percent\";i:2;s:8:\"controls\";a:2:{s:7:\"content\";a:1:{s:14:\"search_section\";a:1:{s:5:\"align\";i:1;}}s:8:\"advanced\";a:3:{s:14:\"_section_style\";a:1:{s:7:\"_margin\";i:1;}s:17:\"_section_position\";a:1:{s:14:\"_element_width\";i:1;}s:19:\"_section_responsive\";a:1:{s:11:\"hide_mobile\";i:1;}}}}s:27:\"wpda-builder-burger-sidebar\";a:3:{s:5:\"count\";i:1;s:15:\"control_percent\";i:2;s:8:\"controls\";a:2:{s:7:\"content\";a:1:{s:14:\"search_section\";a:1:{s:7:\"sidebar\";i:1;}}s:8:\"advanced\";a:2:{s:17:\"_section_position\";a:1:{s:14:\"_element_width\";i:1;}s:14:\"_section_style\";a:2:{s:7:\"_margin\";i:1;s:14:\"_margin_mobile\";i:1;}}}}s:7:\"section\";a:3:{s:5:\"count\";i:1;s:15:\"control_percent\";i:2;s:8:\"controls\";a:2:{s:6:\"layout\";a:2:{s:14:\"section_layout\";a:5:{s:6:\"height\";i:1;s:13:\"custom_height\";i:1;s:16:\"content_position\";i:1;s:20:\"custom_height_tablet\";i:1;s:20:\"custom_height_mobile\";i:1;}s:17:\"section_structure\";a:1:{s:9:\"structure\";i:1;}}s:5:\"style\";a:1:{s:12:\"section_typo\";a:4:{s:13:\"heading_color\";i:1;s:10:\"color_text\";i:1;s:10:\"color_link\";i:1;s:16:\"color_link_hover\";i:1;}}}}}"},{"meta_key":"_wp_old_date","meta_value":"2020-04-27"}],"comments":[],"media":[1456]}