{"post_title":"Manix Marketing","guid":"https:\/\/livewp.site\/wp\/md\/ewebot\/portfolio\/manix-marketing\/","post_author":"","post_content":"<img width=\"1170\" height=\"714\" src=\"https:\/\/livewp.site\/wp\/md\/ewebot\/wp-content\/uploads\/sites\/64\/2019\/07\/case_img_01.jpg\" alt=\"\" title=\"case_img_01\" \/>\t\t\t\t\t\t\t\t\t\t\t\n\t\t<p>From the designers and engineers who are creating the next generation of web and mobile experiences, to anyone putting a website together for the first time. We provide elegant solutions that set new standards for online publishing.<\/p><p>Digital technology has made our world more transparent and interconnected, posing new challenges and opportunities for every business. A holistic, user-centric perspective is what truly sets one apart.<\/p>\t\t\n\t\t\tProject NameManix MarketingClientWebSolutions IncOur RoleSEO Optimization\t\t\n\t\tShare<a target=\"_blank\" href=\"https:\/\/www.facebook.com\/share.php?u=https:\/\/livewp.site\/wp\/md\/ewebot\/portfolio\/manix-marketing\/\" rel=\"noopener noreferrer\"><\/a><a target=\"_blank\" href=\"https:\/\/twitter.com\/intent\/tweet?text=Manix%20Marketing&#038;url=https:\/\/livewp.site\/wp\/md\/ewebot\/portfolio\/manix-marketing\/\" rel=\"noopener noreferrer\"><\/a><a data-elementor-open-lightbox=\"no\" target=\"_blank\" href=\"https:\/\/pinterest.com\/pin\/create\/button\/?url=https:\/\/livewp.site\/wp\/md\/ewebot\/portfolio\/manix-marketing\/&#038;media=https:\/\/livewp.site\/wp\/md\/ewebot\/wp-content\/uploads\/sites\/64\/2020\/05\/Manix-Marketing.jpg\" rel=\"noopener noreferrer\"><\/a><a target=\"_blank\" href=\"https:\/\/plus.google.com\/share?url=https:\/\/livewp.site\/wp\/md\/ewebot\/portfolio\/manix-marketing\/\" rel=\"noopener noreferrer\"><\/a><a target=\"_blank\" href=\"mailto:?subject=Manix Marketing&amp;body=https:\/\/livewp.site\/wp\/md\/ewebot\/portfolio\/manix-marketing\/\" rel=\"noopener noreferrer\"><\/a><a target=\"_blank\" href=\"https:\/\/www.linkedin.com\/shareArticle?mini=true&#038;url=https:\/\/livewp.site\/wp\/md\/ewebot\/portfolio\/manix-marketing\/&#038;title=Manix%20Marketing&#038;source=Ewebot\" rel=\"noopener noreferrer\"><\/a>\t\n\t\t\tTags<a href=\"https:\/\/livewp.site\/wp\/md\/ewebot\/portfolio-tag\/seo\/\">SEO<\/a>\t\t\n\t\t\t\t\t\t\t\t\t\t<img width=\"1170\" height=\"780\" src=\"https:\/\/livewp.site\/wp\/md\/ewebot\/wp-content\/uploads\/sites\/64\/2019\/07\/case_img_03.jpg\" alt=\"\" title=\"case_img_03\" \/>\t\t\t\t\t\t\t\t\t\t\t\n\t\t<h3>How We Work<\/h3><p>From the designers and engineers who are creating the next generation of web and mobile experiences, to anyone putting a website together for the first time. We provide elegant solutions that set new standards for online publishing.<\/p><p>Digital technology has made our world more transparent and interconnected, posing new challenges and opportunities for every business. A holistic, user-centric perspective is what truly sets one apart.<\/p>\t\t\n\t\t\t\t\n\t\t<p style=\"text-align: center\">Optimization Statistics<\/p><p>From the designers and engineers who are creating the next generation of web and mobile experiences, to anyone putting a website together for the first time. We provide elegant solutions that set new standards for online publishing.<\/p><p>Digital technology has made our world more transparent and interconnected, posing new challenges and opportunities for every business. A holistic, user-centric perspective is what truly sets one apart. together for the first time. We provide elegant solutions.<\/p><p>From the designers and engineers who are creating the next generation of web and mobile experiences, to anyone putting a website together for the first time. We provide elegant solutions that set new standards for online publishing.<\/p><h3>We Will Be Useful to You<\/h3><p>From the designers and engineers who are creating the next generation of web and mobile experiences, to anyone putting a website together for the first time.<\/p><p>Digital technology has made our world more transparent and interconnected, posing new challenges and opportunities for every business. As your budget progresses and evolves, continue referring to your SMART objectives. Stay focused and remember your goals \u2013 they will always inform what your next step will be!<\/p>\t\t\n\t\t\t\t\n\t\t<p>From the designers and engineers who are creating the next generation of web and mobile experiences, to anyone putting a website together for the first time. We provide elegant solutions that set new standards for online publishing.<\/p><p>As your budget progresses and evolves, continue referring to your SMART objectives. Stay focused and remember your goals \u2013 they will always inform what your next step will be!<\/p>","post_excerpt":"","post_id":5326,"pubDate":"Thu, 28 May 2020 12:42:29 +0000","post_date":"2020-05-28 12:42:29","post_date_gmt":"2020-05-28 12:42:29","comment_status":"closed","ping_status":"closed","post_name":"manix-marketing","status":"publish","post_parent":0,"menu_order":0,"post_type":"portfolio","post_password":"","is_sticky":0,"terms":[43,44],"postmeta":[{"meta_key":"_edit_lock","meta_value":"1621858217:3"},{"meta_key":"_edit_last","meta_value":"1"},{"meta_key":"_thumbnail_id","meta_value":"5327"},{"meta_key":"_wp_page_template","meta_value":"default"},{"meta_key":"slide_template","meta_value":""},{"meta_key":"rs_page_bg_color","meta_value":""},{"meta_key":"mb_page_sidebar_layout","meta_value":"default"},{"meta_key":"mb_page_title_conditional","meta_value":"no"},{"meta_key":"mb_page_title_use_feature_image","meta_value":"0"},{"meta_key":"mb_show_breadcrumbs","meta_value":"1"},{"meta_key":"mb_page_title_vertical_align","meta_value":"middle"},{"meta_key":"mb_page_title_horizontal_align","meta_value":"center"},{"meta_key":"mb_page_title_font_color","meta_value":"#3b3663"},{"meta_key":"mb_page_title_bg_color","meta_value":"#ffffff"},{"meta_key":"mb_page_title_bg_repeat","meta_value":"no-repeat"},{"meta_key":"mb_page_title_bg_size","meta_value":"cover"},{"meta_key":"mb_page_title_bg_attachment","meta_value":"scroll"},{"meta_key":"mb_page_title_bg_position","meta_value":"center center"},{"meta_key":"mb_page_title_height","meta_value":"215"},{"meta_key":"mb_page_title_top_border","meta_value":"0"},{"meta_key":"mb_page_title_top_border_color_opacity","meta_value":"1"},{"meta_key":"mb_page_title_bottom_border","meta_value":"0"},{"meta_key":"mb_page_title_bottom_border_color_opacity","meta_value":"1"},{"meta_key":"mb_page_title_bottom_margin","meta_value":"80"},{"meta_key":"mb_preloader","meta_value":"default"},{"meta_key":"mb_preloader_type","meta_value":"linear"},{"meta_key":"mb_preloader_background","meta_value":"#191a1c"},{"meta_key":"mb_preloader_item_color","meta_value":"#ffffff"},{"meta_key":"mb_preloader_item_color2","meta_value":"#435bb2"},{"meta_key":"mb_preloader_item_width","meta_value":"120"},{"meta_key":"mb_preloader_item_stroke","meta_value":"2"},{"meta_key":"mb_preloader_item_logo_width","meta_value":"45"},{"meta_key":"mb_preloader_full","meta_value":"1"},{"meta_key":"mb_portfolio_title_conditional","meta_value":"default"},{"meta_key":"mb_bubbles_block","meta_value":"default"},{"meta_key":"_elementor_edit_mode","meta_value":"builder"},{"meta_key":"_elementor_template_type","meta_value":"wp-post"},{"meta_key":"_elementor_version","meta_value":"2.9.9"},{"meta_key":"_elementor_data","meta_value":"[{\"id\":\"d4eb951\",\"elType\":\"section\",\"settings\":[],\"elements\":[{\"id\":\"6321d6e6\",\"elType\":\"column\",\"settings\":{\"_column_size\":\"100\",\"gt3_carousel_nav_prev\":\"Prev\",\"gt3_carousel_nav_next\":\"Next\"},\"elements\":[{\"id\":\"7457fa58\",\"elType\":\"widget\",\"settings\":{\"image\":{\"url\":\"https:\\\/\\\/livewp.site\\\/wp\\\/md\\\/ewebot\\\/wp-content\\\/uploads\\\/sites\\\/64\\\/2019\\\/07\\\/case_img_01.jpg\",\"id\":\"978\"},\"image_size\":\"full\",\"image_border_radius\":{\"unit\":\"px\",\"top\":\"5\",\"right\":\"5\",\"bottom\":\"5\",\"left\":\"5\",\"isLinked\":\"1\"}},\"elements\":[],\"widgetType\":\"image\"}],\"isInner\":\"\"}],\"isInner\":\"\"},{\"id\":\"5f7f3fd2\",\"elType\":\"section\",\"settings\":[],\"elements\":[{\"id\":\"180df9f4\",\"elType\":\"column\",\"settings\":{\"_column_size\":\"100\",\"gt3_carousel_nav_prev\":\"Prev\",\"gt3_carousel_nav_next\":\"Next\"},\"elements\":[{\"id\":\"7a9fb1ee\",\"elType\":\"widget\",\"settings\":{\"space\":{\"unit\":\"px\",\"size\":\"10\",\"sizes\":[]}},\"elements\":[],\"widgetType\":\"spacer\"},{\"id\":\"2409a496\",\"elType\":\"section\",\"settings\":{\"structure\":\"20\",\"gap\":\"extended\"},\"elements\":[{\"id\":\"7e10a767\",\"elType\":\"column\",\"settings\":{\"_column_size\":\"50\",\"_inline_size\":\"70\",\"gt3_carousel_nav_prev\":\"Prev\",\"gt3_carousel_nav_next\":\"Next\"},\"elements\":[{\"id\":\"e6ca657\",\"elType\":\"widget\",\"settings\":{\"editor\":\"<p>From the designers and engineers who are creating the next generation of web and mobile experiences, to anyone putting a website together for the first time. We provide elegant solutions that set new standards for online publishing.<\\\/p>\",\"_margin\":{\"unit\":\"px\",\"top\":\"0\",\"right\":\"0\",\"bottom\":\"8\",\"left\":\"0\",\"isLinked\":\"\"}},\"elements\":[],\"widgetType\":\"text-editor\"},{\"id\":\"613a6c09\",\"elType\":\"widget\",\"settings\":{\"editor\":\"<p>Digital technology has made our world more transparent and interconnected, posing new challenges and opportunities for every business. A holistic, user-centric perspective is what truly sets one apart.<\\\/p>\"},\"elements\":[],\"widgetType\":\"text-editor\"}],\"isInner\":\"1\"},{\"id\":\"4f06c697\",\"elType\":\"column\",\"settings\":{\"_column_size\":\"50\",\"_inline_size\":\"30\",\"gt3_carousel_nav_prev\":\"Prev\",\"gt3_carousel_nav_next\":\"Next\",\"margin\":{\"unit\":\"px\",\"top\":\"3\",\"right\":\"0\",\"bottom\":\"0\",\"left\":\"0\",\"isLinked\":\"\"},\"space_between_widgets\":\"0\"},\"elements\":[{\"id\":\"5d5c3035\",\"elType\":\"widget\",\"settings\":{\"spacing_between_items\":{\"unit\":\"px\",\"size\":\"9\",\"sizes\":[]},\"label_typography_typography\":\"custom\",\"label_typography_font_size\":{\"unit\":\"px\",\"size\":\"14\",\"sizes\":[]},\"label_typography_font_weight\":\"400\",\"label_typography_text_transform\":\"none\",\"label_typography_line_height\":{\"unit\":\"px\",\"size\":\"20\",\"sizes\":[]},\"value_typography_typography\":\"custom\",\"value_typography_font_size\":{\"unit\":\"px\",\"size\":\"14\",\"sizes\":[]},\"value_typography_font_weight\":\"500\",\"value_typography_text_transform\":\"none\",\"value_typography_line_height\":{\"unit\":\"px\",\"size\":\"20\",\"sizes\":[]},\"value_color\":\"#3b3663\",\"icon_size\":{\"unit\":\"px\",\"size\":\"10\",\"sizes\":[]},\"items\":[{\"custom_meta_label\":\"Project Name\",\"custom_meta_type\":\"type_name\",\"custom_meta_value\":\"\",\"custom_meta_icon\":\"\",\"custom_colors\":\"\",\"custom_label_color\":\"\",\"custom_value_color\":\"\",\"custom_icon_color\":\"\",\"_id\":\"13956f1\"},{\"custom_meta_label\":\"Client\",\"custom_meta_type\":\"type_custom\",\"custom_meta_value\":\"WebSolutions Inc\",\"custom_meta_icon\":\"\",\"custom_colors\":\"\",\"custom_label_color\":\"\",\"custom_value_color\":\"\",\"custom_icon_color\":\"\",\"_id\":\"23b9ba2\"},{\"custom_meta_label\":\"Our Role\",\"custom_meta_type\":\"type_custom\",\"custom_meta_value\":\"SEO Optimization\",\"custom_meta_icon\":\"\",\"custom_colors\":\"\",\"custom_label_color\":\"\",\"custom_value_color\":\"\",\"custom_icon_color\":\"\",\"_id\":\"829fca3\"}]},\"elements\":[],\"widgetType\":\"gt3-core-custommeta\"},{\"id\":\"1e5f3bd\",\"elType\":\"widget\",\"settings\":{\"sharing_label\":\"Share\",\"select_layout\":\"horizontal\",\"icon_google\":\"yes\",\"icon_linkedin\":\"yes\",\"label_typography_typography\":\"custom\",\"label_typography_font_size\":{\"unit\":\"px\",\"size\":\"14\",\"sizes\":[]},\"label_typography_font_weight\":\"400\",\"label_typography_text_transform\":\"none\",\"label_typography_line_height\":{\"unit\":\"px\",\"size\":\"20\",\"sizes\":[]},\"label_color\":\"#696687\",\"custom_link_color\":\"yes\",\"icon_facebook_color\":\"#c1bfcc\",\"icon_twitter_color\":\"#c1bfcc\",\"icon_pinterest_color\":\"#c1bfcc\",\"icon_google_color\":\"#c1bfcc\",\"icon_email_color\":\"#c1bfcc\",\"icon_linkedin_color\":\"#c1bfcc\",\"_margin\":{\"unit\":\"px\",\"top\":\"7\",\"right\":\"35\",\"bottom\":\"0\",\"left\":\"0\",\"isLinked\":\"\"}},\"elements\":[],\"widgetType\":\"gt3-core-sharing\"},{\"id\":\"64eded3f\",\"elType\":\"widget\",\"settings\":{\"label_typography_typography\":\"custom\",\"label_typography_font_size\":{\"unit\":\"px\",\"size\":\"14\",\"sizes\":[]},\"label_typography_font_weight\":\"400\",\"label_typography_text_transform\":\"none\",\"value_typography_typography\":\"custom\",\"value_typography_font_weight\":\"500\",\"value_color\":\"#3b3663\",\"_margin\":{\"unit\":\"px\",\"top\":\"9\",\"right\":\"0\",\"bottom\":\"7\",\"left\":\"0\",\"isLinked\":\"\"},\"items\":[{\"custom_meta_label\":\"Tags\",\"custom_meta_type\":\"type_tags\",\"custom_meta_value\":\"\",\"custom_meta_icon\":\"\",\"custom_colors\":\"\",\"custom_label_color\":\"\",\"custom_value_color\":\"\",\"custom_icon_color\":\"\",\"_id\":\"def9cca\"}]},\"elements\":[],\"widgetType\":\"gt3-core-custommeta\"}],\"isInner\":\"1\"}],\"isInner\":\"1\"}],\"isInner\":\"\"}],\"isInner\":\"\"},{\"id\":\"4b90b133\",\"elType\":\"section\",\"settings\":[],\"elements\":[{\"id\":\"362fa68b\",\"elType\":\"column\",\"settings\":{\"_column_size\":\"100\",\"gt3_carousel_nav_prev\":\"Prev\",\"gt3_carousel_nav_next\":\"Next\"},\"elements\":[{\"id\":\"64f4d1f2\",\"elType\":\"widget\",\"settings\":{\"image\":{\"url\":\"https:\\\/\\\/livewp.site\\\/wp\\\/md\\\/ewebot\\\/wp-content\\\/uploads\\\/sites\\\/64\\\/2019\\\/07\\\/case_img_03.jpg\",\"id\":\"1248\"},\"image_size\":\"full\",\"image_border_radius\":{\"unit\":\"px\",\"top\":\"5\",\"right\":\"5\",\"bottom\":\"5\",\"left\":\"5\",\"isLinked\":\"1\"}},\"elements\":[],\"widgetType\":\"image\"}],\"isInner\":\"\"}],\"isInner\":\"\"},{\"id\":\"1bc2831d\",\"elType\":\"section\",\"settings\":[],\"elements\":[{\"id\":\"3e2cf8c1\",\"elType\":\"column\",\"settings\":{\"_column_size\":\"100\",\"gt3_carousel_nav_prev\":\"Prev\",\"gt3_carousel_nav_next\":\"Next\"},\"elements\":[{\"id\":\"6fc1db38\",\"elType\":\"widget\",\"settings\":{\"editor\":\"<h3>How We Work<\\\/h3>\",\"text_color\":\"#3b3663\",\"typography_typography\":\"custom\",\"typography_font_size\":{\"unit\":\"px\",\"size\":\"24\",\"sizes\":[]},\"typography_font_weight\":\"800\",\"typography_line_height\":{\"unit\":\"px\",\"size\":\"30\",\"sizes\":[]},\"_margin\":{\"unit\":\"px\",\"top\":\"23\",\"right\":\"0\",\"bottom\":\"0\",\"left\":\"0\",\"isLinked\":\"\"}},\"elements\":[],\"widgetType\":\"text-editor\"},{\"id\":\"68c1c328\",\"elType\":\"widget\",\"settings\":{\"editor\":\"<p>From the designers and engineers who are creating the next generation of web and mobile experiences, to anyone putting a website together for the first time. We provide elegant solutions that set new standards for online publishing.<\\\/p>\",\"_margin\":{\"unit\":\"px\",\"top\":\"0\",\"right\":\"0\",\"bottom\":\"8\",\"left\":\"0\",\"isLinked\":\"\"}},\"elements\":[],\"widgetType\":\"text-editor\"},{\"id\":\"3fff5e85\",\"elType\":\"widget\",\"settings\":{\"editor\":\"<p>Digital technology has made our world more transparent and interconnected, posing new challenges and opportunities for every business. A holistic, user-centric perspective is what truly sets one apart.<\\\/p>\"},\"elements\":[],\"widgetType\":\"text-editor\"}],\"isInner\":\"\"}],\"isInner\":\"\"},{\"id\":\"14fb90d4\",\"elType\":\"section\",\"settings\":[],\"elements\":[{\"id\":\"4ff3db30\",\"elType\":\"column\",\"settings\":{\"_column_size\":\"100\",\"gt3_carousel_nav_prev\":\"Prev\",\"gt3_carousel_nav_next\":\"Next\",\"space_between_widgets\":\"0\"},\"elements\":[{\"id\":\"7ae1d168\",\"elType\":\"section\",\"settings\":{\"structure\":\"22\",\"gap\":\"extended\",\"margin\":{\"unit\":\"px\",\"top\":\"11\",\"right\":\"0\",\"bottom\":\"0\",\"left\":\"0\",\"isLinked\":\"\"}},\"elements\":[{\"id\":\"3c9bfedf\",\"elType\":\"column\",\"settings\":{\"_column_size\":\"66\",\"_inline_size\":\"56\",\"gt3_carousel_nav_prev\":\"Prev\",\"gt3_carousel_nav_next\":\"Next\",\"space_between_widgets\":\"0\"},\"elements\":[{\"id\":\"2620149b\",\"elType\":\"widget\",\"settings\":{\"labels\":\"[\\\"2016\\\",\\\"2017\\\",\\\"2018\\\",\\\"2019\\\"]\",\"legend\":\"\",\"legend_position\":\"bottom\",\"x_grid\":\"\",\"x_grid_color\":\"#c0c0c0\",\"x_grid_label_font_size\":\"0\",\"x_grid_label_color\":\"#3b3663\",\"x_grid_ticks_font_size\":\"18\",\"x_grid_ticks_color\":\"#3b3663\",\"y_grid_color\":\"#c0c0c0\",\"y_grid_label_font_size\":\"18\",\"y_grid_label_color\":\"#3b3663\",\"y_grid_ticks_font_size\":\"18\",\"y_grid_ticks_color\":\"#3b3663\",\"items\":[{\"item_label\":\"Dataset #1\",\"item_data\":\"[\\\"25\\\",\\\"45\\\"]\",\"bg_color\":\"[\\\"#fe6283\\\",\\\"#36a2eb\\\"]\",\"border_color\":\"[\\\"#fe6283\\\",\\\"#36a2eb\\\"]\",\"_id\":\"0ce2b8a\",\"border_width\":\"1\"}]},\"elements\":[],\"widgetType\":\"unlimited-charts\"},{\"id\":\"5f478b4b\",\"elType\":\"widget\",\"settings\":{\"editor\":\"<p style=\\\"text-align: center\\\">Optimization Statistics<\\\/p>\",\"text_color\":\"696687\",\"typography_typography\":\"custom\",\"typography_font_size\":{\"unit\":\"px\",\"size\":\"14\",\"sizes\":[]},\"typography_font_weight\":\"300\",\"typography_font_style\":\"italic\",\"typography_line_height\":{\"unit\":\"px\",\"size\":\"27\",\"sizes\":[]}},\"elements\":[],\"widgetType\":\"text-editor\"}],\"isInner\":\"1\"},{\"id\":\"39bdc8e4\",\"elType\":\"column\",\"settings\":{\"_column_size\":\"33\",\"_inline_size\":\"43.332\",\"gt3_carousel_nav_prev\":\"Prev\",\"gt3_carousel_nav_next\":\"Next\"},\"elements\":[{\"id\":\"1d869fa\",\"elType\":\"widget\",\"settings\":{\"editor\":\"<p>From the designers and engineers who are creating the next generation of web and mobile experiences, to anyone putting a website together for the first time. We provide elegant solutions that set new standards for online publishing.<\\\/p>\",\"_margin\":{\"unit\":\"px\",\"top\":\"0\",\"right\":\"0\",\"bottom\":\"8\",\"left\":\"0\",\"isLinked\":\"\"}},\"elements\":[],\"widgetType\":\"text-editor\"},{\"id\":\"49c90ca7\",\"elType\":\"widget\",\"settings\":{\"editor\":\"<p>Digital technology has made our world more transparent and interconnected, posing new challenges and opportunities for every business. A holistic, user-centric perspective is what truly sets one apart. <span>together for the first time. We provide elegant solutions.<\\\/span><\\\/p>\"},\"elements\":[],\"widgetType\":\"text-editor\"}],\"isInner\":\"1\"}],\"isInner\":\"1\"},{\"id\":\"3c8dd3e\",\"elType\":\"widget\",\"settings\":{\"editor\":\"<p>From the designers and engineers who are creating the next generation of web and mobile experiences, to anyone putting a website together for the first time. We provide elegant solutions that set new standards for online publishing.<\\\/p>\",\"_margin\":{\"unit\":\"px\",\"top\":\"23\",\"right\":\"0\",\"bottom\":\"16\",\"left\":\"0\",\"isLinked\":\"\"}},\"elements\":[],\"widgetType\":\"text-editor\"}],\"isInner\":\"\"}],\"isInner\":\"\"},{\"id\":\"26bf993d\",\"elType\":\"section\",\"settings\":{\"structure\":\"20\"},\"elements\":[{\"id\":\"3894c27d\",\"elType\":\"column\",\"settings\":{\"_column_size\":\"50\",\"gt3_carousel_nav_prev\":\"Prev\",\"gt3_carousel_nav_next\":\"Next\"},\"elements\":[{\"id\":\"6d26d703\",\"elType\":\"widget\",\"settings\":{\"editor\":\"<h3>We Will Be Useful to You<\\\/h3>\",\"text_color\":\"#3b3663\",\"typography_typography\":\"custom\",\"typography_font_size\":{\"unit\":\"px\",\"size\":\"24\",\"sizes\":[]},\"typography_font_weight\":\"800\",\"typography_line_height\":{\"unit\":\"px\",\"size\":\"30\",\"sizes\":[]},\"_margin\":{\"unit\":\"px\",\"top\":\"0\",\"right\":\"0\",\"bottom\":\"5\",\"left\":\"0\",\"isLinked\":\"\"}},\"elements\":[],\"widgetType\":\"text-editor\"},{\"id\":\"371fd682\",\"elType\":\"widget\",\"settings\":{\"editor\":\"<p>From the designers and engineers who are creating the next generation of web and mobile experiences, to anyone putting a website together for the first time.<\\\/p>\",\"_margin\":{\"unit\":\"px\",\"top\":\"0\",\"right\":\"0\",\"bottom\":\"7\",\"left\":\"0\",\"isLinked\":\"\"}},\"elements\":[],\"widgetType\":\"text-editor\"},{\"id\":\"2361e9d8\",\"elType\":\"widget\",\"settings\":{\"editor\":\"<p>Digital technology has made our world more transparent and interconnected, posing new challenges and opportunities for every business. As your budget progresses and evolves, continue referring to your SMART objectives. Stay focused and remember your goals \\u2013 they will always inform what your next step will be!<\\\/p>\"},\"elements\":[],\"widgetType\":\"text-editor\"}],\"isInner\":\"\"},{\"id\":\"254483b8\",\"elType\":\"column\",\"settings\":{\"_column_size\":\"50\",\"gt3_carousel_nav_prev\":\"Prev\",\"gt3_carousel_nav_next\":\"Next\"},\"elements\":[{\"id\":\"9d50ab6\",\"elType\":\"widget\",\"settings\":{\"type\":\"doughnut\",\"cutoutPercentage\":{\"unit\":\"px\",\"size\":\"50\",\"sizes\":[]},\"rotation\":{\"unit\":\"px\",\"size\":\"-130\",\"sizes\":[]},\"beginAtZero\":\"\",\"labels\":\"[\\\"Done\\\",\\\"Achieved\\\",\\\"Queue\\\",\\\"Loaded\\\"]\",\"legend_position\":\"bottom\",\"usePointStyle\":\"yes\",\"x_grid\":\"\",\"x_grid_color\":\"#c0c0c0\",\"x_grid_label_font_size\":\"0\",\"x_grid_label_color\":\"#3b3663\",\"x_grid_ticks_font_size\":\"18\",\"x_grid_ticks_color\":\"#3b3663\",\"y_grid_color\":\"#c0c0c0\",\"y_grid_label_font_size\":\"18\",\"y_grid_label_color\":\"#3b3663\",\"y_grid_ticks_font_size\":\"18\",\"y_grid_ticks_color\":\"#3b3663\",\"items\":[{\"item_label\":\"Dataset #1\",\"item_data\":\"[\\\"25\\\",\\\"45\\\"]\",\"bg_color\":\"[\\\"#fe6283\\\",\\\"#36a2eb\\\"]\",\"border_color\":\"[\\\"#fe6283\\\",\\\"#36a2eb\\\"]\",\"_id\":\"adb574d\",\"border_width\":\"1\"}]},\"elements\":[],\"widgetType\":\"unlimited-charts\"}],\"isInner\":\"\"}],\"isInner\":\"\"},{\"id\":\"14e89102\",\"elType\":\"section\",\"settings\":[],\"elements\":[{\"id\":\"99156be\",\"elType\":\"column\",\"settings\":{\"_column_size\":\"100\",\"gt3_carousel_nav_prev\":\"Prev\",\"gt3_carousel_nav_next\":\"Next\"},\"elements\":[{\"id\":\"fdbfe76\",\"elType\":\"widget\",\"settings\":{\"editor\":\"<p>From the designers and engineers who are creating the next generation of web and mobile experiences, to anyone putting a website together for the first time. We provide elegant solutions that set new standards for online publishing.<\\\/p>\",\"_margin\":{\"unit\":\"px\",\"top\":\"15\",\"right\":\"0\",\"bottom\":\"0\",\"left\":\"0\",\"isLinked\":\"\"}},\"elements\":[],\"widgetType\":\"text-editor\"}],\"isInner\":\"\"}],\"isInner\":\"\"},{\"id\":\"707525a0\",\"elType\":\"section\",\"settings\":[],\"elements\":[{\"id\":\"56352f7f\",\"elType\":\"column\",\"settings\":{\"_column_size\":\"100\",\"gt3_carousel_nav_prev\":\"Prev\",\"gt3_carousel_nav_next\":\"Next\"},\"elements\":[{\"id\":\"50313b79\",\"elType\":\"widget\",\"settings\":{\"item_align\":\"center\",\"color_title\":\"#3b3663\",\"title_typography_typography\":\"custom\",\"title_typography_font_size\":{\"unit\":\"px\",\"size\":\"20\",\"sizes\":[]},\"title_typography_line_height\":{\"unit\":\"px\",\"size\":\"30\",\"sizes\":[]},\"quote_items_color\":\"#ff7426\",\"color_author\":\"#3b3663\",\"author_typography_typography\":\"custom\",\"author_typography_font_family\":\"Nunito\",\"author_typography_font_size\":{\"unit\":\"px\",\"size\":\"18\",\"sizes\":[]},\"author_typography_font_weight\":\"bold\",\"author_typography_line_height\":{\"unit\":\"px\",\"size\":\"20\",\"sizes\":[]},\"_margin\":{\"unit\":\"px\",\"top\":\"7\",\"right\":\"0\",\"bottom\":\"0\",\"left\":\"0\",\"isLinked\":\"\"},\"title_typography_font_family\":\"Rubik\",\"title_typography_font_weight\":\"400\",\"title_typography_font_style\":\"normal\"},\"elements\":[],\"widgetType\":\"gt3-core-TestimonialsLite\"},{\"id\":\"32e35433\",\"elType\":\"widget\",\"settings\":{\"editor\":\"<p>As your budget progresses and evolves, continue referring to your SMART objectives. Stay focused and remember your goals \\u2013 they will always inform what your next step will be!<\\\/p>\"},\"elements\":[],\"widgetType\":\"text-editor\"}],\"isInner\":\"\"}],\"isInner\":\"\"}]"},{"meta_key":"_elementor_controls_usage","meta_value":"a:9:{s:5:\"image\";a:3:{s:5:\"count\";i:2;s:15:\"control_percent\";i:1;s:8:\"controls\";a:2:{s:7:\"content\";a:1:{s:13:\"section_image\";a:2:{s:5:\"image\";i:2;s:10:\"image_size\";i:2;}}s:5:\"style\";a:1:{s:19:\"section_style_image\";a:1:{s:19:\"image_border_radius\";i:2;}}}}s:6:\"column\";a:3:{s:5:\"count\";i:13;s:15:\"control_percent\";i:0;s:8:\"controls\";a:2:{s:6:\"layout\";a:1:{s:6:\"layout\";a:2:{s:12:\"_inline_size\";i:4;s:21:\"space_between_widgets\";i:3;}}s:8:\"advanced\";a:1:{s:16:\"section_advanced\";a:1:{s:6:\"margin\";i:1;}}}}s:7:\"section\";a:3:{s:5:\"count\";i:10;s:15:\"control_percent\";i:0;s:8:\"controls\";a:2:{s:6:\"layout\";a:2:{s:17:\"section_structure\";a:1:{s:9:\"structure\";i:3;}s:14:\"section_layout\";a:1:{s:3:\"gap\";i:2;}}s:8:\"advanced\";a:1:{s:16:\"section_advanced\";a:1:{s:6:\"margin\";i:1;}}}}s:6:\"spacer\";a:3:{s:5:\"count\";i:1;s:15:\"control_percent\";i:0;s:8:\"controls\";a:1:{s:7:\"content\";a:1:{s:14:\"section_spacer\";a:1:{s:5:\"space\";i:1;}}}}s:11:\"text-editor\";a:3:{s:5:\"count\";i:14;s:15:\"control_percent\";i:0;s:8:\"controls\";a:3:{s:7:\"content\";a:1:{s:14:\"section_editor\";a:1:{s:6:\"editor\";i:14;}}s:8:\"advanced\";a:1:{s:14:\"_section_style\";a:1:{s:7:\"_margin\";i:8;}}s:5:\"style\";a:1:{s:13:\"section_style\";a:6:{s:10:\"text_color\";i:3;s:21:\"typography_typography\";i:3;s:20:\"typography_font_size\";i:3;s:22:\"typography_font_weight\";i:3;s:22:\"typography_line_height\";i:3;s:21:\"typography_font_style\";i:1;}}}}s:19:\"gt3-core-custommeta\";a:3:{s:5:\"count\";i:2;s:15:\"control_percent\";i:3;s:8:\"controls\";a:3:{s:7:\"content\";a:1:{s:13:\"basic_section\";a:2:{s:21:\"spacing_between_items\";i:1;s:5:\"items\";i:2;}}s:5:\"style\";a:1:{s:13:\"style_section\";a:12:{s:27:\"label_typography_typography\";i:2;s:26:\"label_typography_font_size\";i:2;s:28:\"label_typography_font_weight\";i:2;s:31:\"label_typography_text_transform\";i:2;s:28:\"label_typography_line_height\";i:1;s:27:\"value_typography_typography\";i:2;s:26:\"value_typography_font_size\";i:1;s:28:\"value_typography_font_weight\";i:2;s:31:\"value_typography_text_transform\";i:1;s:28:\"value_typography_line_height\";i:1;s:11:\"value_color\";i:2;s:9:\"icon_size\";i:1;}}s:8:\"advanced\";a:1:{s:14:\"_section_style\";a:1:{s:7:\"_margin\";i:1;}}}}s:16:\"gt3-core-sharing\";a:3:{s:5:\"count\";i:1;s:15:\"control_percent\";i:7;s:8:\"controls\";a:3:{s:7:\"content\";a:1:{s:13:\"basic_section\";a:4:{s:13:\"sharing_label\";i:1;s:13:\"select_layout\";i:1;s:11:\"icon_google\";i:1;s:13:\"icon_linkedin\";i:1;}}s:5:\"style\";a:1:{s:13:\"style_section\";a:13:{s:27:\"label_typography_typography\";i:1;s:26:\"label_typography_font_size\";i:1;s:28:\"label_typography_font_weight\";i:1;s:31:\"label_typography_text_transform\";i:1;s:28:\"label_typography_line_height\";i:1;s:11:\"label_color\";i:1;s:17:\"custom_link_color\";i:1;s:19:\"icon_facebook_color\";i:1;s:18:\"icon_twitter_color\";i:1;s:20:\"icon_pinterest_color\";i:1;s:17:\"icon_google_color\";i:1;s:16:\"icon_email_color\";i:1;s:19:\"icon_linkedin_color\";i:1;}}s:8:\"advanced\";a:1:{s:14:\"_section_style\";a:1:{s:7:\"_margin\";i:1;}}}}s:16:\"unlimited-charts\";a:3:{s:5:\"count\";i:2;s:15:\"control_percent\";i:8;s:8:\"controls\";a:1:{s:7:\"content\";a:3:{s:13:\"basic_section\";a:6:{s:6:\"labels\";i:2;s:5:\"items\";i:2;s:4:\"type\";i:1;s:16:\"cutoutPercentage\";i:1;s:8:\"rotation\";i:1;s:11:\"beginAtZero\";i:1;}s:14:\"legend_section\";a:3:{s:6:\"legend\";i:1;s:15:\"legend_position\";i:2;s:13:\"usePointStyle\";i:1;}s:14:\"scales_section\";a:11:{s:6:\"x_grid\";i:2;s:12:\"x_grid_color\";i:2;s:22:\"x_grid_label_font_size\";i:2;s:18:\"x_grid_label_color\";i:2;s:22:\"x_grid_ticks_font_size\";i:2;s:18:\"x_grid_ticks_color\";i:2;s:12:\"y_grid_color\";i:2;s:22:\"y_grid_label_font_size\";i:2;s:18:\"y_grid_label_color\";i:2;s:22:\"y_grid_ticks_font_size\";i:2;s:18:\"y_grid_ticks_color\";i:2;}}}}s:25:\"gt3-core-TestimonialsLite\";a:3:{s:5:\"count\";i:1;s:15:\"control_percent\";i:6;s:8:\"controls\";a:3:{s:7:\"content\";a:1:{s:15:\"general_section\";a:1:{s:10:\"item_align\";i:1;}}s:5:\"style\";a:2:{s:41:\"section_style_testimonial_content_section\";a:8:{s:11:\"color_title\";i:1;s:27:\"title_typography_typography\";i:1;s:26:\"title_typography_font_size\";i:1;s:28:\"title_typography_line_height\";i:1;s:17:\"quote_items_color\";i:1;s:28:\"title_typography_font_family\";i:1;s:28:\"title_typography_font_weight\";i:1;s:27:\"title_typography_font_style\";i:1;}s:40:\"section_style_testimonial_author_section\";a:6:{s:12:\"color_author\";i:1;s:28:\"author_typography_typography\";i:1;s:29:\"author_typography_font_family\";i:1;s:27:\"author_typography_font_size\";i:1;s:29:\"author_typography_font_weight\";i:1;s:29:\"author_typography_line_height\";i:1;}}s:8:\"advanced\";a:1:{s:14:\"_section_style\";a:1:{s:7:\"_margin\";i:1;}}}}}"},{"meta_key":"_wp_old_date","meta_value":"2019-05-28"},{"meta_key":"_gt3_usage_shortcodes","meta_value":"{\"mc4wp_form\":1}"}],"comments":[],"media":[5327,978,1248]}