{"post_title":"","guid":"https:\/\/livewp.site\/wp\/md\/ewebot\/home6_icon2\/","post_author":"","post_content":"","post_excerpt":"","post_id":5533,"pubDate":"Mon, 01 Jun 2020 12:52:22 +0000","post_date":"2020-06-01 12:52:22","post_date_gmt":"2020-06-01 12:52:22","comment_status":"open","ping_status":"closed","post_name":"home6_icon2","status":"inherit","post_parent":0,"menu_order":0,"post_type":"attachment","post_password":"","is_sticky":0,"terms":[],"postmeta":[{"meta_key":"_wp_attached_file","meta_value":"2020\/06\/home6_icon2.png"},{"meta_key":"_wp_attachment_metadata","meta_value":"a:5:{s:5:\"width\";i:96;s:6:\"height\";i:96;s:4:\"file\";s:23:\"2020\/06\/home6_icon2.png\";s:5:\"sizes\";a:0:{}s:10:\"image_meta\";a:12:{s:8:\"aperture\";s:1:\"0\";s:6:\"credit\";s:0:\"\";s:6:\"camera\";s:0:\"\";s:7:\"caption\";s:0:\"\";s:17:\"created_timestamp\";s:1:\"0\";s:9:\"copyright\";s:0:\"\";s:12:\"focal_length\";s:1:\"0\";s:3:\"iso\";s:1:\"0\";s:13:\"shutter_speed\";s:1:\"0\";s:5:\"title\";s:0:\"\";s:11:\"orientation\";s:1:\"0\";s:8:\"keywords\";a:0:{}}}"},{"meta_key":"_gt3_usage_shortcodes","meta_value":"{\"mc4wp_form\":1}"}],"comments":[],"media":[],"attachment_url":"https:\/\/livewp.site\/wp\/md\/ewebot\/wp-content\/uploads\/sites\/64\/2020\/06\/home6_icon2.png"}