{"post_title":"IN_YOUR_THOUGHTS","guid":"https:\/\/livewp.site\/wp\/md\/ewebot\/portfolio\/in-your-thoughts\/in_your_thoughts\/","post_author":"","post_content":"","post_excerpt":"","post_id":5874,"pubDate":"Mon, 27 Jul 2020 07:39:14 +0000","post_date":"2020-07-27 07:39:14","post_date_gmt":"2020-07-27 07:39:14","comment_status":"open","ping_status":"closed","post_name":"in_your_thoughts","status":"inherit","post_parent":5866,"menu_order":0,"post_type":"attachment","post_password":"","is_sticky":0,"terms":[],"postmeta":[{"meta_key":"_wp_attached_file","meta_value":"2020\/07\/IN_YOUR_THOUGHTS.jpg"},{"meta_key":"_wp_attachment_metadata","meta_value":"a:5:{s:5:\"width\";i:1170;s:6:\"height\";i:1001;s:4:\"file\";s:28:\"2020\/07\/IN_YOUR_THOUGHTS.jpg\";s:5:\"sizes\";a:9:{s:6:\"medium\";a:4:{s:4:\"file\";s:28:\"IN_YOUR_THOUGHTS-300x257.jpg\";s:5:\"width\";i:300;s:6:\"height\";i:257;s:9:\"mime-type\";s:10:\"image\/jpeg\";}s:5:\"large\";a:4:{s:4:\"file\";s:29:\"IN_YOUR_THOUGHTS-1024x876.jpg\";s:5:\"width\";i:1024;s:6:\"height\";i:876;s:9:\"mime-type\";s:10:\"image\/jpeg\";}s:9:\"thumbnail\";a:4:{s:4:\"file\";s:28:\"IN_YOUR_THOUGHTS-150x150.jpg\";s:5:\"width\";i:150;s:6:\"height\";i:150;s:9:\"mime-type\";s:10:\"image\/jpeg\";}s:12:\"medium_large\";a:4:{s:4:\"file\";s:28:\"IN_YOUR_THOUGHTS-768x657.jpg\";s:5:\"width\";i:768;s:6:\"height\";i:657;s:9:\"mime-type\";s:10:\"image\/jpeg\";}s:15:\"gt3theme_mobile\";a:4:{s:4:\"file\";s:28:\"IN_YOUR_THOUGHTS-480x411.jpg\";s:5:\"width\";i:480;s:6:\"height\";i:411;s:9:\"mime-type\";s:10:\"image\/jpeg\";}s:21:\"woocommerce_thumbnail\";a:5:{s:4:\"file\";s:28:\"IN_YOUR_THOUGHTS-300x400.jpg\";s:5:\"width\";i:300;s:6:\"height\";i:400;s:9:\"mime-type\";s:10:\"image\/jpeg\";s:9:\"uncropped\";b:0;}s:29:\"woocommerce_gallery_thumbnail\";a:4:{s:4:\"file\";s:28:\"IN_YOUR_THOUGHTS-400x400.jpg\";s:5:\"width\";i:400;s:6:\"height\";i:400;s:9:\"mime-type\";s:10:\"image\/jpeg\";}s:12:\"shop_catalog\";a:4:{s:4:\"file\";s:28:\"IN_YOUR_THOUGHTS-300x400.jpg\";s:5:\"width\";i:300;s:6:\"height\";i:400;s:9:\"mime-type\";s:10:\"image\/jpeg\";}s:14:\"shop_thumbnail\";a:4:{s:4:\"file\";s:28:\"IN_YOUR_THOUGHTS-400x400.jpg\";s:5:\"width\";i:400;s:6:\"height\";i:400;s:9:\"mime-type\";s:10:\"image\/jpeg\";}}s:10:\"image_meta\";a:12:{s:8:\"aperture\";s:1:\"0\";s:6:\"credit\";s:0:\"\";s:6:\"camera\";s:0:\"\";s:7:\"caption\";s:0:\"\";s:17:\"created_timestamp\";s:1:\"0\";s:9:\"copyright\";s:0:\"\";s:12:\"focal_length\";s:1:\"0\";s:3:\"iso\";s:1:\"0\";s:13:\"shutter_speed\";s:1:\"0\";s:5:\"title\";s:0:\"\";s:11:\"orientation\";s:1:\"0\";s:8:\"keywords\";a:0:{}}}"},{"meta_key":"solid_color","meta_value":"B9D4D9"}],"comments":[],"media":[],"attachment_url":"https:\/\/livewp.site\/wp\/md\/ewebot\/wp-content\/uploads\/sites\/64\/2020\/07\/IN_YOUR_THOUGHTS.jpg"}