{"post_title":"macbook","guid":"https:\/\/livewp.site\/wp\/md\/ewebot\/macbook\/","post_author":"","post_content":"","post_excerpt":"","post_id":5918,"pubDate":"Mon, 27 Jul 2020 09:21:05 +0000","post_date":"2020-07-27 09:21:05","post_date_gmt":"2020-07-27 09:21:05","comment_status":"open","ping_status":"closed","post_name":"macbook","status":"inherit","post_parent":0,"menu_order":0,"post_type":"attachment","post_password":"","is_sticky":0,"terms":[],"postmeta":[{"meta_key":"_wp_attached_file","meta_value":"2020\/07\/macbook.png"},{"meta_key":"_wp_attachment_metadata","meta_value":"a:5:{s:5:\"width\";i:915;s:6:\"height\";i:590;s:4:\"file\";s:19:\"2020\/07\/macbook.png\";s:5:\"sizes\";a:8:{s:6:\"medium\";a:4:{s:4:\"file\";s:19:\"macbook-300x193.png\";s:5:\"width\";i:300;s:6:\"height\";i:193;s:9:\"mime-type\";s:9:\"image\/png\";}s:9:\"thumbnail\";a:4:{s:4:\"file\";s:19:\"macbook-150x150.png\";s:5:\"width\";i:150;s:6:\"height\";i:150;s:9:\"mime-type\";s:9:\"image\/png\";}s:12:\"medium_large\";a:4:{s:4:\"file\";s:19:\"macbook-768x495.png\";s:5:\"width\";i:768;s:6:\"height\";i:495;s:9:\"mime-type\";s:9:\"image\/png\";}s:15:\"gt3theme_mobile\";a:4:{s:4:\"file\";s:19:\"macbook-480x310.png\";s:5:\"width\";i:480;s:6:\"height\";i:310;s:9:\"mime-type\";s:9:\"image\/png\";}s:21:\"woocommerce_thumbnail\";a:6:{s:4:\"file\";s:19:\"macbook-300x300.png\";s:5:\"width\";i:300;s:6:\"height\";i:300;s:9:\"mime-type\";s:9:\"image\/png\";s:8:\"filesize\";i:114663;s:9:\"uncropped\";b:0;}s:29:\"woocommerce_gallery_thumbnail\";a:4:{s:4:\"file\";s:19:\"macbook-400x400.png\";s:5:\"width\";i:400;s:6:\"height\";i:400;s:9:\"mime-type\";s:9:\"image\/png\";}s:12:\"shop_catalog\";a:5:{s:4:\"file\";s:19:\"macbook-300x300.png\";s:5:\"width\";i:300;s:6:\"height\";i:300;s:9:\"mime-type\";s:9:\"image\/png\";s:8:\"filesize\";i:114663;}s:14:\"shop_thumbnail\";a:4:{s:4:\"file\";s:19:\"macbook-400x400.png\";s:5:\"width\";i:400;s:6:\"height\";i:400;s:9:\"mime-type\";s:9:\"image\/png\";}}s:10:\"image_meta\";a:12:{s:8:\"aperture\";s:1:\"0\";s:6:\"credit\";s:0:\"\";s:6:\"camera\";s:0:\"\";s:7:\"caption\";s:0:\"\";s:17:\"created_timestamp\";s:1:\"0\";s:9:\"copyright\";s:0:\"\";s:12:\"focal_length\";s:1:\"0\";s:3:\"iso\";s:1:\"0\";s:13:\"shutter_speed\";s:1:\"0\";s:5:\"title\";s:0:\"\";s:11:\"orientation\";s:1:\"0\";s:8:\"keywords\";a:0:{}}}"},{"meta_key":"_gt3-core-lazy-placeholder","meta_value":"data:image\/png;base64,iVBORw0KGgoAAAANSUhEUgAAAFwAAAA7CAYAAAD2Hu26AAAACXBIWXMAAA7EAAAOxAGVKw4bAAAALElEQVR42u3BMQEAAADCoPVPbQo\/oAAAAAAAAAAAAAAAAAAAAAAAAAAAAO4GVQsAAQb5erAAAAAASUVORK5CYII="},{"meta_key":"_gt3_usage_shortcodes","meta_value":"{\"mc4wp_form\":1}"}],"comments":[],"media":[],"attachment_url":"https:\/\/livewp.site\/wp\/md\/ewebot\/wp-content\/uploads\/sites\/64\/2020\/07\/macbook.png"}