{"post_title":"logo_retina_white.png","guid":"https:\/\/livewp.site\/wp\/md\/ewebot\/logo_retina_white-png-2\/","post_author":"","post_content":"","post_excerpt":"","post_id":6301,"pubDate":"Wed, 07 Oct 2020 06:43:02 +0000","post_date":"2020-10-07 06:43:02","post_date_gmt":"2020-10-07 06:43:02","comment_status":"open","ping_status":"closed","post_name":"logo_retina_white-png-2","status":"inherit","post_parent":0,"menu_order":0,"post_type":"attachment","post_password":"","is_sticky":0,"terms":[],"postmeta":[{"meta_key":"_wp_attached_file","meta_value":"2020\/10\/logo_retina_white-1.png"},{"meta_key":"_wp_attachment_metadata","meta_value":"a:5:{s:5:\"width\";i:298;s:6:\"height\";i:96;s:4:\"file\";s:31:\"2020\/10\/logo_retina_white-1.png\";s:5:\"sizes\";a:1:{s:9:\"thumbnail\";a:4:{s:4:\"file\";s:30:\"logo_retina_white-1-150x96.png\";s:5:\"width\";i:150;s:6:\"height\";i:96;s:9:\"mime-type\";s:9:\"image\/png\";}}s:10:\"image_meta\";a:12:{s:8:\"aperture\";s:1:\"0\";s:6:\"credit\";s:0:\"\";s:6:\"camera\";s:0:\"\";s:7:\"caption\";s:0:\"\";s:17:\"created_timestamp\";s:1:\"0\";s:9:\"copyright\";s:0:\"\";s:12:\"focal_length\";s:1:\"0\";s:3:\"iso\";s:1:\"0\";s:13:\"shutter_speed\";s:1:\"0\";s:5:\"title\";s:0:\"\";s:11:\"orientation\";s:1:\"0\";s:8:\"keywords\";a:0:{}}}"},{"meta_key":"_elementor_source_image_hash","meta_value":"f5b0b29b2c4f6347d1d0b33239363f4f6e3ca04a"}],"comments":[],"media":[],"attachment_url":"https:\/\/livewp.site\/wp\/md\/ewebot\/wp-content\/uploads\/sites\/64\/2020\/10\/logo_retina_white-1.png"}