{"post_title":"sutra","guid":"https:\/\/livewp.site\/wp\/md\/ewebot\/home-08\/3-08\/","post_author":"","post_content":"","post_excerpt":"","post_id":6381,"pubDate":"Wed, 07 Oct 2020 15:15:55 +0000","post_date":"2020-10-07 15:15:55","post_date_gmt":"2020-10-07 15:15:55","comment_status":"open","ping_status":"closed","post_name":"3-08","status":"inherit","post_parent":6218,"menu_order":0,"post_type":"attachment","post_password":"","is_sticky":0,"terms":[],"postmeta":[{"meta_key":"_wp_attached_file","meta_value":"2020\/10\/3-08.png"},{"meta_key":"_wp_attachment_metadata","meta_value":"a:5:{s:5:\"width\";i:242;s:6:\"height\";i:90;s:4:\"file\";s:16:\"2020\/10\/3-08.png\";s:5:\"sizes\";a:1:{s:9:\"thumbnail\";a:4:{s:4:\"file\";s:15:\"3-08-150x90.png\";s:5:\"width\";i:150;s:6:\"height\";i:90;s:9:\"mime-type\";s:9:\"image\/png\";}}s:10:\"image_meta\";a:12:{s:8:\"aperture\";s:1:\"0\";s:6:\"credit\";s:0:\"\";s:6:\"camera\";s:0:\"\";s:7:\"caption\";s:0:\"\";s:17:\"created_timestamp\";s:1:\"0\";s:9:\"copyright\";s:0:\"\";s:12:\"focal_length\";s:1:\"0\";s:3:\"iso\";s:1:\"0\";s:13:\"shutter_speed\";s:1:\"0\";s:5:\"title\";s:0:\"\";s:11:\"orientation\";s:1:\"0\";s:8:\"keywords\";a:0:{}}}"},{"meta_key":"_gt3_usage_shortcodes","meta_value":"{\"mc4wp_form\":1}"}],"comments":[],"media":[],"attachment_url":"https:\/\/livewp.site\/wp\/md\/ewebot\/wp-content\/uploads\/sites\/64\/2020\/10\/3-08.png"}