{"post_title":"SEO Consultancy","guid":"https:\/\/livewp.site\/wp\/md\/ewebot\/home-09\/seo-consultancy\/","post_author":"","post_content":"","post_excerpt":"","post_id":6567,"pubDate":"Tue, 24 Nov 2020 13:23:04 +0000","post_date":"2020-11-24 13:23:04","post_date_gmt":"2020-11-24 13:23:04","comment_status":"open","ping_status":"closed","post_name":"seo-consultancy","status":"inherit","post_parent":6450,"menu_order":0,"post_type":"attachment","post_password":"","is_sticky":0,"terms":[],"postmeta":[{"meta_key":"_wp_attached_file","meta_value":"2020\/11\/SEO-Consultancy.png"},{"meta_key":"_wp_attachment_metadata","meta_value":"a:5:{s:5:\"width\";i:466;s:6:\"height\";i:460;s:4:\"file\";s:27:\"2020\/11\/SEO-Consultancy.png\";s:5:\"sizes\";a:6:{s:6:\"medium\";a:4:{s:4:\"file\";s:27:\"SEO-Consultancy-300x296.png\";s:5:\"width\";i:300;s:6:\"height\";i:296;s:9:\"mime-type\";s:9:\"image\/png\";}s:9:\"thumbnail\";a:4:{s:4:\"file\";s:27:\"SEO-Consultancy-150x150.png\";s:5:\"width\";i:150;s:6:\"height\";i:150;s:9:\"mime-type\";s:9:\"image\/png\";}s:21:\"woocommerce_thumbnail\";a:6:{s:4:\"file\";s:27:\"SEO-Consultancy-300x300.png\";s:5:\"width\";i:300;s:6:\"height\";i:300;s:9:\"mime-type\";s:9:\"image\/png\";s:8:\"filesize\";i:40915;s:9:\"uncropped\";b:0;}s:29:\"woocommerce_gallery_thumbnail\";a:4:{s:4:\"file\";s:27:\"SEO-Consultancy-400x400.png\";s:5:\"width\";i:400;s:6:\"height\";i:400;s:9:\"mime-type\";s:9:\"image\/png\";}s:12:\"shop_catalog\";a:4:{s:4:\"file\";s:27:\"SEO-Consultancy-300x400.png\";s:5:\"width\";i:300;s:6:\"height\";i:400;s:9:\"mime-type\";s:9:\"image\/png\";}s:14:\"shop_thumbnail\";a:4:{s:4:\"file\";s:27:\"SEO-Consultancy-400x400.png\";s:5:\"width\";i:400;s:6:\"height\";i:400;s:9:\"mime-type\";s:9:\"image\/png\";}}s:10:\"image_meta\";a:12:{s:8:\"aperture\";s:1:\"0\";s:6:\"credit\";s:0:\"\";s:6:\"camera\";s:0:\"\";s:7:\"caption\";s:0:\"\";s:17:\"created_timestamp\";s:1:\"0\";s:9:\"copyright\";s:0:\"\";s:12:\"focal_length\";s:1:\"0\";s:3:\"iso\";s:1:\"0\";s:13:\"shutter_speed\";s:1:\"0\";s:5:\"title\";s:0:\"\";s:11:\"orientation\";s:1:\"0\";s:8:\"keywords\";a:0:{}}}"},{"meta_key":"_gt3_usage_shortcodes","meta_value":"{\"mc4wp_form\":1}"}],"comments":[],"media":[],"attachment_url":"https:\/\/livewp.site\/wp\/md\/ewebot\/wp-content\/uploads\/sites\/64\/2020\/11\/SEO-Consultancy.png"}