{"post_title":"Default Kit","guid":"https:\/\/livewp.site\/wp\/md\/ewebot\/?elementor_library=default-kit","post_author":"","post_content":"","post_excerpt":"","post_id":6604,"pubDate":"Wed, 25 Nov 2020 10:17:26 +0000","post_date":"2020-11-25 10:17:26","post_date_gmt":"2020-11-25 10:17:26","comment_status":"closed","ping_status":"closed","post_name":"default-kit","status":"publish","post_parent":0,"menu_order":0,"post_type":"elementor_library","post_password":"","is_sticky":0,"terms":[],"postmeta":[{"meta_key":"_elementor_edit_mode","meta_value":"builder"},{"meta_key":"_elementor_template_type","meta_value":"kit"},{"meta_key":"_edit_lock","meta_value":"1670713533:3"},{"meta_key":"_wp_page_template","meta_value":"default"},{"meta_key":"_elementor_page_settings","meta_value":"a:499:{s:13:\"system_colors\";a:12:{i:0;a:3:{s:3:\"_id\";s:18:\"theme-custom-color\";s:5:\"title\";s:11:\"Theme Color\";s:5:\"color\";s:7:\"#6254e7\";}i:1;a:3:{s:3:\"_id\";s:19:\"theme-custom-color2\";s:5:\"title\";s:12:\"Theme Color2\";s:5:\"color\";s:7:\"#ff7426\";}i:2;a:3:{s:3:\"_id\";s:19:\"theme-content-color\";s:5:\"title\";s:19:\"Theme Content Color\";s:5:\"color\";s:7:\"#696687\";}i:3;a:3:{s:3:\"_id\";s:21:\"theme-secondary-color\";s:5:\"title\";s:21:\"Theme Secondary Color\";s:5:\"color\";s:7:\"#696687\";}i:4;a:3:{s:3:\"_id\";s:24:\"theme-custom-color-start\";s:5:\"title\";s:26:\"Theme Color Gradient Start\";s:5:\"color\";s:7:\"#9289f1\";}i:5;a:3:{s:3:\"_id\";s:25:\"theme-custom-color2-start\";s:5:\"title\";s:27:\"Theme Color2 Gradient Start\";s:5:\"color\";s:7:\"#f0ac0e\";}i:6;a:3:{s:3:\"_id\";s:23:\"theme-header-font-color\";s:5:\"title\";s:19:\"Theme Headers Color\";s:5:\"color\";s:7:\"#3b3663\";}i:7;a:3:{s:3:\"_id\";s:19:\"theme-body-bg-color\";s:5:\"title\";s:27:\"Theme Body Background Color\";s:5:\"color\";s:7:\"#ffffff\";}i:8;a:3:{s:3:\"_id\";s:7:\"primary\";s:5:\"title\";s:7:\"Primary\";s:5:\"color\";s:7:\"#6EC1E4\";}i:9;a:3:{s:3:\"_id\";s:9:\"secondary\";s:5:\"title\";s:9:\"Secondary\";s:5:\"color\";s:7:\"#54595F\";}i:10;a:3:{s:3:\"_id\";s:4:\"text\";s:5:\"title\";s:4:\"Text\";s:5:\"color\";s:7:\"#7A7A7A\";}i:11;a:3:{s:3:\"_id\";s:6:\"accent\";s:5:\"title\";s:6:\"Accent\";s:5:\"color\";s:7:\"#61CE70\";}}s:13:\"custom_colors\";a:0:{}s:17:\"system_typography\";a:9:{i:0;a:20:{s:3:\"_id\";s:10:\"theme-main\";s:5:\"title\";s:10:\"Theme Main\";s:21:\"typography_typography\";s:6:\"custom\";s:22:\"typography_font_family\";s:5:\"Rubik\";s:22:\"typography_font_weight\";s:3:\"400\";s:20:\"typography_font_size\";a:3:{s:4:\"unit\";s:2:\"px\";s:4:\"size\";s:2:\"18\";s:5:\"sizes\";a:0:{}}s:25:\"typography_text_transform\";s:0:\"\";s:21:\"typography_font_style\";s:0:\"\";s:26:\"typography_text_decoration\";s:0:\"\";s:22:\"typography_line_height\";a:3:{s:4:\"unit\";s:2:\"px\";s:4:\"size\";s:2:\"27\";s:5:\"sizes\";a:0:{}}s:25:\"typography_letter_spacing\";a:3:{s:4:\"unit\";s:2:\"px\";s:4:\"size\";s:0:\"\";s:5:\"sizes\";a:0:{}}s:27:\"typography_font_size_tablet\";a:3:{s:4:\"unit\";s:2:\"px\";s:4:\"size\";s:0:\"\";s:5:\"sizes\";a:0:{}}s:27:\"typography_font_size_mobile\";a:3:{s:4:\"unit\";s:2:\"px\";s:4:\"size\";s:0:\"\";s:5:\"sizes\";a:0:{}}s:29:\"typography_line_height_tablet\";a:3:{s:4:\"unit\";s:2:\"em\";s:4:\"size\";s:0:\"\";s:5:\"sizes\";a:0:{}}s:29:\"typography_line_height_mobile\";a:3:{s:4:\"unit\";s:2:\"em\";s:4:\"size\";s:0:\"\";s:5:\"sizes\";a:0:{}}s:32:\"typography_letter_spacing_tablet\";a:3:{s:4:\"unit\";s:2:\"px\";s:4:\"size\";s:0:\"\";s:5:\"sizes\";a:0:{}}s:32:\"typography_letter_spacing_mobile\";a:3:{s:4:\"unit\";s:2:\"px\";s:4:\"size\";s:0:\"\";s:5:\"sizes\";a:0:{}}s:23:\"typography_word_spacing\";a:3:{s:4:\"unit\";s:2:\"em\";s:4:\"size\";s:0:\"\";s:5:\"sizes\";a:0:{}}s:30:\"typography_word_spacing_tablet\";a:3:{s:4:\"unit\";s:2:\"em\";s:4:\"size\";s:0:\"\";s:5:\"sizes\";a:0:{}}s:30:\"typography_word_spacing_mobile\";a:3:{s:4:\"unit\";s:2:\"em\";s:4:\"size\";s:0:\"\";s:5:\"sizes\";a:0:{}}}i:1;a:20:{s:3:\"_id\";s:15:\"theme-secondary\";s:5:\"title\";s:15:\"Theme Secondary\";s:21:\"typography_typography\";s:6:\"custom\";s:22:\"typography_font_family\";s:6:\"Nunito\";s:22:\"typography_font_weight\";s:3:\"400\";s:20:\"typography_font_size\";a:3:{s:4:\"unit\";s:2:\"px\";s:4:\"size\";s:2:\"18\";s:5:\"sizes\";a:0:{}}s:25:\"typography_text_transform\";s:0:\"\";s:21:\"typography_font_style\";s:0:\"\";s:26:\"typography_text_decoration\";s:0:\"\";s:22:\"typography_line_height\";a:3:{s:4:\"unit\";s:2:\"px\";s:4:\"size\";s:2:\"27\";s:5:\"sizes\";a:0:{}}s:25:\"typography_letter_spacing\";a:3:{s:4:\"unit\";s:2:\"px\";s:4:\"size\";s:0:\"\";s:5:\"sizes\";a:0:{}}s:27:\"typography_font_size_tablet\";a:3:{s:4:\"unit\";s:2:\"px\";s:4:\"size\";s:0:\"\";s:5:\"sizes\";a:0:{}}s:27:\"typography_font_size_mobile\";a:3:{s:4:\"unit\";s:2:\"px\";s:4:\"size\";s:0:\"\";s:5:\"sizes\";a:0:{}}s:29:\"typography_line_height_tablet\";a:3:{s:4:\"unit\";s:2:\"em\";s:4:\"size\";s:0:\"\";s:5:\"sizes\";a:0:{}}s:29:\"typography_line_height_mobile\";a:3:{s:4:\"unit\";s:2:\"em\";s:4:\"size\";s:0:\"\";s:5:\"sizes\";a:0:{}}s:32:\"typography_letter_spacing_tablet\";a:3:{s:4:\"unit\";s:2:\"px\";s:4:\"size\";s:0:\"\";s:5:\"sizes\";a:0:{}}s:32:\"typography_letter_spacing_mobile\";a:3:{s:4:\"unit\";s:2:\"px\";s:4:\"size\";s:0:\"\";s:5:\"sizes\";a:0:{}}s:23:\"typography_word_spacing\";a:3:{s:4:\"unit\";s:2:\"em\";s:4:\"size\";s:0:\"\";s:5:\"sizes\";a:0:{}}s:30:\"typography_word_spacing_tablet\";a:3:{s:4:\"unit\";s:2:\"em\";s:4:\"size\";s:0:\"\";s:5:\"sizes\";a:0:{}}s:30:\"typography_word_spacing_mobile\";a:3:{s:4:\"unit\";s:2:\"em\";s:4:\"size\";s:0:\"\";s:5:\"sizes\";a:0:{}}}i:2;a:20:{s:3:\"_id\";s:13:\"theme-headers\";s:5:\"title\";s:13:\"Theme Headers\";s:21:\"typography_typography\";s:6:\"custom\";s:22:\"typography_font_family\";s:6:\"Nunito\";s:22:\"typography_font_weight\";s:3:\"800\";s:20:\"typography_font_size\";a:3:{s:4:\"unit\";s:2:\"px\";s:4:\"size\";s:0:\"\";s:5:\"sizes\";a:0:{}}s:25:\"typography_text_transform\";s:0:\"\";s:21:\"typography_font_style\";s:0:\"\";s:26:\"typography_text_decoration\";s:0:\"\";s:22:\"typography_line_height\";a:3:{s:4:\"unit\";s:2:\"em\";s:4:\"size\";s:0:\"\";s:5:\"sizes\";a:0:{}}s:25:\"typography_letter_spacing\";a:3:{s:4:\"unit\";s:2:\"px\";s:4:\"size\";s:0:\"\";s:5:\"sizes\";a:0:{}}s:27:\"typography_font_size_tablet\";a:3:{s:4:\"unit\";s:2:\"px\";s:4:\"size\";s:0:\"\";s:5:\"sizes\";a:0:{}}s:27:\"typography_font_size_mobile\";a:3:{s:4:\"unit\";s:2:\"px\";s:4:\"size\";s:0:\"\";s:5:\"sizes\";a:0:{}}s:29:\"typography_line_height_tablet\";a:3:{s:4:\"unit\";s:2:\"em\";s:4:\"size\";s:0:\"\";s:5:\"sizes\";a:0:{}}s:29:\"typography_line_height_mobile\";a:3:{s:4:\"unit\";s:2:\"em\";s:4:\"size\";s:0:\"\";s:5:\"sizes\";a:0:{}}s:32:\"typography_letter_spacing_tablet\";a:3:{s:4:\"unit\";s:2:\"px\";s:4:\"size\";s:0:\"\";s:5:\"sizes\";a:0:{}}s:32:\"typography_letter_spacing_mobile\";a:3:{s:4:\"unit\";s:2:\"px\";s:4:\"size\";s:0:\"\";s:5:\"sizes\";a:0:{}}s:23:\"typography_word_spacing\";a:3:{s:4:\"unit\";s:2:\"em\";s:4:\"size\";s:0:\"\";s:5:\"sizes\";a:0:{}}s:30:\"typography_word_spacing_tablet\";a:3:{s:4:\"unit\";s:2:\"em\";s:4:\"size\";s:0:\"\";s:5:\"sizes\";a:0:{}}s:30:\"typography_word_spacing_mobile\";a:3:{s:4:\"unit\";s:2:\"em\";s:4:\"size\";s:0:\"\";s:5:\"sizes\";a:0:{}}}i:3;a:20:{s:3:\"_id\";s:22:\"theme-modern-shop-main\";s:5:\"title\";s:24:\"Theme Main (Modern Shop)\";s:21:\"typography_typography\";s:6:\"custom\";s:22:\"typography_font_family\";s:6:\"Roboto\";s:22:\"typography_font_weight\";s:3:\"300\";s:20:\"typography_font_size\";a:3:{s:4:\"unit\";s:2:\"px\";s:4:\"size\";s:2:\"16\";s:5:\"sizes\";a:0:{}}s:25:\"typography_text_transform\";s:0:\"\";s:21:\"typography_font_style\";s:0:\"\";s:26:\"typography_text_decoration\";s:0:\"\";s:22:\"typography_line_height\";a:3:{s:4:\"unit\";s:2:\"px\";s:4:\"size\";s:2:\"27\";s:5:\"sizes\";a:0:{}}s:25:\"typography_letter_spacing\";a:3:{s:4:\"unit\";s:2:\"px\";s:4:\"size\";s:0:\"\";s:5:\"sizes\";a:0:{}}s:27:\"typography_font_size_tablet\";a:3:{s:4:\"unit\";s:2:\"px\";s:4:\"size\";s:0:\"\";s:5:\"sizes\";a:0:{}}s:27:\"typography_font_size_mobile\";a:3:{s:4:\"unit\";s:2:\"px\";s:4:\"size\";s:0:\"\";s:5:\"sizes\";a:0:{}}s:29:\"typography_line_height_tablet\";a:3:{s:4:\"unit\";s:2:\"em\";s:4:\"size\";s:0:\"\";s:5:\"sizes\";a:0:{}}s:29:\"typography_line_height_mobile\";a:3:{s:4:\"unit\";s:2:\"em\";s:4:\"size\";s:0:\"\";s:5:\"sizes\";a:0:{}}s:32:\"typography_letter_spacing_tablet\";a:3:{s:4:\"unit\";s:2:\"px\";s:4:\"size\";s:0:\"\";s:5:\"sizes\";a:0:{}}s:32:\"typography_letter_spacing_mobile\";a:3:{s:4:\"unit\";s:2:\"px\";s:4:\"size\";s:0:\"\";s:5:\"sizes\";a:0:{}}s:23:\"typography_word_spacing\";a:3:{s:4:\"unit\";s:2:\"em\";s:4:\"size\";s:0:\"\";s:5:\"sizes\";a:0:{}}s:30:\"typography_word_spacing_tablet\";a:3:{s:4:\"unit\";s:2:\"em\";s:4:\"size\";s:0:\"\";s:5:\"sizes\";a:0:{}}s:30:\"typography_word_spacing_mobile\";a:3:{s:4:\"unit\";s:2:\"em\";s:4:\"size\";s:0:\"\";s:5:\"sizes\";a:0:{}}}i:4;a:20:{s:3:\"_id\";s:25:\"theme-modern-shop-headers\";s:5:\"title\";s:27:\"Theme Headers (Modern Shop)\";s:21:\"typography_typography\";s:6:\"custom\";s:22:\"typography_font_family\";s:7:\"Manrope\";s:20:\"typography_font_size\";a:3:{s:4:\"unit\";s:2:\"px\";s:4:\"size\";s:2:\"18\";s:5:\"sizes\";a:0:{}}s:22:\"typography_font_weight\";s:3:\"600\";s:25:\"typography_text_transform\";s:0:\"\";s:21:\"typography_font_style\";s:0:\"\";s:26:\"typography_text_decoration\";s:0:\"\";s:22:\"typography_line_height\";a:3:{s:4:\"unit\";s:2:\"px\";s:4:\"size\";s:2:\"27\";s:5:\"sizes\";a:0:{}}s:25:\"typography_letter_spacing\";a:3:{s:4:\"unit\";s:2:\"px\";s:4:\"size\";s:0:\"\";s:5:\"sizes\";a:0:{}}s:27:\"typography_font_size_tablet\";a:3:{s:4:\"unit\";s:2:\"px\";s:4:\"size\";s:0:\"\";s:5:\"sizes\";a:0:{}}s:27:\"typography_font_size_mobile\";a:3:{s:4:\"unit\";s:2:\"px\";s:4:\"size\";s:0:\"\";s:5:\"sizes\";a:0:{}}s:29:\"typography_line_height_tablet\";a:3:{s:4:\"unit\";s:2:\"em\";s:4:\"size\";s:0:\"\";s:5:\"sizes\";a:0:{}}s:29:\"typography_line_height_mobile\";a:3:{s:4:\"unit\";s:2:\"em\";s:4:\"size\";s:0:\"\";s:5:\"sizes\";a:0:{}}s:32:\"typography_letter_spacing_tablet\";a:3:{s:4:\"unit\";s:2:\"px\";s:4:\"size\";s:0:\"\";s:5:\"sizes\";a:0:{}}s:32:\"typography_letter_spacing_mobile\";a:3:{s:4:\"unit\";s:2:\"px\";s:4:\"size\";s:0:\"\";s:5:\"sizes\";a:0:{}}s:23:\"typography_word_spacing\";a:3:{s:4:\"unit\";s:2:\"em\";s:4:\"size\";s:0:\"\";s:5:\"sizes\";a:0:{}}s:30:\"typography_word_spacing_tablet\";a:3:{s:4:\"unit\";s:2:\"em\";s:4:\"size\";s:0:\"\";s:5:\"sizes\";a:0:{}}s:30:\"typography_word_spacing_mobile\";a:3:{s:4:\"unit\";s:2:\"em\";s:4:\"size\";s:0:\"\";s:5:\"sizes\";a:0:{}}}i:5;a:20:{s:3:\"_id\";s:7:\"primary\";s:5:\"title\";s:7:\"Primary\";s:21:\"typography_typography\";s:6:\"custom\";s:22:\"typography_font_family\";s:6:\"Roboto\";s:22:\"typography_font_weight\";s:3:\"600\";s:20:\"typography_font_size\";a:3:{s:4:\"unit\";s:2:\"px\";s:4:\"size\";s:0:\"\";s:5:\"sizes\";a:0:{}}s:27:\"typography_font_size_tablet\";a:3:{s:4:\"unit\";s:2:\"px\";s:4:\"size\";s:0:\"\";s:5:\"sizes\";a:0:{}}s:27:\"typography_font_size_mobile\";a:3:{s:4:\"unit\";s:2:\"px\";s:4:\"size\";s:0:\"\";s:5:\"sizes\";a:0:{}}s:25:\"typography_text_transform\";s:0:\"\";s:21:\"typography_font_style\";s:0:\"\";s:26:\"typography_text_decoration\";s:0:\"\";s:22:\"typography_line_height\";a:3:{s:4:\"unit\";s:2:\"em\";s:4:\"size\";s:0:\"\";s:5:\"sizes\";a:0:{}}s:29:\"typography_line_height_tablet\";a:3:{s:4:\"unit\";s:2:\"em\";s:4:\"size\";s:0:\"\";s:5:\"sizes\";a:0:{}}s:29:\"typography_line_height_mobile\";a:3:{s:4:\"unit\";s:2:\"em\";s:4:\"size\";s:0:\"\";s:5:\"sizes\";a:0:{}}s:25:\"typography_letter_spacing\";a:3:{s:4:\"unit\";s:2:\"px\";s:4:\"size\";s:0:\"\";s:5:\"sizes\";a:0:{}}s:32:\"typography_letter_spacing_tablet\";a:3:{s:4:\"unit\";s:2:\"px\";s:4:\"size\";s:0:\"\";s:5:\"sizes\";a:0:{}}s:32:\"typography_letter_spacing_mobile\";a:3:{s:4:\"unit\";s:2:\"px\";s:4:\"size\";s:0:\"\";s:5:\"sizes\";a:0:{}}s:23:\"typography_word_spacing\";a:3:{s:4:\"unit\";s:2:\"em\";s:4:\"size\";s:0:\"\";s:5:\"sizes\";a:0:{}}s:30:\"typography_word_spacing_tablet\";a:3:{s:4:\"unit\";s:2:\"em\";s:4:\"size\";s:0:\"\";s:5:\"sizes\";a:0:{}}s:30:\"typography_word_spacing_mobile\";a:3:{s:4:\"unit\";s:2:\"em\";s:4:\"size\";s:0:\"\";s:5:\"sizes\";a:0:{}}}i:6;a:20:{s:3:\"_id\";s:9:\"secondary\";s:5:\"title\";s:9:\"Secondary\";s:21:\"typography_typography\";s:6:\"custom\";s:22:\"typography_font_family\";s:11:\"Roboto Slab\";s:22:\"typography_font_weight\";s:3:\"400\";s:20:\"typography_font_size\";a:3:{s:4:\"unit\";s:2:\"px\";s:4:\"size\";s:0:\"\";s:5:\"sizes\";a:0:{}}s:27:\"typography_font_size_tablet\";a:3:{s:4:\"unit\";s:2:\"px\";s:4:\"size\";s:0:\"\";s:5:\"sizes\";a:0:{}}s:27:\"typography_font_size_mobile\";a:3:{s:4:\"unit\";s:2:\"px\";s:4:\"size\";s:0:\"\";s:5:\"sizes\";a:0:{}}s:25:\"typography_text_transform\";s:0:\"\";s:21:\"typography_font_style\";s:0:\"\";s:26:\"typography_text_decoration\";s:0:\"\";s:22:\"typography_line_height\";a:3:{s:4:\"unit\";s:2:\"em\";s:4:\"size\";s:0:\"\";s:5:\"sizes\";a:0:{}}s:29:\"typography_line_height_tablet\";a:3:{s:4:\"unit\";s:2:\"em\";s:4:\"size\";s:0:\"\";s:5:\"sizes\";a:0:{}}s:29:\"typography_line_height_mobile\";a:3:{s:4:\"unit\";s:2:\"em\";s:4:\"size\";s:0:\"\";s:5:\"sizes\";a:0:{}}s:25:\"typography_letter_spacing\";a:3:{s:4:\"unit\";s:2:\"px\";s:4:\"size\";s:0:\"\";s:5:\"sizes\";a:0:{}}s:32:\"typography_letter_spacing_tablet\";a:3:{s:4:\"unit\";s:2:\"px\";s:4:\"size\";s:0:\"\";s:5:\"sizes\";a:0:{}}s:32:\"typography_letter_spacing_mobile\";a:3:{s:4:\"unit\";s:2:\"px\";s:4:\"size\";s:0:\"\";s:5:\"sizes\";a:0:{}}s:23:\"typography_word_spacing\";a:3:{s:4:\"unit\";s:2:\"em\";s:4:\"size\";s:0:\"\";s:5:\"sizes\";a:0:{}}s:30:\"typography_word_spacing_tablet\";a:3:{s:4:\"unit\";s:2:\"em\";s:4:\"size\";s:0:\"\";s:5:\"sizes\";a:0:{}}s:30:\"typography_word_spacing_mobile\";a:3:{s:4:\"unit\";s:2:\"em\";s:4:\"size\";s:0:\"\";s:5:\"sizes\";a:0:{}}}i:7;a:20:{s:3:\"_id\";s:4:\"text\";s:5:\"title\";s:4:\"Text\";s:21:\"typography_typography\";s:6:\"custom\";s:22:\"typography_font_family\";s:6:\"Roboto\";s:22:\"typography_font_weight\";s:3:\"400\";s:20:\"typography_font_size\";a:3:{s:4:\"unit\";s:2:\"px\";s:4:\"size\";s:0:\"\";s:5:\"sizes\";a:0:{}}s:27:\"typography_font_size_tablet\";a:3:{s:4:\"unit\";s:2:\"px\";s:4:\"size\";s:0:\"\";s:5:\"sizes\";a:0:{}}s:27:\"typography_font_size_mobile\";a:3:{s:4:\"unit\";s:2:\"px\";s:4:\"size\";s:0:\"\";s:5:\"sizes\";a:0:{}}s:25:\"typography_text_transform\";s:0:\"\";s:21:\"typography_font_style\";s:0:\"\";s:26:\"typography_text_decoration\";s:0:\"\";s:22:\"typography_line_height\";a:3:{s:4:\"unit\";s:2:\"em\";s:4:\"size\";s:0:\"\";s:5:\"sizes\";a:0:{}}s:29:\"typography_line_height_tablet\";a:3:{s:4:\"unit\";s:2:\"em\";s:4:\"size\";s:0:\"\";s:5:\"sizes\";a:0:{}}s:29:\"typography_line_height_mobile\";a:3:{s:4:\"unit\";s:2:\"em\";s:4:\"size\";s:0:\"\";s:5:\"sizes\";a:0:{}}s:25:\"typography_letter_spacing\";a:3:{s:4:\"unit\";s:2:\"px\";s:4:\"size\";s:0:\"\";s:5:\"sizes\";a:0:{}}s:32:\"typography_letter_spacing_tablet\";a:3:{s:4:\"unit\";s:2:\"px\";s:4:\"size\";s:0:\"\";s:5:\"sizes\";a:0:{}}s:32:\"typography_letter_spacing_mobile\";a:3:{s:4:\"unit\";s:2:\"px\";s:4:\"size\";s:0:\"\";s:5:\"sizes\";a:0:{}}s:23:\"typography_word_spacing\";a:3:{s:4:\"unit\";s:2:\"em\";s:4:\"size\";s:0:\"\";s:5:\"sizes\";a:0:{}}s:30:\"typography_word_spacing_tablet\";a:3:{s:4:\"unit\";s:2:\"em\";s:4:\"size\";s:0:\"\";s:5:\"sizes\";a:0:{}}s:30:\"typography_word_spacing_mobile\";a:3:{s:4:\"unit\";s:2:\"em\";s:4:\"size\";s:0:\"\";s:5:\"sizes\";a:0:{}}}i:8;a:20:{s:3:\"_id\";s:6:\"accent\";s:5:\"title\";s:6:\"Accent\";s:21:\"typography_typography\";s:6:\"custom\";s:22:\"typography_font_family\";s:6:\"Roboto\";s:22:\"typography_font_weight\";s:3:\"500\";s:20:\"typography_font_size\";a:3:{s:4:\"unit\";s:2:\"px\";s:4:\"size\";s:0:\"\";s:5:\"sizes\";a:0:{}}s:27:\"typography_font_size_tablet\";a:3:{s:4:\"unit\";s:2:\"px\";s:4:\"size\";s:0:\"\";s:5:\"sizes\";a:0:{}}s:27:\"typography_font_size_mobile\";a:3:{s:4:\"unit\";s:2:\"px\";s:4:\"size\";s:0:\"\";s:5:\"sizes\";a:0:{}}s:25:\"typography_text_transform\";s:0:\"\";s:21:\"typography_font_style\";s:0:\"\";s:26:\"typography_text_decoration\";s:0:\"\";s:22:\"typography_line_height\";a:3:{s:4:\"unit\";s:2:\"em\";s:4:\"size\";s:0:\"\";s:5:\"sizes\";a:0:{}}s:29:\"typography_line_height_tablet\";a:3:{s:4:\"unit\";s:2:\"em\";s:4:\"size\";s:0:\"\";s:5:\"sizes\";a:0:{}}s:29:\"typography_line_height_mobile\";a:3:{s:4:\"unit\";s:2:\"em\";s:4:\"size\";s:0:\"\";s:5:\"sizes\";a:0:{}}s:25:\"typography_letter_spacing\";a:3:{s:4:\"unit\";s:2:\"px\";s:4:\"size\";s:0:\"\";s:5:\"sizes\";a:0:{}}s:32:\"typography_letter_spacing_tablet\";a:3:{s:4:\"unit\";s:2:\"px\";s:4:\"size\";s:0:\"\";s:5:\"sizes\";a:0:{}}s:32:\"typography_letter_spacing_mobile\";a:3:{s:4:\"unit\";s:2:\"px\";s:4:\"size\";s:0:\"\";s:5:\"sizes\";a:0:{}}s:23:\"typography_word_spacing\";a:3:{s:4:\"unit\";s:2:\"em\";s:4:\"size\";s:0:\"\";s:5:\"sizes\";a:0:{}}s:30:\"typography_word_spacing_tablet\";a:3:{s:4:\"unit\";s:2:\"em\";s:4:\"size\";s:0:\"\";s:5:\"sizes\";a:0:{}}s:30:\"typography_word_spacing_mobile\";a:3:{s:4:\"unit\";s:2:\"em\";s:4:\"size\";s:0:\"\";s:5:\"sizes\";a:0:{}}}}s:17:\"custom_typography\";a:0:{}s:21:\"default_generic_fonts\";s:10:\"Sans-serif\";s:9:\"site_name\";s:6:\"Ewebot\";s:15:\"container_width\";a:3:{s:4:\"unit\";s:2:\"px\";s:4:\"size\";i:1190;s:5:\"sizes\";a:0:{}}s:19:\"page_title_selector\";s:14:\"h1.entry-title\";s:15:\"viewport_mobile\";s:0:\"\";s:15:\"viewport_tablet\";s:0:\"\";s:10:\"body_color\";s:0:\"\";s:26:\"body_typography_typography\";s:0:\"\";s:27:\"body_typography_font_family\";s:0:\"\";s:25:\"body_typography_font_size\";a:3:{s:4:\"unit\";s:2:\"px\";s:4:\"size\";s:0:\"\";s:5:\"sizes\";a:0:{}}s:32:\"body_typography_font_size_tablet\";a:3:{s:4:\"unit\";s:2:\"px\";s:4:\"size\";s:0:\"\";s:5:\"sizes\";a:0:{}}s:32:\"body_typography_font_size_mobile\";a:3:{s:4:\"unit\";s:2:\"px\";s:4:\"size\";s:0:\"\";s:5:\"sizes\";a:0:{}}s:27:\"body_typography_font_weight\";s:0:\"\";s:30:\"body_typography_text_transform\";s:0:\"\";s:26:\"body_typography_font_style\";s:0:\"\";s:31:\"body_typography_text_decoration\";s:0:\"\";s:27:\"body_typography_line_height\";a:3:{s:4:\"unit\";s:2:\"em\";s:4:\"size\";s:0:\"\";s:5:\"sizes\";a:0:{}}s:34:\"body_typography_line_height_tablet\";a:3:{s:4:\"unit\";s:2:\"em\";s:4:\"size\";s:0:\"\";s:5:\"sizes\";a:0:{}}s:34:\"body_typography_line_height_mobile\";a:3:{s:4:\"unit\";s:2:\"em\";s:4:\"size\";s:0:\"\";s:5:\"sizes\";a:0:{}}s:30:\"body_typography_letter_spacing\";a:3:{s:4:\"unit\";s:2:\"px\";s:4:\"size\";s:0:\"\";s:5:\"sizes\";a:0:{}}s:37:\"body_typography_letter_spacing_tablet\";a:3:{s:4:\"unit\";s:2:\"px\";s:4:\"size\";s:0:\"\";s:5:\"sizes\";a:0:{}}s:37:\"body_typography_letter_spacing_mobile\";a:3:{s:4:\"unit\";s:2:\"px\";s:4:\"size\";s:0:\"\";s:5:\"sizes\";a:0:{}}s:28:\"body_typography_word_spacing\";a:3:{s:4:\"unit\";s:2:\"em\";s:4:\"size\";s:0:\"\";s:5:\"sizes\";a:0:{}}s:35:\"body_typography_word_spacing_tablet\";a:3:{s:4:\"unit\";s:2:\"em\";s:4:\"size\";s:0:\"\";s:5:\"sizes\";a:0:{}}s:35:\"body_typography_word_spacing_mobile\";a:3:{s:4:\"unit\";s:2:\"em\";s:4:\"size\";s:0:\"\";s:5:\"sizes\";a:0:{}}s:17:\"paragraph_spacing\";a:3:{s:4:\"unit\";s:2:\"px\";s:4:\"size\";s:0:\"\";s:5:\"sizes\";a:0:{}}s:24:\"paragraph_spacing_tablet\";a:3:{s:4:\"unit\";s:2:\"px\";s:4:\"size\";s:0:\"\";s:5:\"sizes\";a:0:{}}s:24:\"paragraph_spacing_mobile\";a:3:{s:4:\"unit\";s:2:\"px\";s:4:\"size\";s:0:\"\";s:5:\"sizes\";a:0:{}}s:17:\"link_normal_color\";s:0:\"\";s:33:\"link_normal_typography_typography\";s:0:\"\";s:34:\"link_normal_typography_font_family\";s:0:\"\";s:32:\"link_normal_typography_font_size\";a:3:{s:4:\"unit\";s:2:\"px\";s:4:\"size\";s:0:\"\";s:5:\"sizes\";a:0:{}}s:39:\"link_normal_typography_font_size_tablet\";a:3:{s:4:\"unit\";s:2:\"px\";s:4:\"size\";s:0:\"\";s:5:\"sizes\";a:0:{}}s:39:\"link_normal_typography_font_size_mobile\";a:3:{s:4:\"unit\";s:2:\"px\";s:4:\"size\";s:0:\"\";s:5:\"sizes\";a:0:{}}s:34:\"link_normal_typography_font_weight\";s:0:\"\";s:37:\"link_normal_typography_text_transform\";s:0:\"\";s:33:\"link_normal_typography_font_style\";s:0:\"\";s:38:\"link_normal_typography_text_decoration\";s:0:\"\";s:34:\"link_normal_typography_line_height\";a:3:{s:4:\"unit\";s:2:\"em\";s:4:\"size\";s:0:\"\";s:5:\"sizes\";a:0:{}}s:41:\"link_normal_typography_line_height_tablet\";a:3:{s:4:\"unit\";s:2:\"em\";s:4:\"size\";s:0:\"\";s:5:\"sizes\";a:0:{}}s:41:\"link_normal_typography_line_height_mobile\";a:3:{s:4:\"unit\";s:2:\"em\";s:4:\"size\";s:0:\"\";s:5:\"sizes\";a:0:{}}s:37:\"link_normal_typography_letter_spacing\";a:3:{s:4:\"unit\";s:2:\"px\";s:4:\"size\";s:0:\"\";s:5:\"sizes\";a:0:{}}s:44:\"link_normal_typography_letter_spacing_tablet\";a:3:{s:4:\"unit\";s:2:\"px\";s:4:\"size\";s:0:\"\";s:5:\"sizes\";a:0:{}}s:44:\"link_normal_typography_letter_spacing_mobile\";a:3:{s:4:\"unit\";s:2:\"px\";s:4:\"size\";s:0:\"\";s:5:\"sizes\";a:0:{}}s:35:\"link_normal_typography_word_spacing\";a:3:{s:4:\"unit\";s:2:\"em\";s:4:\"size\";s:0:\"\";s:5:\"sizes\";a:0:{}}s:42:\"link_normal_typography_word_spacing_tablet\";a:3:{s:4:\"unit\";s:2:\"em\";s:4:\"size\";s:0:\"\";s:5:\"sizes\";a:0:{}}s:42:\"link_normal_typography_word_spacing_mobile\";a:3:{s:4:\"unit\";s:2:\"em\";s:4:\"size\";s:0:\"\";s:5:\"sizes\";a:0:{}}s:16:\"link_hover_color\";s:0:\"\";s:32:\"link_hover_typography_typography\";s:0:\"\";s:33:\"link_hover_typography_font_family\";s:0:\"\";s:31:\"link_hover_typography_font_size\";a:3:{s:4:\"unit\";s:2:\"px\";s:4:\"size\";s:0:\"\";s:5:\"sizes\";a:0:{}}s:38:\"link_hover_typography_font_size_tablet\";a:3:{s:4:\"unit\";s:2:\"px\";s:4:\"size\";s:0:\"\";s:5:\"sizes\";a:0:{}}s:38:\"link_hover_typography_font_size_mobile\";a:3:{s:4:\"unit\";s:2:\"px\";s:4:\"size\";s:0:\"\";s:5:\"sizes\";a:0:{}}s:33:\"link_hover_typography_font_weight\";s:0:\"\";s:36:\"link_hover_typography_text_transform\";s:0:\"\";s:32:\"link_hover_typography_font_style\";s:0:\"\";s:37:\"link_hover_typography_text_decoration\";s:0:\"\";s:33:\"link_hover_typography_line_height\";a:3:{s:4:\"unit\";s:2:\"em\";s:4:\"size\";s:0:\"\";s:5:\"sizes\";a:0:{}}s:40:\"link_hover_typography_line_height_tablet\";a:3:{s:4:\"unit\";s:2:\"em\";s:4:\"size\";s:0:\"\";s:5:\"sizes\";a:0:{}}s:40:\"link_hover_typography_line_height_mobile\";a:3:{s:4:\"unit\";s:2:\"em\";s:4:\"size\";s:0:\"\";s:5:\"sizes\";a:0:{}}s:36:\"link_hover_typography_letter_spacing\";a:3:{s:4:\"unit\";s:2:\"px\";s:4:\"size\";s:0:\"\";s:5:\"sizes\";a:0:{}}s:43:\"link_hover_typography_letter_spacing_tablet\";a:3:{s:4:\"unit\";s:2:\"px\";s:4:\"size\";s:0:\"\";s:5:\"sizes\";a:0:{}}s:43:\"link_hover_typography_letter_spacing_mobile\";a:3:{s:4:\"unit\";s:2:\"px\";s:4:\"size\";s:0:\"\";s:5:\"sizes\";a:0:{}}s:34:\"link_hover_typography_word_spacing\";a:3:{s:4:\"unit\";s:2:\"em\";s:4:\"size\";s:0:\"\";s:5:\"sizes\";a:0:{}}s:41:\"link_hover_typography_word_spacing_tablet\";a:3:{s:4:\"unit\";s:2:\"em\";s:4:\"size\";s:0:\"\";s:5:\"sizes\";a:0:{}}s:41:\"link_hover_typography_word_spacing_mobile\";a:3:{s:4:\"unit\";s:2:\"em\";s:4:\"size\";s:0:\"\";s:5:\"sizes\";a:0:{}}s:8:\"h1_color\";s:0:\"\";s:24:\"h1_typography_typography\";s:6:\"custom\";s:25:\"h1_typography_font_family\";s:0:\"\";s:23:\"h1_typography_font_size\";a:3:{s:4:\"unit\";s:2:\"px\";s:4:\"size\";s:2:\"40\";s:5:\"sizes\";a:0:{}}s:30:\"h1_typography_font_size_tablet\";a:3:{s:4:\"unit\";s:2:\"px\";s:4:\"size\";s:0:\"\";s:5:\"sizes\";a:0:{}}s:30:\"h1_typography_font_size_mobile\";a:3:{s:4:\"unit\";s:2:\"px\";s:4:\"size\";s:0:\"\";s:5:\"sizes\";a:0:{}}s:25:\"h1_typography_font_weight\";s:0:\"\";s:28:\"h1_typography_text_transform\";s:0:\"\";s:24:\"h1_typography_font_style\";s:0:\"\";s:29:\"h1_typography_text_decoration\";s:0:\"\";s:25:\"h1_typography_line_height\";a:3:{s:4:\"unit\";s:2:\"px\";s:4:\"size\";s:2:\"43\";s:5:\"sizes\";a:0:{}}s:32:\"h1_typography_line_height_tablet\";a:3:{s:4:\"unit\";s:2:\"em\";s:4:\"size\";s:0:\"\";s:5:\"sizes\";a:0:{}}s:32:\"h1_typography_line_height_mobile\";a:3:{s:4:\"unit\";s:2:\"em\";s:4:\"size\";s:0:\"\";s:5:\"sizes\";a:0:{}}s:28:\"h1_typography_letter_spacing\";a:3:{s:4:\"unit\";s:2:\"px\";s:4:\"size\";s:0:\"\";s:5:\"sizes\";a:0:{}}s:35:\"h1_typography_letter_spacing_tablet\";a:3:{s:4:\"unit\";s:2:\"px\";s:4:\"size\";s:0:\"\";s:5:\"sizes\";a:0:{}}s:35:\"h1_typography_letter_spacing_mobile\";a:3:{s:4:\"unit\";s:2:\"px\";s:4:\"size\";s:0:\"\";s:5:\"sizes\";a:0:{}}s:26:\"h1_typography_word_spacing\";a:3:{s:4:\"unit\";s:2:\"em\";s:4:\"size\";s:0:\"\";s:5:\"sizes\";a:0:{}}s:33:\"h1_typography_word_spacing_tablet\";a:3:{s:4:\"unit\";s:2:\"em\";s:4:\"size\";s:0:\"\";s:5:\"sizes\";a:0:{}}s:33:\"h1_typography_word_spacing_mobile\";a:3:{s:4:\"unit\";s:2:\"em\";s:4:\"size\";s:0:\"\";s:5:\"sizes\";a:0:{}}s:8:\"h2_color\";s:0:\"\";s:24:\"h2_typography_typography\";s:6:\"custom\";s:25:\"h2_typography_font_family\";s:0:\"\";s:23:\"h2_typography_font_size\";a:3:{s:4:\"unit\";s:2:\"px\";s:4:\"size\";s:2:\"30\";s:5:\"sizes\";a:0:{}}s:30:\"h2_typography_font_size_tablet\";a:3:{s:4:\"unit\";s:2:\"px\";s:4:\"size\";s:0:\"\";s:5:\"sizes\";a:0:{}}s:30:\"h2_typography_font_size_mobile\";a:3:{s:4:\"unit\";s:2:\"px\";s:4:\"size\";s:0:\"\";s:5:\"sizes\";a:0:{}}s:25:\"h2_typography_font_weight\";s:0:\"\";s:28:\"h2_typography_text_transform\";s:0:\"\";s:24:\"h2_typography_font_style\";s:0:\"\";s:29:\"h2_typography_text_decoration\";s:0:\"\";s:25:\"h2_typography_line_height\";a:3:{s:4:\"unit\";s:2:\"px\";s:4:\"size\";s:2:\"40\";s:5:\"sizes\";a:0:{}}s:32:\"h2_typography_line_height_tablet\";a:3:{s:4:\"unit\";s:2:\"em\";s:4:\"size\";s:0:\"\";s:5:\"sizes\";a:0:{}}s:32:\"h2_typography_line_height_mobile\";a:3:{s:4:\"unit\";s:2:\"em\";s:4:\"size\";s:0:\"\";s:5:\"sizes\";a:0:{}}s:28:\"h2_typography_letter_spacing\";a:3:{s:4:\"unit\";s:2:\"px\";s:4:\"size\";s:0:\"\";s:5:\"sizes\";a:0:{}}s:35:\"h2_typography_letter_spacing_tablet\";a:3:{s:4:\"unit\";s:2:\"px\";s:4:\"size\";s:0:\"\";s:5:\"sizes\";a:0:{}}s:35:\"h2_typography_letter_spacing_mobile\";a:3:{s:4:\"unit\";s:2:\"px\";s:4:\"size\";s:0:\"\";s:5:\"sizes\";a:0:{}}s:26:\"h2_typography_word_spacing\";a:3:{s:4:\"unit\";s:2:\"em\";s:4:\"size\";s:0:\"\";s:5:\"sizes\";a:0:{}}s:33:\"h2_typography_word_spacing_tablet\";a:3:{s:4:\"unit\";s:2:\"em\";s:4:\"size\";s:0:\"\";s:5:\"sizes\";a:0:{}}s:33:\"h2_typography_word_spacing_mobile\";a:3:{s:4:\"unit\";s:2:\"em\";s:4:\"size\";s:0:\"\";s:5:\"sizes\";a:0:{}}s:8:\"h3_color\";s:0:\"\";s:24:\"h3_typography_typography\";s:6:\"custom\";s:25:\"h3_typography_font_family\";s:0:\"\";s:23:\"h3_typography_font_size\";a:3:{s:4:\"unit\";s:2:\"px\";s:4:\"size\";s:2:\"24\";s:5:\"sizes\";a:0:{}}s:30:\"h3_typography_font_size_tablet\";a:3:{s:4:\"unit\";s:2:\"px\";s:4:\"size\";s:0:\"\";s:5:\"sizes\";a:0:{}}s:30:\"h3_typography_font_size_mobile\";a:3:{s:4:\"unit\";s:2:\"px\";s:4:\"size\";s:0:\"\";s:5:\"sizes\";a:0:{}}s:25:\"h3_typography_font_weight\";s:0:\"\";s:28:\"h3_typography_text_transform\";s:0:\"\";s:24:\"h3_typography_font_style\";s:0:\"\";s:29:\"h3_typography_text_decoration\";s:0:\"\";s:25:\"h3_typography_line_height\";a:3:{s:4:\"unit\";s:2:\"px\";s:4:\"size\";s:2:\"30\";s:5:\"sizes\";a:0:{}}s:32:\"h3_typography_line_height_tablet\";a:3:{s:4:\"unit\";s:2:\"em\";s:4:\"size\";s:0:\"\";s:5:\"sizes\";a:0:{}}s:32:\"h3_typography_line_height_mobile\";a:3:{s:4:\"unit\";s:2:\"em\";s:4:\"size\";s:0:\"\";s:5:\"sizes\";a:0:{}}s:28:\"h3_typography_letter_spacing\";a:3:{s:4:\"unit\";s:2:\"px\";s:4:\"size\";s:0:\"\";s:5:\"sizes\";a:0:{}}s:35:\"h3_typography_letter_spacing_tablet\";a:3:{s:4:\"unit\";s:2:\"px\";s:4:\"size\";s:0:\"\";s:5:\"sizes\";a:0:{}}s:35:\"h3_typography_letter_spacing_mobile\";a:3:{s:4:\"unit\";s:2:\"px\";s:4:\"size\";s:0:\"\";s:5:\"sizes\";a:0:{}}s:26:\"h3_typography_word_spacing\";a:3:{s:4:\"unit\";s:2:\"em\";s:4:\"size\";s:0:\"\";s:5:\"sizes\";a:0:{}}s:33:\"h3_typography_word_spacing_tablet\";a:3:{s:4:\"unit\";s:2:\"em\";s:4:\"size\";s:0:\"\";s:5:\"sizes\";a:0:{}}s:33:\"h3_typography_word_spacing_mobile\";a:3:{s:4:\"unit\";s:2:\"em\";s:4:\"size\";s:0:\"\";s:5:\"sizes\";a:0:{}}s:8:\"h4_color\";s:0:\"\";s:24:\"h4_typography_typography\";s:6:\"custom\";s:25:\"h4_typography_font_family\";s:0:\"\";s:23:\"h4_typography_font_size\";a:3:{s:4:\"unit\";s:2:\"px\";s:4:\"size\";s:2:\"20\";s:5:\"sizes\";a:0:{}}s:30:\"h4_typography_font_size_tablet\";a:3:{s:4:\"unit\";s:2:\"px\";s:4:\"size\";s:0:\"\";s:5:\"sizes\";a:0:{}}s:30:\"h4_typography_font_size_mobile\";a:3:{s:4:\"unit\";s:2:\"px\";s:4:\"size\";s:0:\"\";s:5:\"sizes\";a:0:{}}s:25:\"h4_typography_font_weight\";s:0:\"\";s:28:\"h4_typography_text_transform\";s:0:\"\";s:24:\"h4_typography_font_style\";s:0:\"\";s:29:\"h4_typography_text_decoration\";s:0:\"\";s:25:\"h4_typography_line_height\";a:3:{s:4:\"unit\";s:2:\"px\";s:4:\"size\";s:2:\"33\";s:5:\"sizes\";a:0:{}}s:32:\"h4_typography_line_height_tablet\";a:3:{s:4:\"unit\";s:2:\"em\";s:4:\"size\";s:0:\"\";s:5:\"sizes\";a:0:{}}s:32:\"h4_typography_line_height_mobile\";a:3:{s:4:\"unit\";s:2:\"em\";s:4:\"size\";s:0:\"\";s:5:\"sizes\";a:0:{}}s:28:\"h4_typography_letter_spacing\";a:3:{s:4:\"unit\";s:2:\"px\";s:4:\"size\";s:0:\"\";s:5:\"sizes\";a:0:{}}s:35:\"h4_typography_letter_spacing_tablet\";a:3:{s:4:\"unit\";s:2:\"px\";s:4:\"size\";s:0:\"\";s:5:\"sizes\";a:0:{}}s:35:\"h4_typography_letter_spacing_mobile\";a:3:{s:4:\"unit\";s:2:\"px\";s:4:\"size\";s:0:\"\";s:5:\"sizes\";a:0:{}}s:26:\"h4_typography_word_spacing\";a:3:{s:4:\"unit\";s:2:\"em\";s:4:\"size\";s:0:\"\";s:5:\"sizes\";a:0:{}}s:33:\"h4_typography_word_spacing_tablet\";a:3:{s:4:\"unit\";s:2:\"em\";s:4:\"size\";s:0:\"\";s:5:\"sizes\";a:0:{}}s:33:\"h4_typography_word_spacing_mobile\";a:3:{s:4:\"unit\";s:2:\"em\";s:4:\"size\";s:0:\"\";s:5:\"sizes\";a:0:{}}s:8:\"h5_color\";s:0:\"\";s:24:\"h5_typography_typography\";s:6:\"custom\";s:25:\"h5_typography_font_family\";s:6:\"Nunito\";s:23:\"h5_typography_font_size\";a:3:{s:4:\"unit\";s:2:\"px\";s:4:\"size\";s:2:\"18\";s:5:\"sizes\";a:0:{}}s:30:\"h5_typography_font_size_tablet\";a:3:{s:4:\"unit\";s:2:\"px\";s:4:\"size\";s:0:\"\";s:5:\"sizes\";a:0:{}}s:30:\"h5_typography_font_size_mobile\";a:3:{s:4:\"unit\";s:2:\"px\";s:4:\"size\";s:0:\"\";s:5:\"sizes\";a:0:{}}s:25:\"h5_typography_font_weight\";s:3:\"700\";s:28:\"h5_typography_text_transform\";s:0:\"\";s:24:\"h5_typography_font_style\";s:0:\"\";s:29:\"h5_typography_text_decoration\";s:0:\"\";s:25:\"h5_typography_line_height\";a:3:{s:4:\"unit\";s:2:\"px\";s:4:\"size\";s:2:\"30\";s:5:\"sizes\";a:0:{}}s:32:\"h5_typography_line_height_tablet\";a:3:{s:4:\"unit\";s:2:\"em\";s:4:\"size\";s:0:\"\";s:5:\"sizes\";a:0:{}}s:32:\"h5_typography_line_height_mobile\";a:3:{s:4:\"unit\";s:2:\"em\";s:4:\"size\";s:0:\"\";s:5:\"sizes\";a:0:{}}s:28:\"h5_typography_letter_spacing\";a:3:{s:4:\"unit\";s:2:\"px\";s:4:\"size\";s:0:\"\";s:5:\"sizes\";a:0:{}}s:35:\"h5_typography_letter_spacing_tablet\";a:3:{s:4:\"unit\";s:2:\"px\";s:4:\"size\";s:0:\"\";s:5:\"sizes\";a:0:{}}s:35:\"h5_typography_letter_spacing_mobile\";a:3:{s:4:\"unit\";s:2:\"px\";s:4:\"size\";s:0:\"\";s:5:\"sizes\";a:0:{}}s:26:\"h5_typography_word_spacing\";a:3:{s:4:\"unit\";s:2:\"em\";s:4:\"size\";s:0:\"\";s:5:\"sizes\";a:0:{}}s:33:\"h5_typography_word_spacing_tablet\";a:3:{s:4:\"unit\";s:2:\"em\";s:4:\"size\";s:0:\"\";s:5:\"sizes\";a:0:{}}s:33:\"h5_typography_word_spacing_mobile\";a:3:{s:4:\"unit\";s:2:\"em\";s:4:\"size\";s:0:\"\";s:5:\"sizes\";a:0:{}}s:8:\"h6_color\";s:0:\"\";s:24:\"h6_typography_typography\";s:6:\"custom\";s:25:\"h6_typography_font_family\";s:6:\"Nunito\";s:23:\"h6_typography_font_size\";a:3:{s:4:\"unit\";s:2:\"px\";s:4:\"size\";s:2:\"16\";s:5:\"sizes\";a:0:{}}s:30:\"h6_typography_font_size_tablet\";a:3:{s:4:\"unit\";s:2:\"px\";s:4:\"size\";s:0:\"\";s:5:\"sizes\";a:0:{}}s:30:\"h6_typography_font_size_mobile\";a:3:{s:4:\"unit\";s:2:\"px\";s:4:\"size\";s:0:\"\";s:5:\"sizes\";a:0:{}}s:25:\"h6_typography_font_weight\";s:3:\"600\";s:28:\"h6_typography_text_transform\";s:0:\"\";s:24:\"h6_typography_font_style\";s:0:\"\";s:29:\"h6_typography_text_decoration\";s:0:\"\";s:25:\"h6_typography_line_height\";a:3:{s:4:\"unit\";s:2:\"px\";s:4:\"size\";s:2:\"24\";s:5:\"sizes\";a:0:{}}s:32:\"h6_typography_line_height_tablet\";a:3:{s:4:\"unit\";s:2:\"em\";s:4:\"size\";s:0:\"\";s:5:\"sizes\";a:0:{}}s:32:\"h6_typography_line_height_mobile\";a:3:{s:4:\"unit\";s:2:\"em\";s:4:\"size\";s:0:\"\";s:5:\"sizes\";a:0:{}}s:28:\"h6_typography_letter_spacing\";a:3:{s:4:\"unit\";s:2:\"px\";s:4:\"size\";s:0:\"\";s:5:\"sizes\";a:0:{}}s:35:\"h6_typography_letter_spacing_tablet\";a:3:{s:4:\"unit\";s:2:\"px\";s:4:\"size\";s:0:\"\";s:5:\"sizes\";a:0:{}}s:35:\"h6_typography_letter_spacing_mobile\";a:3:{s:4:\"unit\";s:2:\"px\";s:4:\"size\";s:0:\"\";s:5:\"sizes\";a:0:{}}s:26:\"h6_typography_word_spacing\";a:3:{s:4:\"unit\";s:2:\"em\";s:4:\"size\";s:0:\"\";s:5:\"sizes\";a:0:{}}s:33:\"h6_typography_word_spacing_tablet\";a:3:{s:4:\"unit\";s:2:\"em\";s:4:\"size\";s:0:\"\";s:5:\"sizes\";a:0:{}}s:33:\"h6_typography_word_spacing_mobile\";a:3:{s:4:\"unit\";s:2:\"em\";s:4:\"size\";s:0:\"\";s:5:\"sizes\";a:0:{}}s:28:\"button_typography_typography\";s:0:\"\";s:29:\"button_typography_font_family\";s:0:\"\";s:27:\"button_typography_font_size\";a:3:{s:4:\"unit\";s:2:\"px\";s:4:\"size\";s:0:\"\";s:5:\"sizes\";a:0:{}}s:34:\"button_typography_font_size_tablet\";a:3:{s:4:\"unit\";s:2:\"px\";s:4:\"size\";s:0:\"\";s:5:\"sizes\";a:0:{}}s:34:\"button_typography_font_size_mobile\";a:3:{s:4:\"unit\";s:2:\"px\";s:4:\"size\";s:0:\"\";s:5:\"sizes\";a:0:{}}s:29:\"button_typography_font_weight\";s:0:\"\";s:32:\"button_typography_text_transform\";s:0:\"\";s:28:\"button_typography_font_style\";s:0:\"\";s:33:\"button_typography_text_decoration\";s:0:\"\";s:29:\"button_typography_line_height\";a:3:{s:4:\"unit\";s:2:\"em\";s:4:\"size\";s:0:\"\";s:5:\"sizes\";a:0:{}}s:36:\"button_typography_line_height_tablet\";a:3:{s:4:\"unit\";s:2:\"em\";s:4:\"size\";s:0:\"\";s:5:\"sizes\";a:0:{}}s:36:\"button_typography_line_height_mobile\";a:3:{s:4:\"unit\";s:2:\"em\";s:4:\"size\";s:0:\"\";s:5:\"sizes\";a:0:{}}s:32:\"button_typography_letter_spacing\";a:3:{s:4:\"unit\";s:2:\"px\";s:4:\"size\";s:0:\"\";s:5:\"sizes\";a:0:{}}s:39:\"button_typography_letter_spacing_tablet\";a:3:{s:4:\"unit\";s:2:\"px\";s:4:\"size\";s:0:\"\";s:5:\"sizes\";a:0:{}}s:39:\"button_typography_letter_spacing_mobile\";a:3:{s:4:\"unit\";s:2:\"px\";s:4:\"size\";s:0:\"\";s:5:\"sizes\";a:0:{}}s:30:\"button_typography_word_spacing\";a:3:{s:4:\"unit\";s:2:\"em\";s:4:\"size\";s:0:\"\";s:5:\"sizes\";a:0:{}}s:37:\"button_typography_word_spacing_tablet\";a:3:{s:4:\"unit\";s:2:\"em\";s:4:\"size\";s:0:\"\";s:5:\"sizes\";a:0:{}}s:37:\"button_typography_word_spacing_mobile\";a:3:{s:4:\"unit\";s:2:\"em\";s:4:\"size\";s:0:\"\";s:5:\"sizes\";a:0:{}}s:35:\"button_text_shadow_text_shadow_type\";s:0:\"\";s:30:\"button_text_shadow_text_shadow\";a:4:{s:10:\"horizontal\";i:0;s:8:\"vertical\";i:0;s:4:\"blur\";i:10;s:5:\"color\";s:15:\"rgba(0,0,0,0.3)\";}s:17:\"button_text_color\";s:0:\"\";s:28:\"button_background_background\";s:7:\"classic\";s:23:\"button_background_color\";s:0:\"\";s:28:\"button_background_color_stop\";a:3:{s:4:\"unit\";s:1:\"%\";s:4:\"size\";i:0;s:5:\"sizes\";a:0:{}}s:25:\"button_background_color_b\";s:7:\"#f2295b\";s:30:\"button_background_color_b_stop\";a:3:{s:4:\"unit\";s:1:\"%\";s:4:\"size\";i:100;s:5:\"sizes\";a:0:{}}s:31:\"button_background_gradient_type\";s:6:\"linear\";s:32:\"button_background_gradient_angle\";a:3:{s:4:\"unit\";s:3:\"deg\";s:4:\"size\";i:180;s:5:\"sizes\";a:0:{}}s:35:\"button_background_gradient_position\";s:13:\"center center\";s:26:\"button_background_position\";s:0:\"\";s:33:\"button_background_position_tablet\";s:0:\"\";s:33:\"button_background_position_mobile\";s:0:\"\";s:22:\"button_background_xpos\";a:3:{s:4:\"unit\";s:2:\"px\";s:4:\"size\";i:0;s:5:\"sizes\";a:0:{}}s:29:\"button_background_xpos_tablet\";a:3:{s:4:\"unit\";s:2:\"px\";s:4:\"size\";i:0;s:5:\"sizes\";a:0:{}}s:29:\"button_background_xpos_mobile\";a:3:{s:4:\"unit\";s:2:\"px\";s:4:\"size\";i:0;s:5:\"sizes\";a:0:{}}s:22:\"button_background_ypos\";a:3:{s:4:\"unit\";s:2:\"px\";s:4:\"size\";i:0;s:5:\"sizes\";a:0:{}}s:29:\"button_background_ypos_tablet\";a:3:{s:4:\"unit\";s:2:\"px\";s:4:\"size\";i:0;s:5:\"sizes\";a:0:{}}s:29:\"button_background_ypos_mobile\";a:3:{s:4:\"unit\";s:2:\"px\";s:4:\"size\";i:0;s:5:\"sizes\";a:0:{}}s:28:\"button_background_attachment\";s:0:\"\";s:24:\"button_background_repeat\";s:0:\"\";s:31:\"button_background_repeat_tablet\";s:0:\"\";s:31:\"button_background_repeat_mobile\";s:0:\"\";s:22:\"button_background_size\";s:0:\"\";s:29:\"button_background_size_tablet\";s:0:\"\";s:29:\"button_background_size_mobile\";s:0:\"\";s:26:\"button_background_bg_width\";a:3:{s:4:\"unit\";s:1:\"%\";s:4:\"size\";i:100;s:5:\"sizes\";a:0:{}}s:33:\"button_background_bg_width_tablet\";a:3:{s:4:\"unit\";s:2:\"px\";s:4:\"size\";s:0:\"\";s:5:\"sizes\";a:0:{}}s:33:\"button_background_bg_width_mobile\";a:3:{s:4:\"unit\";s:2:\"px\";s:4:\"size\";s:0:\"\";s:5:\"sizes\";a:0:{}}s:28:\"button_background_video_link\";s:0:\"\";s:29:\"button_background_video_start\";s:0:\"\";s:27:\"button_background_video_end\";s:0:\"\";s:27:\"button_background_play_once\";s:0:\"\";s:32:\"button_background_play_on_mobile\";s:0:\"\";s:30:\"button_background_privacy_mode\";s:0:\"\";s:32:\"button_background_video_fallback\";a:2:{s:3:\"url\";s:0:\"\";s:2:\"id\";s:0:\"\";}s:35:\"button_background_slideshow_gallery\";a:0:{}s:32:\"button_background_slideshow_loop\";s:3:\"yes\";s:42:\"button_background_slideshow_slide_duration\";i:5000;s:44:\"button_background_slideshow_slide_transition\";s:4:\"fade\";s:47:\"button_background_slideshow_transition_duration\";i:500;s:43:\"button_background_slideshow_background_size\";s:0:\"\";s:50:\"button_background_slideshow_background_size_tablet\";s:0:\"\";s:50:\"button_background_slideshow_background_size_mobile\";s:0:\"\";s:47:\"button_background_slideshow_background_position\";s:0:\"\";s:54:\"button_background_slideshow_background_position_tablet\";s:0:\"\";s:54:\"button_background_slideshow_background_position_mobile\";s:0:\"\";s:37:\"button_background_slideshow_ken_burns\";s:0:\"\";s:52:\"button_background_slideshow_ken_burns_zoom_direction\";s:2:\"in\";s:33:\"button_box_shadow_box_shadow_type\";s:0:\"\";s:28:\"button_box_shadow_box_shadow\";a:5:{s:10:\"horizontal\";i:0;s:8:\"vertical\";i:0;s:4:\"blur\";i:10;s:6:\"spread\";i:0;s:5:\"color\";s:15:\"rgba(0,0,0,0.5)\";}s:37:\"button_box_shadow_box_shadow_position\";s:1:\" \";s:20:\"button_border_border\";s:0:\"\";s:19:\"button_border_width\";a:6:{s:4:\"unit\";s:2:\"px\";s:3:\"top\";s:0:\"\";s:5:\"right\";s:0:\"\";s:6:\"bottom\";s:0:\"\";s:4:\"left\";s:0:\"\";s:8:\"isLinked\";b:1;}s:26:\"button_border_width_tablet\";a:6:{s:4:\"unit\";s:2:\"px\";s:3:\"top\";s:0:\"\";s:5:\"right\";s:0:\"\";s:6:\"bottom\";s:0:\"\";s:4:\"left\";s:0:\"\";s:8:\"isLinked\";b:1;}s:26:\"button_border_width_mobile\";a:6:{s:4:\"unit\";s:2:\"px\";s:3:\"top\";s:0:\"\";s:5:\"right\";s:0:\"\";s:6:\"bottom\";s:0:\"\";s:4:\"left\";s:0:\"\";s:8:\"isLinked\";b:1;}s:19:\"button_border_color\";s:0:\"\";s:20:\"button_border_radius\";a:6:{s:4:\"unit\";s:2:\"px\";s:3:\"top\";s:0:\"\";s:5:\"right\";s:0:\"\";s:6:\"bottom\";s:0:\"\";s:4:\"left\";s:0:\"\";s:8:\"isLinked\";b:1;}s:23:\"button_hover_text_color\";s:0:\"\";s:34:\"button_hover_background_background\";s:7:\"classic\";s:29:\"button_hover_background_color\";s:0:\"\";s:34:\"button_hover_background_color_stop\";a:3:{s:4:\"unit\";s:1:\"%\";s:4:\"size\";i:0;s:5:\"sizes\";a:0:{}}s:31:\"button_hover_background_color_b\";s:7:\"#f2295b\";s:36:\"button_hover_background_color_b_stop\";a:3:{s:4:\"unit\";s:1:\"%\";s:4:\"size\";i:100;s:5:\"sizes\";a:0:{}}s:37:\"button_hover_background_gradient_type\";s:6:\"linear\";s:38:\"button_hover_background_gradient_angle\";a:3:{s:4:\"unit\";s:3:\"deg\";s:4:\"size\";i:180;s:5:\"sizes\";a:0:{}}s:41:\"button_hover_background_gradient_position\";s:13:\"center center\";s:32:\"button_hover_background_position\";s:0:\"\";s:39:\"button_hover_background_position_tablet\";s:0:\"\";s:39:\"button_hover_background_position_mobile\";s:0:\"\";s:28:\"button_hover_background_xpos\";a:3:{s:4:\"unit\";s:2:\"px\";s:4:\"size\";i:0;s:5:\"sizes\";a:0:{}}s:35:\"button_hover_background_xpos_tablet\";a:3:{s:4:\"unit\";s:2:\"px\";s:4:\"size\";i:0;s:5:\"sizes\";a:0:{}}s:35:\"button_hover_background_xpos_mobile\";a:3:{s:4:\"unit\";s:2:\"px\";s:4:\"size\";i:0;s:5:\"sizes\";a:0:{}}s:28:\"button_hover_background_ypos\";a:3:{s:4:\"unit\";s:2:\"px\";s:4:\"size\";i:0;s:5:\"sizes\";a:0:{}}s:35:\"button_hover_background_ypos_tablet\";a:3:{s:4:\"unit\";s:2:\"px\";s:4:\"size\";i:0;s:5:\"sizes\";a:0:{}}s:35:\"button_hover_background_ypos_mobile\";a:3:{s:4:\"unit\";s:2:\"px\";s:4:\"size\";i:0;s:5:\"sizes\";a:0:{}}s:34:\"button_hover_background_attachment\";s:0:\"\";s:30:\"button_hover_background_repeat\";s:0:\"\";s:37:\"button_hover_background_repeat_tablet\";s:0:\"\";s:37:\"button_hover_background_repeat_mobile\";s:0:\"\";s:28:\"button_hover_background_size\";s:0:\"\";s:35:\"button_hover_background_size_tablet\";s:0:\"\";s:35:\"button_hover_background_size_mobile\";s:0:\"\";s:32:\"button_hover_background_bg_width\";a:3:{s:4:\"unit\";s:1:\"%\";s:4:\"size\";i:100;s:5:\"sizes\";a:0:{}}s:39:\"button_hover_background_bg_width_tablet\";a:3:{s:4:\"unit\";s:2:\"px\";s:4:\"size\";s:0:\"\";s:5:\"sizes\";a:0:{}}s:39:\"button_hover_background_bg_width_mobile\";a:3:{s:4:\"unit\";s:2:\"px\";s:4:\"size\";s:0:\"\";s:5:\"sizes\";a:0:{}}s:34:\"button_hover_background_video_link\";s:0:\"\";s:35:\"button_hover_background_video_start\";s:0:\"\";s:33:\"button_hover_background_video_end\";s:0:\"\";s:33:\"button_hover_background_play_once\";s:0:\"\";s:38:\"button_hover_background_play_on_mobile\";s:0:\"\";s:36:\"button_hover_background_privacy_mode\";s:0:\"\";s:38:\"button_hover_background_video_fallback\";a:2:{s:3:\"url\";s:0:\"\";s:2:\"id\";s:0:\"\";}s:41:\"button_hover_background_slideshow_gallery\";a:0:{}s:38:\"button_hover_background_slideshow_loop\";s:3:\"yes\";s:48:\"button_hover_background_slideshow_slide_duration\";i:5000;s:50:\"button_hover_background_slideshow_slide_transition\";s:4:\"fade\";s:53:\"button_hover_background_slideshow_transition_duration\";i:500;s:49:\"button_hover_background_slideshow_background_size\";s:0:\"\";s:56:\"button_hover_background_slideshow_background_size_tablet\";s:0:\"\";s:56:\"button_hover_background_slideshow_background_size_mobile\";s:0:\"\";s:53:\"button_hover_background_slideshow_background_position\";s:0:\"\";s:60:\"button_hover_background_slideshow_background_position_tablet\";s:0:\"\";s:60:\"button_hover_background_slideshow_background_position_mobile\";s:0:\"\";s:43:\"button_hover_background_slideshow_ken_burns\";s:0:\"\";s:58:\"button_hover_background_slideshow_ken_burns_zoom_direction\";s:2:\"in\";s:39:\"button_hover_box_shadow_box_shadow_type\";s:0:\"\";s:34:\"button_hover_box_shadow_box_shadow\";a:5:{s:10:\"horizontal\";i:0;s:8:\"vertical\";i:0;s:4:\"blur\";i:10;s:6:\"spread\";i:0;s:5:\"color\";s:15:\"rgba(0,0,0,0.5)\";}s:43:\"button_hover_box_shadow_box_shadow_position\";s:1:\" \";s:26:\"button_hover_border_border\";s:0:\"\";s:25:\"button_hover_border_width\";a:6:{s:4:\"unit\";s:2:\"px\";s:3:\"top\";s:0:\"\";s:5:\"right\";s:0:\"\";s:6:\"bottom\";s:0:\"\";s:4:\"left\";s:0:\"\";s:8:\"isLinked\";b:1;}s:32:\"button_hover_border_width_tablet\";a:6:{s:4:\"unit\";s:2:\"px\";s:3:\"top\";s:0:\"\";s:5:\"right\";s:0:\"\";s:6:\"bottom\";s:0:\"\";s:4:\"left\";s:0:\"\";s:8:\"isLinked\";b:1;}s:32:\"button_hover_border_width_mobile\";a:6:{s:4:\"unit\";s:2:\"px\";s:3:\"top\";s:0:\"\";s:5:\"right\";s:0:\"\";s:6:\"bottom\";s:0:\"\";s:4:\"left\";s:0:\"\";s:8:\"isLinked\";b:1;}s:25:\"button_hover_border_color\";s:0:\"\";s:26:\"button_hover_border_radius\";a:6:{s:4:\"unit\";s:2:\"px\";s:3:\"top\";s:0:\"\";s:5:\"right\";s:0:\"\";s:6:\"bottom\";s:0:\"\";s:4:\"left\";s:0:\"\";s:8:\"isLinked\";b:1;}s:14:\"button_padding\";a:6:{s:4:\"unit\";s:2:\"px\";s:3:\"top\";s:0:\"\";s:5:\"right\";s:0:\"\";s:6:\"bottom\";s:0:\"\";s:4:\"left\";s:0:\"\";s:8:\"isLinked\";b:1;}s:21:\"button_padding_tablet\";a:6:{s:4:\"unit\";s:2:\"px\";s:3:\"top\";s:0:\"\";s:5:\"right\";s:0:\"\";s:6:\"bottom\";s:0:\"\";s:4:\"left\";s:0:\"\";s:8:\"isLinked\";b:1;}s:21:\"button_padding_mobile\";a:6:{s:4:\"unit\";s:2:\"px\";s:3:\"top\";s:0:\"\";s:5:\"right\";s:0:\"\";s:6:\"bottom\";s:0:\"\";s:4:\"left\";s:0:\"\";s:8:\"isLinked\";b:1;}s:19:\"image_border_border\";s:0:\"\";s:18:\"image_border_width\";a:6:{s:4:\"unit\";s:2:\"px\";s:3:\"top\";s:0:\"\";s:5:\"right\";s:0:\"\";s:6:\"bottom\";s:0:\"\";s:4:\"left\";s:0:\"\";s:8:\"isLinked\";b:1;}s:25:\"image_border_width_tablet\";a:6:{s:4:\"unit\";s:2:\"px\";s:3:\"top\";s:0:\"\";s:5:\"right\";s:0:\"\";s:6:\"bottom\";s:0:\"\";s:4:\"left\";s:0:\"\";s:8:\"isLinked\";b:1;}s:25:\"image_border_width_mobile\";a:6:{s:4:\"unit\";s:2:\"px\";s:3:\"top\";s:0:\"\";s:5:\"right\";s:0:\"\";s:6:\"bottom\";s:0:\"\";s:4:\"left\";s:0:\"\";s:8:\"isLinked\";b:1;}s:18:\"image_border_color\";s:0:\"\";s:19:\"image_border_radius\";a:6:{s:4:\"unit\";s:2:\"px\";s:3:\"top\";s:0:\"\";s:5:\"right\";s:0:\"\";s:6:\"bottom\";s:0:\"\";s:4:\"left\";s:0:\"\";s:8:\"isLinked\";b:1;}s:26:\"image_border_radius_tablet\";a:6:{s:4:\"unit\";s:2:\"px\";s:3:\"top\";s:0:\"\";s:5:\"right\";s:0:\"\";s:6:\"bottom\";s:0:\"\";s:4:\"left\";s:0:\"\";s:8:\"isLinked\";b:1;}s:26:\"image_border_radius_mobile\";a:6:{s:4:\"unit\";s:2:\"px\";s:3:\"top\";s:0:\"\";s:5:\"right\";s:0:\"\";s:6:\"bottom\";s:0:\"\";s:4:\"left\";s:0:\"\";s:8:\"isLinked\";b:1;}s:13:\"image_opacity\";a:3:{s:4:\"unit\";s:2:\"px\";s:4:\"size\";s:0:\"\";s:5:\"sizes\";a:0:{}}s:32:\"image_box_shadow_box_shadow_type\";s:0:\"\";s:27:\"image_box_shadow_box_shadow\";a:5:{s:10:\"horizontal\";i:0;s:8:\"vertical\";i:0;s:4:\"blur\";i:10;s:6:\"spread\";i:0;s:5:\"color\";s:15:\"rgba(0,0,0,0.5)\";}s:28:\"image_css_filters_css_filter\";s:0:\"\";s:22:\"image_css_filters_blur\";a:3:{s:4:\"unit\";s:2:\"px\";s:4:\"size\";i:0;s:5:\"sizes\";a:0:{}}s:28:\"image_css_filters_brightness\";a:3:{s:4:\"unit\";s:2:\"px\";s:4:\"size\";i:100;s:5:\"sizes\";a:0:{}}s:26:\"image_css_filters_contrast\";a:3:{s:4:\"unit\";s:2:\"px\";s:4:\"size\";i:100;s:5:\"sizes\";a:0:{}}s:26:\"image_css_filters_saturate\";a:3:{s:4:\"unit\";s:2:\"px\";s:4:\"size\";i:100;s:5:\"sizes\";a:0:{}}s:21:\"image_css_filters_hue\";a:3:{s:4:\"unit\";s:2:\"px\";s:4:\"size\";i:0;s:5:\"sizes\";a:0:{}}s:25:\"image_hover_border_border\";s:0:\"\";s:24:\"image_hover_border_width\";a:6:{s:4:\"unit\";s:2:\"px\";s:3:\"top\";s:0:\"\";s:5:\"right\";s:0:\"\";s:6:\"bottom\";s:0:\"\";s:4:\"left\";s:0:\"\";s:8:\"isLinked\";b:1;}s:31:\"image_hover_border_width_tablet\";a:6:{s:4:\"unit\";s:2:\"px\";s:3:\"top\";s:0:\"\";s:5:\"right\";s:0:\"\";s:6:\"bottom\";s:0:\"\";s:4:\"left\";s:0:\"\";s:8:\"isLinked\";b:1;}s:31:\"image_hover_border_width_mobile\";a:6:{s:4:\"unit\";s:2:\"px\";s:3:\"top\";s:0:\"\";s:5:\"right\";s:0:\"\";s:6:\"bottom\";s:0:\"\";s:4:\"left\";s:0:\"\";s:8:\"isLinked\";b:1;}s:24:\"image_hover_border_color\";s:0:\"\";s:25:\"image_hover_border_radius\";a:6:{s:4:\"unit\";s:2:\"px\";s:3:\"top\";s:0:\"\";s:5:\"right\";s:0:\"\";s:6:\"bottom\";s:0:\"\";s:4:\"left\";s:0:\"\";s:8:\"isLinked\";b:1;}s:32:\"image_hover_border_radius_tablet\";a:6:{s:4:\"unit\";s:2:\"px\";s:3:\"top\";s:0:\"\";s:5:\"right\";s:0:\"\";s:6:\"bottom\";s:0:\"\";s:4:\"left\";s:0:\"\";s:8:\"isLinked\";b:1;}s:32:\"image_hover_border_radius_mobile\";a:6:{s:4:\"unit\";s:2:\"px\";s:3:\"top\";s:0:\"\";s:5:\"right\";s:0:\"\";s:6:\"bottom\";s:0:\"\";s:4:\"left\";s:0:\"\";s:8:\"isLinked\";b:1;}s:19:\"image_hover_opacity\";a:3:{s:4:\"unit\";s:2:\"px\";s:4:\"size\";s:0:\"\";s:5:\"sizes\";a:0:{}}s:38:\"image_hover_box_shadow_box_shadow_type\";s:0:\"\";s:33:\"image_hover_box_shadow_box_shadow\";a:5:{s:10:\"horizontal\";i:0;s:8:\"vertical\";i:0;s:4:\"blur\";i:10;s:6:\"spread\";i:0;s:5:\"color\";s:15:\"rgba(0,0,0,0.5)\";}s:34:\"image_hover_css_filters_css_filter\";s:0:\"\";s:28:\"image_hover_css_filters_blur\";a:3:{s:4:\"unit\";s:2:\"px\";s:4:\"size\";i:0;s:5:\"sizes\";a:0:{}}s:34:\"image_hover_css_filters_brightness\";a:3:{s:4:\"unit\";s:2:\"px\";s:4:\"size\";i:100;s:5:\"sizes\";a:0:{}}s:32:\"image_hover_css_filters_contrast\";a:3:{s:4:\"unit\";s:2:\"px\";s:4:\"size\";i:100;s:5:\"sizes\";a:0:{}}s:32:\"image_hover_css_filters_saturate\";a:3:{s:4:\"unit\";s:2:\"px\";s:4:\"size\";i:100;s:5:\"sizes\";a:0:{}}s:27:\"image_hover_css_filters_hue\";a:3:{s:4:\"unit\";s:2:\"px\";s:4:\"size\";i:0;s:5:\"sizes\";a:0:{}}s:22:\"image_hover_transition\";a:3:{s:4:\"unit\";s:2:\"px\";s:4:\"size\";s:0:\"\";s:5:\"sizes\";a:0:{}}s:16:\"form_label_color\";s:0:\"\";s:32:\"form_label_typography_typography\";s:0:\"\";s:33:\"form_label_typography_font_family\";s:0:\"\";s:31:\"form_label_typography_font_size\";a:3:{s:4:\"unit\";s:2:\"px\";s:4:\"size\";s:0:\"\";s:5:\"sizes\";a:0:{}}s:38:\"form_label_typography_font_size_tablet\";a:3:{s:4:\"unit\";s:2:\"px\";s:4:\"size\";s:0:\"\";s:5:\"sizes\";a:0:{}}s:38:\"form_label_typography_font_size_mobile\";a:3:{s:4:\"unit\";s:2:\"px\";s:4:\"size\";s:0:\"\";s:5:\"sizes\";a:0:{}}s:33:\"form_label_typography_font_weight\";s:0:\"\";s:36:\"form_label_typography_text_transform\";s:0:\"\";s:32:\"form_label_typography_font_style\";s:0:\"\";s:37:\"form_label_typography_text_decoration\";s:0:\"\";s:33:\"form_label_typography_line_height\";a:3:{s:4:\"unit\";s:2:\"em\";s:4:\"size\";s:0:\"\";s:5:\"sizes\";a:0:{}}s:40:\"form_label_typography_line_height_tablet\";a:3:{s:4:\"unit\";s:2:\"em\";s:4:\"size\";s:0:\"\";s:5:\"sizes\";a:0:{}}s:40:\"form_label_typography_line_height_mobile\";a:3:{s:4:\"unit\";s:2:\"em\";s:4:\"size\";s:0:\"\";s:5:\"sizes\";a:0:{}}s:36:\"form_label_typography_letter_spacing\";a:3:{s:4:\"unit\";s:2:\"px\";s:4:\"size\";s:0:\"\";s:5:\"sizes\";a:0:{}}s:43:\"form_label_typography_letter_spacing_tablet\";a:3:{s:4:\"unit\";s:2:\"px\";s:4:\"size\";s:0:\"\";s:5:\"sizes\";a:0:{}}s:43:\"form_label_typography_letter_spacing_mobile\";a:3:{s:4:\"unit\";s:2:\"px\";s:4:\"size\";s:0:\"\";s:5:\"sizes\";a:0:{}}s:34:\"form_label_typography_word_spacing\";a:3:{s:4:\"unit\";s:2:\"em\";s:4:\"size\";s:0:\"\";s:5:\"sizes\";a:0:{}}s:41:\"form_label_typography_word_spacing_tablet\";a:3:{s:4:\"unit\";s:2:\"em\";s:4:\"size\";s:0:\"\";s:5:\"sizes\";a:0:{}}s:41:\"form_label_typography_word_spacing_mobile\";a:3:{s:4:\"unit\";s:2:\"em\";s:4:\"size\";s:0:\"\";s:5:\"sizes\";a:0:{}}s:32:\"form_field_typography_typography\";s:0:\"\";s:33:\"form_field_typography_font_family\";s:0:\"\";s:31:\"form_field_typography_font_size\";a:3:{s:4:\"unit\";s:2:\"px\";s:4:\"size\";s:0:\"\";s:5:\"sizes\";a:0:{}}s:38:\"form_field_typography_font_size_tablet\";a:3:{s:4:\"unit\";s:2:\"px\";s:4:\"size\";s:0:\"\";s:5:\"sizes\";a:0:{}}s:38:\"form_field_typography_font_size_mobile\";a:3:{s:4:\"unit\";s:2:\"px\";s:4:\"size\";s:0:\"\";s:5:\"sizes\";a:0:{}}s:33:\"form_field_typography_font_weight\";s:0:\"\";s:36:\"form_field_typography_text_transform\";s:0:\"\";s:32:\"form_field_typography_font_style\";s:0:\"\";s:37:\"form_field_typography_text_decoration\";s:0:\"\";s:33:\"form_field_typography_line_height\";a:3:{s:4:\"unit\";s:2:\"em\";s:4:\"size\";s:0:\"\";s:5:\"sizes\";a:0:{}}s:40:\"form_field_typography_line_height_tablet\";a:3:{s:4:\"unit\";s:2:\"em\";s:4:\"size\";s:0:\"\";s:5:\"sizes\";a:0:{}}s:40:\"form_field_typography_line_height_mobile\";a:3:{s:4:\"unit\";s:2:\"em\";s:4:\"size\";s:0:\"\";s:5:\"sizes\";a:0:{}}s:36:\"form_field_typography_letter_spacing\";a:3:{s:4:\"unit\";s:2:\"px\";s:4:\"size\";s:0:\"\";s:5:\"sizes\";a:0:{}}s:43:\"form_field_typography_letter_spacing_tablet\";a:3:{s:4:\"unit\";s:2:\"px\";s:4:\"size\";s:0:\"\";s:5:\"sizes\";a:0:{}}s:43:\"form_field_typography_letter_spacing_mobile\";a:3:{s:4:\"unit\";s:2:\"px\";s:4:\"size\";s:0:\"\";s:5:\"sizes\";a:0:{}}s:34:\"form_field_typography_word_spacing\";a:3:{s:4:\"unit\";s:2:\"em\";s:4:\"size\";s:0:\"\";s:5:\"sizes\";a:0:{}}s:41:\"form_field_typography_word_spacing_tablet\";a:3:{s:4:\"unit\";s:2:\"em\";s:4:\"size\";s:0:\"\";s:5:\"sizes\";a:0:{}}s:41:\"form_field_typography_word_spacing_mobile\";a:3:{s:4:\"unit\";s:2:\"em\";s:4:\"size\";s:0:\"\";s:5:\"sizes\";a:0:{}}s:21:\"form_field_text_color\";s:0:\"\";s:27:\"form_field_background_color\";s:0:\"\";s:37:\"form_field_box_shadow_box_shadow_type\";s:0:\"\";s:32:\"form_field_box_shadow_box_shadow\";a:5:{s:10:\"horizontal\";i:0;s:8:\"vertical\";i:0;s:4:\"blur\";i:10;s:6:\"spread\";i:0;s:5:\"color\";s:15:\"rgba(0,0,0,0.5)\";}s:41:\"form_field_box_shadow_box_shadow_position\";s:1:\" \";s:24:\"form_field_border_border\";s:0:\"\";s:23:\"form_field_border_width\";a:6:{s:4:\"unit\";s:2:\"px\";s:3:\"top\";s:0:\"\";s:5:\"right\";s:0:\"\";s:6:\"bottom\";s:0:\"\";s:4:\"left\";s:0:\"\";s:8:\"isLinked\";b:1;}s:30:\"form_field_border_width_tablet\";a:6:{s:4:\"unit\";s:2:\"px\";s:3:\"top\";s:0:\"\";s:5:\"right\";s:0:\"\";s:6:\"bottom\";s:0:\"\";s:4:\"left\";s:0:\"\";s:8:\"isLinked\";b:1;}s:30:\"form_field_border_width_mobile\";a:6:{s:4:\"unit\";s:2:\"px\";s:3:\"top\";s:0:\"\";s:5:\"right\";s:0:\"\";s:6:\"bottom\";s:0:\"\";s:4:\"left\";s:0:\"\";s:8:\"isLinked\";b:1;}s:23:\"form_field_border_color\";s:0:\"\";s:24:\"form_field_border_radius\";a:6:{s:4:\"unit\";s:2:\"px\";s:3:\"top\";s:0:\"\";s:5:\"right\";s:0:\"\";s:6:\"bottom\";s:0:\"\";s:4:\"left\";s:0:\"\";s:8:\"isLinked\";b:1;}s:27:\"form_field_focus_text_color\";s:0:\"\";s:33:\"form_field_focus_background_color\";s:0:\"\";s:43:\"form_field_focus_box_shadow_box_shadow_type\";s:0:\"\";s:38:\"form_field_focus_box_shadow_box_shadow\";a:5:{s:10:\"horizontal\";i:0;s:8:\"vertical\";i:0;s:4:\"blur\";i:10;s:6:\"spread\";i:0;s:5:\"color\";s:15:\"rgba(0,0,0,0.5)\";}s:47:\"form_field_focus_box_shadow_box_shadow_position\";s:1:\" \";s:30:\"form_field_focus_border_border\";s:0:\"\";s:29:\"form_field_focus_border_width\";a:6:{s:4:\"unit\";s:2:\"px\";s:3:\"top\";s:0:\"\";s:5:\"right\";s:0:\"\";s:6:\"bottom\";s:0:\"\";s:4:\"left\";s:0:\"\";s:8:\"isLinked\";b:1;}s:36:\"form_field_focus_border_width_tablet\";a:6:{s:4:\"unit\";s:2:\"px\";s:3:\"top\";s:0:\"\";s:5:\"right\";s:0:\"\";s:6:\"bottom\";s:0:\"\";s:4:\"left\";s:0:\"\";s:8:\"isLinked\";b:1;}s:36:\"form_field_focus_border_width_mobile\";a:6:{s:4:\"unit\";s:2:\"px\";s:3:\"top\";s:0:\"\";s:5:\"right\";s:0:\"\";s:6:\"bottom\";s:0:\"\";s:4:\"left\";s:0:\"\";s:8:\"isLinked\";b:1;}s:29:\"form_field_focus_border_color\";s:0:\"\";s:30:\"form_field_focus_border_radius\";a:6:{s:4:\"unit\";s:2:\"px\";s:3:\"top\";s:0:\"\";s:5:\"right\";s:0:\"\";s:6:\"bottom\";s:0:\"\";s:4:\"left\";s:0:\"\";s:8:\"isLinked\";b:1;}s:36:\"form_field_focus_transition_duration\";a:3:{s:4:\"unit\";s:2:\"px\";s:4:\"size\";s:0:\"\";s:5:\"sizes\";a:0:{}}s:18:\"form_field_padding\";a:6:{s:4:\"unit\";s:2:\"px\";s:3:\"top\";s:0:\"\";s:5:\"right\";s:0:\"\";s:6:\"bottom\";s:0:\"\";s:4:\"left\";s:0:\"\";s:8:\"isLinked\";b:1;}s:25:\"form_field_padding_tablet\";a:6:{s:4:\"unit\";s:2:\"px\";s:3:\"top\";s:0:\"\";s:5:\"right\";s:0:\"\";s:6:\"bottom\";s:0:\"\";s:4:\"left\";s:0:\"\";s:8:\"isLinked\";b:1;}s:25:\"form_field_padding_mobile\";a:6:{s:4:\"unit\";s:2:\"px\";s:3:\"top\";s:0:\"\";s:5:\"right\";s:0:\"\";s:6:\"bottom\";s:0:\"\";s:4:\"left\";s:0:\"\";s:8:\"isLinked\";b:1;}s:16:\"site_description\";s:0:\"\";s:9:\"site_logo\";a:2:{s:3:\"url\";s:0:\"\";s:2:\"id\";b:0;}s:12:\"site_favicon\";a:2:{s:3:\"url\";s:0:\"\";s:2:\"id\";s:1:\"0\";}s:26:\"body_background_background\";s:7:\"classic\";s:21:\"body_background_color\";s:0:\"\";s:26:\"body_background_color_stop\";a:3:{s:4:\"unit\";s:1:\"%\";s:4:\"size\";i:0;s:5:\"sizes\";a:0:{}}s:23:\"body_background_color_b\";s:7:\"#f2295b\";s:28:\"body_background_color_b_stop\";a:3:{s:4:\"unit\";s:1:\"%\";s:4:\"size\";i:100;s:5:\"sizes\";a:0:{}}s:29:\"body_background_gradient_type\";s:6:\"linear\";s:30:\"body_background_gradient_angle\";a:3:{s:4:\"unit\";s:3:\"deg\";s:4:\"size\";i:180;s:5:\"sizes\";a:0:{}}s:33:\"body_background_gradient_position\";s:13:\"center center\";s:21:\"body_background_image\";a:2:{s:3:\"url\";s:0:\"\";s:2:\"id\";s:0:\"\";}s:28:\"body_background_image_tablet\";a:2:{s:3:\"url\";s:0:\"\";s:2:\"id\";s:0:\"\";}s:28:\"body_background_image_mobile\";a:2:{s:3:\"url\";s:0:\"\";s:2:\"id\";s:0:\"\";}s:24:\"body_background_position\";s:0:\"\";s:31:\"body_background_position_tablet\";s:0:\"\";s:31:\"body_background_position_mobile\";s:0:\"\";s:20:\"body_background_xpos\";a:3:{s:4:\"unit\";s:2:\"px\";s:4:\"size\";i:0;s:5:\"sizes\";a:0:{}}s:27:\"body_background_xpos_tablet\";a:3:{s:4:\"unit\";s:2:\"px\";s:4:\"size\";i:0;s:5:\"sizes\";a:0:{}}s:27:\"body_background_xpos_mobile\";a:3:{s:4:\"unit\";s:2:\"px\";s:4:\"size\";i:0;s:5:\"sizes\";a:0:{}}s:20:\"body_background_ypos\";a:3:{s:4:\"unit\";s:2:\"px\";s:4:\"size\";i:0;s:5:\"sizes\";a:0:{}}s:27:\"body_background_ypos_tablet\";a:3:{s:4:\"unit\";s:2:\"px\";s:4:\"size\";i:0;s:5:\"sizes\";a:0:{}}s:27:\"body_background_ypos_mobile\";a:3:{s:4:\"unit\";s:2:\"px\";s:4:\"size\";i:0;s:5:\"sizes\";a:0:{}}s:26:\"body_background_attachment\";s:0:\"\";s:22:\"body_background_repeat\";s:0:\"\";s:29:\"body_background_repeat_tablet\";s:0:\"\";s:29:\"body_background_repeat_mobile\";s:0:\"\";s:20:\"body_background_size\";s:0:\"\";s:27:\"body_background_size_tablet\";s:0:\"\";s:27:\"body_background_size_mobile\";s:0:\"\";s:24:\"body_background_bg_width\";a:3:{s:4:\"unit\";s:1:\"%\";s:4:\"size\";i:100;s:5:\"sizes\";a:0:{}}s:31:\"body_background_bg_width_tablet\";a:3:{s:4:\"unit\";s:2:\"px\";s:4:\"size\";s:0:\"\";s:5:\"sizes\";a:0:{}}s:31:\"body_background_bg_width_mobile\";a:3:{s:4:\"unit\";s:2:\"px\";s:4:\"size\";s:0:\"\";s:5:\"sizes\";a:0:{}}s:26:\"body_background_video_link\";s:0:\"\";s:27:\"body_background_video_start\";s:0:\"\";s:25:\"body_background_video_end\";s:0:\"\";s:25:\"body_background_play_once\";s:0:\"\";s:30:\"body_background_play_on_mobile\";s:0:\"\";s:28:\"body_background_privacy_mode\";s:0:\"\";s:30:\"body_background_video_fallback\";a:2:{s:3:\"url\";s:0:\"\";s:2:\"id\";s:0:\"\";}s:33:\"body_background_slideshow_gallery\";a:0:{}s:30:\"body_background_slideshow_loop\";s:3:\"yes\";s:40:\"body_background_slideshow_slide_duration\";i:5000;s:42:\"body_background_slideshow_slide_transition\";s:4:\"fade\";s:45:\"body_background_slideshow_transition_duration\";i:500;s:41:\"body_background_slideshow_background_size\";s:0:\"\";s:48:\"body_background_slideshow_background_size_tablet\";s:0:\"\";s:48:\"body_background_slideshow_background_size_mobile\";s:0:\"\";s:45:\"body_background_slideshow_background_position\";s:0:\"\";s:52:\"body_background_slideshow_background_position_tablet\";s:0:\"\";s:52:\"body_background_slideshow_background_position_mobile\";s:0:\"\";s:35:\"body_background_slideshow_ken_burns\";s:0:\"\";s:50:\"body_background_slideshow_ken_burns_zoom_direction\";s:2:\"in\";s:25:\"mobile_browser_background\";s:0:\"\";s:12:\"gt3_parallax\";s:0:\"\";s:22:\"container_width_tablet\";a:3:{s:4:\"unit\";s:2:\"px\";s:4:\"size\";i:1024;s:5:\"sizes\";a:0:{}}s:22:\"container_width_mobile\";a:3:{s:4:\"unit\";s:2:\"px\";s:4:\"size\";i:767;s:5:\"sizes\";a:0:{}}s:21:\"space_between_widgets\";a:3:{s:4:\"unit\";s:2:\"px\";s:4:\"size\";i:20;s:5:\"sizes\";a:0:{}}s:27:\"stretched_section_container\";s:0:\"\";s:21:\"default_page_template\";s:7:\"default\";s:18:\"active_breakpoints\";a:2:{i:0;s:15:\"viewport_mobile\";i:1;s:15:\"viewport_tablet\";}s:11:\"viewport_md\";s:0:\"\";s:11:\"viewport_lg\";s:0:\"\";s:21:\"global_image_lightbox\";s:3:\"yes\";s:23:\"lightbox_enable_counter\";s:3:\"yes\";s:26:\"lightbox_enable_fullscreen\";s:3:\"yes\";s:20:\"lightbox_enable_zoom\";s:3:\"yes\";s:21:\"lightbox_enable_share\";s:3:\"yes\";s:18:\"lightbox_title_src\";s:5:\"title\";s:24:\"lightbox_description_src\";s:11:\"description\";s:14:\"lightbox_color\";s:0:\"\";s:17:\"lightbox_ui_color\";s:0:\"\";s:23:\"lightbox_ui_color_hover\";s:0:\"\";s:19:\"lightbox_text_color\";s:0:\"\";s:19:\"lightbox_icons_size\";a:3:{s:4:\"unit\";s:2:\"px\";s:4:\"size\";s:0:\"\";s:5:\"sizes\";a:0:{}}s:26:\"lightbox_slider_icons_size\";a:3:{s:4:\"unit\";s:2:\"px\";s:4:\"size\";s:0:\"\";s:5:\"sizes\";a:0:{}}s:11:\"__globals__\";a:3:{s:10:\"body_color\";s:37:\"globals\/colors?id=theme-content-color\";s:21:\"body_background_color\";s:37:\"globals\/colors?id=theme-body-bg-color\";s:26:\"body_typography_typography\";s:32:\"globals\/typography?id=theme-main\";}s:36:\"button_background_slideshow_lazyload\";s:0:\"\";s:42:\"button_hover_background_slideshow_lazyload\";s:0:\"\";s:34:\"body_background_slideshow_lazyload\";s:0:\"\";}"},{"meta_key":"_elementor_data","meta_value":"[]"},{"meta_key":"_elementor_version","meta_value":"3.0.13"},{"meta_key":"_gt3_usage_shortcodes","meta_value":"{\"mc4wp_form\":1}"}],"comments":[],"media":[]}