{"post_title":"woocommerce-placeholder","guid":"https:\/\/livewp.site\/wp\/md\/ewebot\/woocommerce-placeholder\/","post_author":"","post_content":"","post_excerpt":"","post_id":7,"pubDate":"Wed, 21 Aug 2019 12:10:16 +0000","post_date":"2019-08-21 12:10:16","post_date_gmt":"2019-08-21 12:10:16","comment_status":"open","ping_status":"closed","post_name":"woocommerce-placeholder","status":"inherit","post_parent":0,"menu_order":0,"post_type":"attachment","post_password":"","is_sticky":0,"terms":[],"postmeta":[{"meta_key":"_wp_attached_file","meta_value":"woocommerce-placeholder.png"},{"meta_key":"_wp_attachment_metadata","meta_value":"a:5:{s:5:\"width\";i:1200;s:6:\"height\";i:1200;s:4:\"file\";s:27:\"woocommerce-placeholder.png\";s:5:\"sizes\";a:6:{s:9:\"thumbnail\";a:4:{s:4:\"file\";s:35:\"woocommerce-placeholder-150x150.png\";s:5:\"width\";i:150;s:6:\"height\";i:150;s:9:\"mime-type\";s:9:\"image\/png\";}s:6:\"medium\";a:4:{s:4:\"file\";s:35:\"woocommerce-placeholder-300x300.png\";s:5:\"width\";i:300;s:6:\"height\";i:300;s:9:\"mime-type\";s:9:\"image\/png\";}s:12:\"medium_large\";a:4:{s:4:\"file\";s:35:\"woocommerce-placeholder-768x768.png\";s:5:\"width\";i:768;s:6:\"height\";i:768;s:9:\"mime-type\";s:9:\"image\/png\";}s:5:\"large\";a:4:{s:4:\"file\";s:37:\"woocommerce-placeholder-1024x1024.png\";s:5:\"width\";i:1024;s:6:\"height\";i:1024;s:9:\"mime-type\";s:9:\"image\/png\";}s:29:\"woocommerce_thumbnail_preview\";a:4:{s:4:\"file\";s:35:\"woocommerce-placeholder-800x267.png\";s:5:\"width\";i:800;s:6:\"height\";i:267;s:9:\"mime-type\";s:9:\"image\/png\";}s:21:\"woocommerce_thumbnail\";a:5:{s:4:\"file\";s:36:\"woocommerce-placeholder-800x1067.png\";s:5:\"width\";i:800;s:6:\"height\";i:1067;s:9:\"mime-type\";s:9:\"image\/png\";s:9:\"uncropped\";b:0;}}s:10:\"image_meta\";a:12:{s:8:\"aperture\";s:1:\"0\";s:6:\"credit\";s:0:\"\";s:6:\"camera\";s:0:\"\";s:7:\"caption\";s:0:\"\";s:17:\"created_timestamp\";s:1:\"0\";s:9:\"copyright\";s:0:\"\";s:12:\"focal_length\";s:1:\"0\";s:3:\"iso\";s:1:\"0\";s:13:\"shutter_speed\";s:1:\"0\";s:5:\"title\";s:0:\"\";s:11:\"orientation\";s:1:\"0\";s:8:\"keywords\";a:0:{}}}"},{"meta_key":"_gt3_usage_shortcodes","meta_value":"{\"mc4wp_form\":1}"}],"comments":[],"media":[],"attachment_url":"https:\/\/livewp.site\/wp\/md\/ewebot\/wp-content\/uploads\/sites\/64\/woocommerce-placeholder.png"}