{"post_title":"home10_service6-active","guid":"https:\/\/livewp.site\/wp\/md\/ewebot\/home-10\/home10_service6-active\/","post_author":"","post_content":"","post_excerpt":"","post_id":7941,"pubDate":"Tue, 19 Jan 2021 13:24:39 +0000","post_date":"2021-01-19 13:24:39","post_date_gmt":"2021-01-19 13:24:39","comment_status":"open","ping_status":"closed","post_name":"home10_service6-active","status":"inherit","post_parent":6782,"menu_order":0,"post_type":"attachment","post_password":"","is_sticky":0,"terms":[],"postmeta":[{"meta_key":"_wp_attached_file","meta_value":"2021\/01\/home10_service6-active.png"},{"meta_key":"_wp_attachment_metadata","meta_value":"a:5:{s:5:\"width\";i:152;s:6:\"height\";i:142;s:4:\"file\";s:34:\"2021\/01\/home10_service6-active.png\";s:5:\"sizes\";a:1:{s:9:\"thumbnail\";a:4:{s:4:\"file\";s:34:\"home10_service6-active-150x142.png\";s:5:\"width\";i:150;s:6:\"height\";i:142;s:9:\"mime-type\";s:9:\"image\/png\";}}s:10:\"image_meta\";a:12:{s:8:\"aperture\";s:1:\"0\";s:6:\"credit\";s:0:\"\";s:6:\"camera\";s:0:\"\";s:7:\"caption\";s:0:\"\";s:17:\"created_timestamp\";s:1:\"0\";s:9:\"copyright\";s:0:\"\";s:12:\"focal_length\";s:1:\"0\";s:3:\"iso\";s:1:\"0\";s:13:\"shutter_speed\";s:1:\"0\";s:5:\"title\";s:0:\"\";s:11:\"orientation\";s:1:\"0\";s:8:\"keywords\";a:0:{}}}"},{"meta_key":"_gt3_usage_shortcodes","meta_value":"{\"mc4wp_form\":1}"}],"comments":[],"media":[],"attachment_url":"https:\/\/livewp.site\/wp\/md\/ewebot\/wp-content\/uploads\/sites\/64\/2021\/01\/home10_service6-active.png"}