{"post_title":"modern_shop_slide1.jpg","guid":"https:\/\/livewp.site\/wp\/md\/ewebot\/modern-shop-slide1-jpg\/","post_author":"","post_content":"","post_excerpt":"","post_id":8253,"pubDate":"Mon, 29 Mar 2021 07:48:39 +0000","post_date":"2021-03-29 07:48:39","post_date_gmt":"2021-03-29 07:48:39","comment_status":"closed","ping_status":"closed","post_name":"modern-shop-slide1-jpg","status":"inherit","post_parent":0,"menu_order":0,"post_type":"attachment","post_password":"","is_sticky":0,"terms":[],"postmeta":[{"meta_key":"_wp_attached_file","meta_value":"revslider\/Modern-Shop\/modern_shop_slide1.jpg"},{"meta_key":"_wp_attachment_metadata","meta_value":"a:5:{s:5:\"width\";i:1920;s:6:\"height\";i:740;s:4:\"file\";s:44:\"revslider\/Modern-Shop\/modern_shop_slide1.jpg\";s:5:\"sizes\";a:12:{s:6:\"medium\";a:4:{s:4:\"file\";s:30:\"modern_shop_slide1-300x116.jpg\";s:5:\"width\";i:300;s:6:\"height\";i:116;s:9:\"mime-type\";s:10:\"image\/jpeg\";}s:5:\"large\";a:4:{s:4:\"file\";s:31:\"modern_shop_slide1-1024x395.jpg\";s:5:\"width\";i:1024;s:6:\"height\";i:395;s:9:\"mime-type\";s:10:\"image\/jpeg\";}s:9:\"thumbnail\";a:4:{s:4:\"file\";s:30:\"modern_shop_slide1-150x150.jpg\";s:5:\"width\";i:150;s:6:\"height\";i:150;s:9:\"mime-type\";s:10:\"image\/jpeg\";}s:12:\"medium_large\";a:4:{s:4:\"file\";s:30:\"modern_shop_slide1-768x296.jpg\";s:5:\"width\";i:768;s:6:\"height\";i:296;s:9:\"mime-type\";s:10:\"image\/jpeg\";}s:9:\"1536x1536\";a:4:{s:4:\"file\";s:31:\"modern_shop_slide1-1536x592.jpg\";s:5:\"width\";i:1536;s:6:\"height\";i:592;s:9:\"mime-type\";s:10:\"image\/jpeg\";}s:15:\"gt3theme_mobile\";a:4:{s:4:\"file\";s:30:\"modern_shop_slide1-480x185.jpg\";s:5:\"width\";i:480;s:6:\"height\";i:185;s:9:\"mime-type\";s:10:\"image\/jpeg\";}s:21:\"woocommerce_thumbnail\";a:5:{s:4:\"file\";s:30:\"modern_shop_slide1-300x400.jpg\";s:5:\"width\";i:300;s:6:\"height\";i:400;s:9:\"mime-type\";s:10:\"image\/jpeg\";s:9:\"uncropped\";b:0;}s:18:\"woocommerce_single\";a:4:{s:4:\"file\";s:31:\"modern_shop_slide1-1200x463.jpg\";s:5:\"width\";i:1200;s:6:\"height\";i:463;s:9:\"mime-type\";s:10:\"image\/jpeg\";}s:29:\"woocommerce_gallery_thumbnail\";a:4:{s:4:\"file\";s:30:\"modern_shop_slide1-400x400.jpg\";s:5:\"width\";i:400;s:6:\"height\";i:400;s:9:\"mime-type\";s:10:\"image\/jpeg\";}s:12:\"shop_catalog\";a:4:{s:4:\"file\";s:30:\"modern_shop_slide1-300x400.jpg\";s:5:\"width\";i:300;s:6:\"height\";i:400;s:9:\"mime-type\";s:10:\"image\/jpeg\";}s:11:\"shop_single\";a:4:{s:4:\"file\";s:31:\"modern_shop_slide1-1200x463.jpg\";s:5:\"width\";i:1200;s:6:\"height\";i:463;s:9:\"mime-type\";s:10:\"image\/jpeg\";}s:14:\"shop_thumbnail\";a:4:{s:4:\"file\";s:30:\"modern_shop_slide1-400x400.jpg\";s:5:\"width\";i:400;s:6:\"height\";i:400;s:9:\"mime-type\";s:10:\"image\/jpeg\";}}s:10:\"image_meta\";a:12:{s:8:\"aperture\";s:1:\"0\";s:6:\"credit\";s:0:\"\";s:6:\"camera\";s:0:\"\";s:7:\"caption\";s:0:\"\";s:17:\"created_timestamp\";s:1:\"0\";s:9:\"copyright\";s:0:\"\";s:12:\"focal_length\";s:1:\"0\";s:3:\"iso\";s:1:\"0\";s:13:\"shutter_speed\";s:1:\"0\";s:5:\"title\";s:0:\"\";s:11:\"orientation\";s:1:\"0\";s:8:\"keywords\";a:0:{}}}"}],"comments":[],"media":[],"attachment_url":"https:\/\/livewp.site\/wp\/md\/ewebot\/wp-content\/uploads\/sites\/64\/revslider\/Modern-Shop\/modern_shop_slide1.jpg"}