{"post_title":"","guid":"https:\/\/livewp.site\/wp\/md\/ewebot\/modern-shop\/partner_story\/","post_author":"","post_content":"","post_excerpt":"","post_id":8283,"pubDate":"Mon, 29 Mar 2021 08:00:47 +0000","post_date":"2021-03-29 08:00:47","post_date_gmt":"2021-03-29 08:00:47","comment_status":"open","ping_status":"closed","post_name":"partner_story","status":"inherit","post_parent":8256,"menu_order":0,"post_type":"attachment","post_password":"","is_sticky":0,"terms":[],"postmeta":[{"meta_key":"_wp_attached_file","meta_value":"2021\/03\/partner_story.png"},{"meta_key":"_wp_attachment_metadata","meta_value":"a:5:{s:5:\"width\";i:228;s:6:\"height\";i:70;s:4:\"file\";s:25:\"2021\/03\/partner_story.png\";s:5:\"sizes\";a:1:{s:9:\"thumbnail\";a:4:{s:4:\"file\";s:24:\"partner_story-150x70.png\";s:5:\"width\";i:150;s:6:\"height\";i:70;s:9:\"mime-type\";s:9:\"image\/png\";}}s:10:\"image_meta\";a:12:{s:8:\"aperture\";s:1:\"0\";s:6:\"credit\";s:0:\"\";s:6:\"camera\";s:0:\"\";s:7:\"caption\";s:0:\"\";s:17:\"created_timestamp\";s:1:\"0\";s:9:\"copyright\";s:0:\"\";s:12:\"focal_length\";s:1:\"0\";s:3:\"iso\";s:1:\"0\";s:13:\"shutter_speed\";s:1:\"0\";s:5:\"title\";s:0:\"\";s:11:\"orientation\";s:1:\"0\";s:8:\"keywords\";a:0:{}}}"},{"meta_key":"_gt3_usage_shortcodes","meta_value":"{\"mc4wp_form\":1}"}],"comments":[],"media":[],"attachment_url":"https:\/\/livewp.site\/wp\/md\/ewebot\/wp-content\/uploads\/sites\/64\/2021\/03\/partner_story.png"}