{"post_title":"Wishlist","guid":"https:\/\/livewp.site\/wp\/md\/ewebot\/wishlist\/","post_author":"","post_content":"<!-- wp:shortcode -->\n[yith_wcwl_wishlist]\n<!-- \/wp:shortcode -->","post_excerpt":"","post_id":8320,"pubDate":"Mon, 29 Mar 2021 08:17:57 +0000","post_date":"2021-03-29 08:17:57","post_date_gmt":"2021-03-29 08:17:57","comment_status":"closed","ping_status":"closed","post_name":"wishlist","status":"publish","post_parent":0,"menu_order":0,"post_type":"page","post_password":"","is_sticky":0,"terms":[],"postmeta":[{"meta_key":"_edit_lock","meta_value":"1658326633:1"},{"meta_key":"_elementor_edit_mode","meta_value":"builder"},{"meta_key":"_elementor_template_type","meta_value":"wp-page"},{"meta_key":"_elementor_version","meta_value":"3.6.7"},{"meta_key":"_wpda-builder-header","meta_value":"8242"},{"meta_key":"_wpda-builder-footer","meta_value":"8246"},{"meta_key":"_edit_last","meta_value":"3"},{"meta_key":"mb_page_sidebar_layout","meta_value":"none"},{"meta_key":"mb_page_title_conditional","meta_value":"yes"},{"meta_key":"mb_page_title_use_feature_image","meta_value":"0"},{"meta_key":"mb_show_breadcrumbs","meta_value":"1"},{"meta_key":"mb_page_title_vertical_align","meta_value":"middle"},{"meta_key":"mb_page_title_horizontal_align","meta_value":"center"},{"meta_key":"mb_page_title_font_color","meta_value":"#1a1d20"},{"meta_key":"mb_page_title_bg_color","meta_value":"#ffffff"},{"meta_key":"mb_page_title_bg_repeat","meta_value":"no-repeat"},{"meta_key":"mb_page_title_bg_size","meta_value":"cover"},{"meta_key":"mb_page_title_bg_attachment","meta_value":"scroll"},{"meta_key":"mb_page_title_bg_position","meta_value":"center center"},{"meta_key":"mb_page_title_top_border","meta_value":"0"},{"meta_key":"mb_page_title_top_border_color_opacity","meta_value":"1"},{"meta_key":"mb_page_title_bottom_border","meta_value":"0"},{"meta_key":"mb_page_title_bottom_border_color_opacity","meta_value":"1"},{"meta_key":"mb_page_title_bottom_margin","meta_value":"0"},{"meta_key":"mb_preloader","meta_value":"default"},{"meta_key":"mb_preloader_type","meta_value":"linear"},{"meta_key":"mb_preloader_background","meta_value":"#191a1c"},{"meta_key":"mb_preloader_item_color","meta_value":"#ffffff"},{"meta_key":"mb_preloader_item_color2","meta_value":"#435bb2"},{"meta_key":"mb_preloader_item_width","meta_value":"120"},{"meta_key":"mb_preloader_item_stroke","meta_value":"2"},{"meta_key":"mb_preloader_item_logo_width","meta_value":"45"},{"meta_key":"mb_preloader_full","meta_value":"1"},{"meta_key":"mb_bubbles_block","meta_value":"default"},{"meta_key":"_gt3_usage_blocks","meta_value":"{\"core\/shortcode\":1}"},{"meta_key":"_gt3_usage_shortcodes","meta_value":"{\"mc4wp_form\":1,\"yith_wcwl_wishlist\":1}"}],"comments":[],"media":[]}