{"post_title":"Filter by category","guid":"https:\/\/livewp.site\/wp\/md\/ewebot\/?post_type=br_product_filter&p=8329","post_author":"","post_content":"","post_excerpt":"","post_id":8329,"pubDate":"Mon, 29 Mar 2021 09:11:04 +0000","post_date":"2021-03-29 09:11:04","post_date_gmt":"2021-03-29 09:11:04","comment_status":"closed","ping_status":"closed","post_name":"filter-by-category","status":"publish","post_parent":0,"menu_order":0,"post_type":"br_product_filter","post_password":"","is_sticky":0,"terms":[],"postmeta":[{"meta_key":"br_product_filter","meta_value":"a:63:{s:4:\"data\";a:0:{}s:12:\"br_wp_footer\";s:0:\"\";s:11:\"widget_type\";s:6:\"filter\";s:10:\"reset_hide\";s:0:\"\";s:5:\"title\";s:0:\"\";s:11:\"filter_type\";s:15:\"all_product_cat\";s:9:\"attribute\";s:0:\"\";s:15:\"custom_taxonomy\";s:0:\"\";s:4:\"type\";s:0:\"\";s:25:\"select_first_element_text\";s:0:\"\";s:8:\"operator\";s:2:\"OR\";s:15:\"order_values_by\";s:0:\"\";s:17:\"order_values_type\";s:3:\"asc\";s:17:\"text_before_price\";s:0:\"\";s:16:\"text_after_price\";s:0:\"\";s:20:\"enable_slider_inputs\";s:0:\"\";s:18:\"parent_product_cat\";s:0:\"\";s:11:\"depth_count\";s:0:\"\";s:22:\"widget_collapse_enable\";s:0:\"\";s:14:\"widget_is_hide\";s:0:\"\";s:27:\"show_product_count_per_attr\";s:0:\"\";s:21:\"hide_child_attributes\";s:0:\"\";s:19:\"hide_collapse_arrow\";s:0:\"\";s:20:\"use_value_with_color\";s:0:\"\";s:14:\"values_per_row\";s:0:\"\";s:17:\"icon_before_title\";s:0:\"\";s:16:\"icon_after_title\";s:0:\"\";s:17:\"icon_before_value\";s:0:\"\";s:16:\"icon_after_value\";s:0:\"\";s:12:\"price_values\";s:0:\"\";s:11:\"description\";s:0:\"\";s:9:\"css_class\";s:0:\"\";s:13:\"use_min_price\";s:0:\"\";s:9:\"min_price\";s:0:\"\";s:13:\"use_max_price\";s:0:\"\";s:9:\"max_price\";s:0:\"\";s:6:\"height\";s:0:\"\";s:12:\"scroll_theme\";s:5:\"light\";s:18:\"selected_area_show\";s:0:\"\";s:19:\"hide_selected_arrow\";s:0:\"\";s:16:\"selected_is_hide\";s:0:\"\";s:14:\"slider_default\";s:0:\"\";s:12:\"number_style\";s:0:\"\";s:30:\"number_style_thousand_separate\";s:0:\"\";s:29:\"number_style_decimal_separate\";s:0:\"\";s:27:\"number_style_decimal_number\";s:0:\"\";s:14:\"is_hide_mobile\";s:0:\"\";s:12:\"user_can_see\";s:0:\"\";s:15:\"cat_propagation\";s:0:\"\";s:11:\"product_cat\";s:0:\"\";s:26:\"parent_product_cat_current\";s:0:\"\";s:15:\"attribute_count\";s:0:\"\";s:7:\"version\";s:3:\"1.0\";s:12:\"filter_title\";s:18:\"Filter by category\";s:15:\"cat_value_limit\";s:0:\"\";s:5:\"style\";s:8:\"checkbox\";s:15:\"widget_collapse\";s:0:\"\";s:25:\"attribute_count_show_hide\";s:0:\"\";s:22:\"color_image_block_size\";s:9:\"h2em w2em\";s:29:\"color_image_block_size_height\";s:0:\"\";s:28:\"color_image_block_size_width\";s:0:\"\";s:19:\"color_image_checked\";s:17:\"brchecked_default\";s:30:\"color_image_checked_custom_css\";s:0:\"\";}"},{"meta_key":"_edit_lock","meta_value":"1643461042:3"},{"meta_key":"_edit_last","meta_value":"1"},{"meta_key":"rs_page_bg_color","meta_value":""}],"comments":[],"media":[]}