{"post_title":"","guid":"https:\/\/livewp.site\/wp\/md\/ewebot\/modern-shop\/clearance_sales\/","post_author":"","post_content":"","post_excerpt":"","post_id":8626,"pubDate":"Mon, 05 Apr 2021 07:58:00 +0000","post_date":"2021-04-05 07:58:00","post_date_gmt":"2021-04-05 07:58:00","comment_status":"open","ping_status":"closed","post_name":"clearance_sales","status":"inherit","post_parent":8256,"menu_order":0,"post_type":"attachment","post_password":"","is_sticky":0,"terms":[],"postmeta":[{"meta_key":"_wp_attached_file","meta_value":"2021\/04\/Clearance_Sales.jpg"},{"meta_key":"_wp_attachment_metadata","meta_value":"a:5:{s:5:\"width\";i:570;s:6:\"height\";i:320;s:4:\"file\";s:27:\"2021\/04\/Clearance_Sales.jpg\";s:5:\"sizes\";a:7:{s:6:\"medium\";a:4:{s:4:\"file\";s:27:\"Clearance_Sales-300x168.jpg\";s:5:\"width\";i:300;s:6:\"height\";i:168;s:9:\"mime-type\";s:10:\"image\/jpeg\";}s:9:\"thumbnail\";a:4:{s:4:\"file\";s:27:\"Clearance_Sales-150x150.jpg\";s:5:\"width\";i:150;s:6:\"height\";i:150;s:9:\"mime-type\";s:10:\"image\/jpeg\";}s:15:\"gt3theme_mobile\";a:4:{s:4:\"file\";s:27:\"Clearance_Sales-480x269.jpg\";s:5:\"width\";i:480;s:6:\"height\";i:269;s:9:\"mime-type\";s:10:\"image\/jpeg\";}s:21:\"woocommerce_thumbnail\";a:5:{s:4:\"file\";s:27:\"Clearance_Sales-300x300.jpg\";s:5:\"width\";i:300;s:6:\"height\";i:300;s:9:\"mime-type\";s:10:\"image\/jpeg\";s:9:\"uncropped\";b:0;}s:29:\"woocommerce_gallery_thumbnail\";a:4:{s:4:\"file\";s:27:\"Clearance_Sales-400x320.jpg\";s:5:\"width\";i:400;s:6:\"height\";i:320;s:9:\"mime-type\";s:10:\"image\/jpeg\";}s:12:\"shop_catalog\";a:4:{s:4:\"file\";s:27:\"Clearance_Sales-300x300.jpg\";s:5:\"width\";i:300;s:6:\"height\";i:300;s:9:\"mime-type\";s:10:\"image\/jpeg\";}s:14:\"shop_thumbnail\";a:4:{s:4:\"file\";s:27:\"Clearance_Sales-400x320.jpg\";s:5:\"width\";i:400;s:6:\"height\";i:320;s:9:\"mime-type\";s:10:\"image\/jpeg\";}}s:10:\"image_meta\";a:12:{s:8:\"aperture\";s:1:\"0\";s:6:\"credit\";s:0:\"\";s:6:\"camera\";s:0:\"\";s:7:\"caption\";s:0:\"\";s:17:\"created_timestamp\";s:1:\"0\";s:9:\"copyright\";s:0:\"\";s:12:\"focal_length\";s:1:\"0\";s:3:\"iso\";s:1:\"0\";s:13:\"shutter_speed\";s:1:\"0\";s:5:\"title\";s:0:\"\";s:11:\"orientation\";s:1:\"0\";s:8:\"keywords\";a:0:{}}}"},{"meta_key":"_gt3_usage_shortcodes","meta_value":"{\"mc4wp_form\":1}"}],"comments":[],"media":[],"attachment_url":"https:\/\/livewp.site\/wp\/md\/ewebot\/wp-content\/uploads\/sites\/64\/2021\/04\/Clearance_Sales.jpg"}