{"post_title":"","guid":"https:\/\/livewp.site\/wp\/md\/ewebot\/landing\/modern_landing_img\/","post_author":"","post_content":"","post_excerpt":"","post_id":8662,"pubDate":"Tue, 06 Apr 2021 10:09:25 +0000","post_date":"2021-04-06 10:09:25","post_date_gmt":"2021-04-06 10:09:25","comment_status":"open","ping_status":"closed","post_name":"modern_landing_img","status":"inherit","post_parent":8638,"menu_order":0,"post_type":"attachment","post_password":"","is_sticky":0,"terms":[],"postmeta":[{"meta_key":"_wp_attached_file","meta_value":"2021\/04\/modern_landing_img.png"},{"meta_key":"_wp_attachment_metadata","meta_value":"a:5:{s:5:\"width\";i:1170;s:6:\"height\";i:702;s:4:\"file\";s:30:\"2021\/04\/modern_landing_img.png\";s:5:\"sizes\";a:11:{s:6:\"medium\";a:4:{s:4:\"file\";s:30:\"modern_landing_img-300x180.png\";s:5:\"width\";i:300;s:6:\"height\";i:180;s:9:\"mime-type\";s:9:\"image\/png\";}s:5:\"large\";a:4:{s:4:\"file\";s:31:\"modern_landing_img-1024x614.png\";s:5:\"width\";i:1024;s:6:\"height\";i:614;s:9:\"mime-type\";s:9:\"image\/png\";}s:9:\"thumbnail\";a:4:{s:4:\"file\";s:30:\"modern_landing_img-150x150.png\";s:5:\"width\";i:150;s:6:\"height\";i:150;s:9:\"mime-type\";s:9:\"image\/png\";}s:12:\"medium_large\";a:4:{s:4:\"file\";s:30:\"modern_landing_img-768x461.png\";s:5:\"width\";i:768;s:6:\"height\";i:461;s:9:\"mime-type\";s:9:\"image\/png\";}s:15:\"gt3theme_mobile\";a:4:{s:4:\"file\";s:30:\"modern_landing_img-480x288.png\";s:5:\"width\";i:480;s:6:\"height\";i:288;s:9:\"mime-type\";s:9:\"image\/png\";}s:21:\"woocommerce_thumbnail\";a:5:{s:4:\"file\";s:30:\"modern_landing_img-300x300.png\";s:5:\"width\";i:300;s:6:\"height\";i:300;s:9:\"mime-type\";s:9:\"image\/png\";s:9:\"uncropped\";b:0;}s:18:\"woocommerce_single\";a:4:{s:4:\"file\";s:30:\"modern_landing_img-800x480.png\";s:5:\"width\";i:800;s:6:\"height\";i:480;s:9:\"mime-type\";s:9:\"image\/png\";}s:29:\"woocommerce_gallery_thumbnail\";a:4:{s:4:\"file\";s:30:\"modern_landing_img-400x400.png\";s:5:\"width\";i:400;s:6:\"height\";i:400;s:9:\"mime-type\";s:9:\"image\/png\";}s:12:\"shop_catalog\";a:4:{s:4:\"file\";s:30:\"modern_landing_img-300x300.png\";s:5:\"width\";i:300;s:6:\"height\";i:300;s:9:\"mime-type\";s:9:\"image\/png\";}s:11:\"shop_single\";a:4:{s:4:\"file\";s:30:\"modern_landing_img-800x480.png\";s:5:\"width\";i:800;s:6:\"height\";i:480;s:9:\"mime-type\";s:9:\"image\/png\";}s:14:\"shop_thumbnail\";a:4:{s:4:\"file\";s:30:\"modern_landing_img-400x400.png\";s:5:\"width\";i:400;s:6:\"height\";i:400;s:9:\"mime-type\";s:9:\"image\/png\";}}s:10:\"image_meta\";a:12:{s:8:\"aperture\";s:1:\"0\";s:6:\"credit\";s:0:\"\";s:6:\"camera\";s:0:\"\";s:7:\"caption\";s:0:\"\";s:17:\"created_timestamp\";s:1:\"0\";s:9:\"copyright\";s:0:\"\";s:12:\"focal_length\";s:1:\"0\";s:3:\"iso\";s:1:\"0\";s:13:\"shutter_speed\";s:1:\"0\";s:5:\"title\";s:0:\"\";s:11:\"orientation\";s:1:\"0\";s:8:\"keywords\";a:0:{}}}"},{"meta_key":"_gt3_usage_shortcodes","meta_value":"{\"mc4wp_form\":1}"}],"comments":[],"media":[],"attachment_url":"https:\/\/livewp.site\/wp\/md\/ewebot\/wp-content\/uploads\/sites\/64\/2021\/04\/modern_landing_img.png"}