{"post_title":"","guid":"https:\/\/livewp.site\/wp\/md\/ewebot\/landing\/modern_landing-footer\/","post_author":"","post_content":"","post_excerpt":"","post_id":8665,"pubDate":"Tue, 06 Apr 2021 10:09:28 +0000","post_date":"2021-04-06 10:09:28","post_date_gmt":"2021-04-06 10:09:28","comment_status":"open","ping_status":"closed","post_name":"modern_landing-footer","status":"inherit","post_parent":8638,"menu_order":0,"post_type":"attachment","post_password":"","is_sticky":0,"terms":[],"postmeta":[{"meta_key":"_wp_attached_file","meta_value":"2021\/04\/modern_landing-footer-scaled.jpg"},{"meta_key":"_wp_attachment_metadata","meta_value":"a:6:{s:5:\"width\";i:2560;s:6:\"height\";i:424;s:4:\"file\";s:40:\"2021\/04\/modern_landing-footer-scaled.jpg\";s:5:\"sizes\";a:13:{s:6:\"medium\";a:4:{s:4:\"file\";s:32:\"modern_landing-footer-300x50.jpg\";s:5:\"width\";i:300;s:6:\"height\";i:50;s:9:\"mime-type\";s:10:\"image\/jpeg\";}s:5:\"large\";a:4:{s:4:\"file\";s:34:\"modern_landing-footer-1024x170.jpg\";s:5:\"width\";i:1024;s:6:\"height\";i:170;s:9:\"mime-type\";s:10:\"image\/jpeg\";}s:9:\"thumbnail\";a:4:{s:4:\"file\";s:33:\"modern_landing-footer-150x150.jpg\";s:5:\"width\";i:150;s:6:\"height\";i:150;s:9:\"mime-type\";s:10:\"image\/jpeg\";}s:12:\"medium_large\";a:4:{s:4:\"file\";s:33:\"modern_landing-footer-768x127.jpg\";s:5:\"width\";i:768;s:6:\"height\";i:127;s:9:\"mime-type\";s:10:\"image\/jpeg\";}s:9:\"1536x1536\";a:4:{s:4:\"file\";s:34:\"modern_landing-footer-1536x254.jpg\";s:5:\"width\";i:1536;s:6:\"height\";i:254;s:9:\"mime-type\";s:10:\"image\/jpeg\";}s:9:\"2048x2048\";a:4:{s:4:\"file\";s:34:\"modern_landing-footer-2048x339.jpg\";s:5:\"width\";i:2048;s:6:\"height\";i:339;s:9:\"mime-type\";s:10:\"image\/jpeg\";}s:15:\"gt3theme_mobile\";a:4:{s:4:\"file\";s:32:\"modern_landing-footer-480x80.jpg\";s:5:\"width\";i:480;s:6:\"height\";i:80;s:9:\"mime-type\";s:10:\"image\/jpeg\";}s:21:\"woocommerce_thumbnail\";a:5:{s:4:\"file\";s:33:\"modern_landing-footer-300x300.jpg\";s:5:\"width\";i:300;s:6:\"height\";i:300;s:9:\"mime-type\";s:10:\"image\/jpeg\";s:9:\"uncropped\";b:0;}s:18:\"woocommerce_single\";a:4:{s:4:\"file\";s:33:\"modern_landing-footer-800x133.jpg\";s:5:\"width\";i:800;s:6:\"height\";i:133;s:9:\"mime-type\";s:10:\"image\/jpeg\";}s:29:\"woocommerce_gallery_thumbnail\";a:4:{s:4:\"file\";s:33:\"modern_landing-footer-400x400.jpg\";s:5:\"width\";i:400;s:6:\"height\";i:400;s:9:\"mime-type\";s:10:\"image\/jpeg\";}s:12:\"shop_catalog\";a:4:{s:4:\"file\";s:33:\"modern_landing-footer-300x300.jpg\";s:5:\"width\";i:300;s:6:\"height\";i:300;s:9:\"mime-type\";s:10:\"image\/jpeg\";}s:11:\"shop_single\";a:4:{s:4:\"file\";s:33:\"modern_landing-footer-800x133.jpg\";s:5:\"width\";i:800;s:6:\"height\";i:133;s:9:\"mime-type\";s:10:\"image\/jpeg\";}s:14:\"shop_thumbnail\";a:4:{s:4:\"file\";s:33:\"modern_landing-footer-400x400.jpg\";s:5:\"width\";i:400;s:6:\"height\";i:400;s:9:\"mime-type\";s:10:\"image\/jpeg\";}}s:10:\"image_meta\";a:12:{s:8:\"aperture\";s:1:\"0\";s:6:\"credit\";s:0:\"\";s:6:\"camera\";s:0:\"\";s:7:\"caption\";s:0:\"\";s:17:\"created_timestamp\";s:1:\"0\";s:9:\"copyright\";s:0:\"\";s:12:\"focal_length\";s:1:\"0\";s:3:\"iso\";s:1:\"0\";s:13:\"shutter_speed\";s:1:\"0\";s:5:\"title\";s:0:\"\";s:11:\"orientation\";s:1:\"0\";s:8:\"keywords\";a:0:{}}s:14:\"original_image\";s:25:\"modern_landing-footer.jpg\";}"}],"comments":[],"media":[],"attachment_url":"https:\/\/livewp.site\/wp\/md\/ewebot\/wp-content\/uploads\/sites\/64\/2021\/04\/modern_landing-footer-scaled.jpg"}