{"post_title":"","guid":"https:\/\/livewp.site\/wp\/md\/ewebot\/landing\/pages_15\/","post_author":"","post_content":"","post_excerpt":"","post_id":8670,"pubDate":"Tue, 06 Apr 2021 10:09:30 +0000","post_date":"2021-04-06 10:09:30","post_date_gmt":"2021-04-06 10:09:30","comment_status":"open","ping_status":"closed","post_name":"pages_15","status":"inherit","post_parent":8638,"menu_order":0,"post_type":"attachment","post_password":"","is_sticky":0,"terms":[],"postmeta":[{"meta_key":"_wp_attached_file","meta_value":"2021\/04\/pages_15.jpg"},{"meta_key":"_wp_attachment_metadata","meta_value":"a:5:{s:5:\"width\";i:284;s:6:\"height\";i:330;s:4:\"file\";s:20:\"2021\/04\/pages_15.jpg\";s:5:\"sizes\";a:4:{s:6:\"medium\";a:4:{s:4:\"file\";s:20:\"pages_15-258x300.jpg\";s:5:\"width\";i:258;s:6:\"height\";i:300;s:9:\"mime-type\";s:10:\"image\/jpeg\";}s:9:\"thumbnail\";a:4:{s:4:\"file\";s:20:\"pages_15-150x150.jpg\";s:5:\"width\";i:150;s:6:\"height\";i:150;s:9:\"mime-type\";s:10:\"image\/jpeg\";}s:21:\"woocommerce_thumbnail\";a:5:{s:4:\"file\";s:20:\"pages_15-284x300.jpg\";s:5:\"width\";i:284;s:6:\"height\";i:300;s:9:\"mime-type\";s:10:\"image\/jpeg\";s:9:\"uncropped\";b:0;}s:12:\"shop_catalog\";a:4:{s:4:\"file\";s:20:\"pages_15-284x300.jpg\";s:5:\"width\";i:284;s:6:\"height\";i:300;s:9:\"mime-type\";s:10:\"image\/jpeg\";}}s:10:\"image_meta\";a:12:{s:8:\"aperture\";s:1:\"0\";s:6:\"credit\";s:0:\"\";s:6:\"camera\";s:0:\"\";s:7:\"caption\";s:0:\"\";s:17:\"created_timestamp\";s:1:\"0\";s:9:\"copyright\";s:0:\"\";s:12:\"focal_length\";s:1:\"0\";s:3:\"iso\";s:1:\"0\";s:13:\"shutter_speed\";s:1:\"0\";s:5:\"title\";s:0:\"\";s:11:\"orientation\";s:1:\"0\";s:8:\"keywords\";a:0:{}}}"},{"meta_key":"_gt3_usage_shortcodes","meta_value":"{\"mc4wp_form\":1}"}],"comments":[],"media":[],"attachment_url":"https:\/\/livewp.site\/wp\/md\/ewebot\/wp-content\/uploads\/sites\/64\/2021\/04\/pages_15.jpg"}