{"post_title":"landing_icon_02.png","guid":"https:\/\/livewp.site\/wp\/md\/ewebot\/landing_icon_02-png\/","post_author":"","post_content":"","post_excerpt":"","post_id":8803,"pubDate":"Fri, 16 Apr 2021 08:45:39 +0000","post_date":"2021-04-16 08:45:39","post_date_gmt":"2021-04-16 08:45:39","comment_status":"open","ping_status":"closed","post_name":"landing_icon_02-png","status":"inherit","post_parent":0,"menu_order":0,"post_type":"attachment","post_password":"","is_sticky":0,"terms":[],"postmeta":[{"meta_key":"_wp_attached_file","meta_value":"2021\/04\/landing_icon_02.png"},{"meta_key":"_wp_attachment_metadata","meta_value":"a:5:{s:5:\"width\";i:110;s:6:\"height\";i:110;s:4:\"file\";s:27:\"2021\/04\/landing_icon_02.png\";s:5:\"sizes\";a:0:{}s:10:\"image_meta\";a:12:{s:8:\"aperture\";s:1:\"0\";s:6:\"credit\";s:0:\"\";s:6:\"camera\";s:0:\"\";s:7:\"caption\";s:0:\"\";s:17:\"created_timestamp\";s:1:\"0\";s:9:\"copyright\";s:0:\"\";s:12:\"focal_length\";s:1:\"0\";s:3:\"iso\";s:1:\"0\";s:13:\"shutter_speed\";s:1:\"0\";s:5:\"title\";s:0:\"\";s:11:\"orientation\";s:1:\"0\";s:8:\"keywords\";a:0:{}}}"},{"meta_key":"_elementor_source_image_hash","meta_value":"661c1b48d6e3b8b68722786df2bce23da8eb5bae"}],"comments":[],"media":[],"attachment_url":"https:\/\/livewp.site\/wp\/md\/ewebot\/wp-content\/uploads\/sites\/64\/2021\/04\/landing_icon_02.png"}