{"post_title":"Typography","guid":"https:\/\/livewp.site\/wp\/md\/ewebot\/typography\/","post_author":"","post_content":"<h2>Titles<\/h2>\t\t\n\t\t<h1>H1. Lorem Ipsum Dolor<\/h1><h2>H2. Lorem Ipsum Dolor<\/h2><h3>H3. Lorem Ipsum Dolor<\/h3><h4>H4. Lorem Ipsum Dolor<\/h4><h5>H5. Lorem Ipsum Dolor<\/h5><h6>H6. Lorem Ipsum Dolor<\/h6>\t\t\n\t\t\t<h2>Body<\/h2>\t\t\n\t\t<p>Ballet and Pilates inspired workouts are great if you want to build long, lean \u201cbeauty\u201d muscles, but thanks to CrossFit, I\u2019ve grown to appreciate the glamour of women who deadlift, pull up and muscle up \u2014 and not because the effort.<\/p><p>Ballet and Pilates inspired workouts are great if you want to build long, lean \u201cbeauty\u201d muscles, but thanks to CrossFit, I\u2019ve grown to appreciate the glamour of women who deadlift, pull up and muscle up \u2014 and not because the effort.<\/p>\t\t\n\t\t\t<h2>Standard Inline Elements<\/h2>\t\t\n\t\tIf you want to build long, lean \u201cbeauty\u201d muscles, but thanks to CrossFit, I\u2019ve bold text the glamour of women who deadlift, pull up and muscle up \u2014 and not because the effort will shrink them into bold text packages of female beauty. No offence to pli\u00e9s and jet\u00e9s, but lifting heavy stuff is a rush. The changes every tooltip , and you do\u00a0everything from Olympic-style lifts to gymnastics to rowing, skipping and sprinting\u2014all the while giving it everything you\u2019ve got.\t\t\n\t\t\t<h2>Dropcaps<\/h2>\t\t\n\t\tWallet- and Pilates-inspired workouts are great if you want to build long, lean \u201cbeauty\u201d muscles, but thanks to CrossFit, I\u2019ve grown to appreciat the glamour of women who deadlift, pull up and muscle up \u2014 and not because the effort will shrink them into perfectly beauty. No offence to pli\u00e9s and jet\u00e9s, but lifting heavy stuff is a rush. The workout changes every day, and you do everything from Olympic-style lifts to gymnastics to rowing, skipping and sprinting\u2014all the while giving it everything you\u2019ve got.Wallet- and Pilates-inspired workouts are great if you want to build long, lean \u201cbeauty\u201d muscles, but thanks to CrossFit, I\u2019ve grown to appreciat the glamour of women who deadlift, pull up and muscle up \u2014 and not because the effort will shrink them into perfectly beauty. No offence to pli\u00e9s and jet\u00e9s, but lifting heavy stuff is a rush. The workout changes every day, and you do everything from Olympic-style lifts to gymnastics to rowing, skipping and sprinting\u2014all the while giving it everything you\u2019ve got.Wallet- and Pilates-inspired workouts are great if you want to build long, lean \u201cbeauty\u201d muscles, but thanks to CrossFit, I\u2019ve grown to appreciat the glamour of women who deadlift, pull up and muscle up \u2014 and not because the effort will shrink them into perfectly beauty. No offence to pli\u00e9s and jet\u00e9s, but lifting heavy stuff is a rush. The workout changes every day, and you do everything from Olympic-style lifts to gymnastics to rowing, skipping and sprinting\u2014all the while giving it everything you\u2019ve got.\t\t\n\t\t\t<h2>Blockquote<\/h2>\t\t\n        <p>Cum et essent similique. Inani propriae menandri sed in. Pericula expetendis has no, quo populo forensibus contentiones et, nibh error in per.<\/p>\n    Denis RobinsonCustomer        \n        <p>Cum et essent similique. Inani propriae menandri sed in. Pericula expetendis has no, quo populo forensibus contentiones et, nibh error in per.<\/p>\n    Denis RobinsonCustomer        \n        <p>Cum et essent similique. Inani propriae menandri sed in. Pericula expetendis has no, quo populo forensibus contentiones et, nibh error in per.<\/p>\n    Denis RobinsonCustomer        \n\t\t\t<h2>Standard Listings<\/h2>\t\t\n\t\t<ul><li>Receive remarkable results<\/li><li>Help them build their business<\/li><li>Digital consultants<\/li><\/ul>\t\t\n\t\t<ul><li>Receive remarkable results<\/li><li>Help them build their business<\/li><li>Digital consultants<\/li><\/ul>\t\t\n\t\t<ol><li>Receive remarkable results<\/li><li>Help them build their business<\/li><li>Digital consultants<\/li><\/ol>","post_excerpt":"","post_id":884,"pubDate":"Fri, 09 Jul 2021 07:47:36 +0000","post_date":"2021-07-09 07:47:36","post_date_gmt":"2021-07-09 07:47:36","comment_status":"closed","ping_status":"closed","post_name":"typography","status":"publish","post_parent":0,"menu_order":0,"post_type":"page","post_password":"","is_sticky":0,"terms":[],"postmeta":[{"meta_key":"mb_page_sidebar_layout","meta_value":"default"},{"meta_key":"mb_header_presets","meta_value":"default"},{"meta_key":"mb_page_title_conditional","meta_value":"default"},{"meta_key":"mb_page_title_use_feature_image","meta_value":"0"},{"meta_key":"mb_show_breadcrumbs","meta_value":"1"},{"meta_key":"mb_page_title_vertical_align","meta_value":"middle"},{"meta_key":"mb_page_title_horizontal_align","meta_value":"center"},{"meta_key":"mb_page_title_font_color","meta_value":"#3b3663"},{"meta_key":"mb_page_title_bg_color","meta_value":"#ffffff"},{"meta_key":"mb_page_title_bg_repeat","meta_value":"no-repeat"},{"meta_key":"mb_page_title_bg_size","meta_value":"cover"},{"meta_key":"mb_page_title_bg_attachment","meta_value":"scroll"},{"meta_key":"mb_page_title_bg_position","meta_value":"center center"},{"meta_key":"mb_page_title_height","meta_value":"215"},{"meta_key":"mb_page_title_top_border","meta_value":"0"},{"meta_key":"mb_page_title_top_border_color_opacity","meta_value":"1"},{"meta_key":"mb_page_title_bottom_border","meta_value":"0"},{"meta_key":"mb_page_title_bottom_border_color_opacity","meta_value":"1"},{"meta_key":"mb_page_title_bottom_margin","meta_value":"80"},{"meta_key":"mb_map_prefooter","meta_value":"default"},{"meta_key":"mb_footer_switch","meta_value":"default"},{"meta_key":"mb_footer_column","meta_value":"4"},{"meta_key":"mb_footer_column2","meta_value":"6-6"},{"meta_key":"mb_footer_column3","meta_value":"5-5-2"},{"meta_key":"mb_footer_column5","meta_value":"2-3-2-2-3"},{"meta_key":"mb_footer_align","meta_value":"left"},{"meta_key":"mb_padding_top","meta_value":"57"},{"meta_key":"mb_padding_bottom","meta_value":"57"},{"meta_key":"mb_padding_left","meta_value":"0"},{"meta_key":"mb_padding_right","meta_value":"0"},{"meta_key":"mb_footer_full_width","meta_value":"default"},{"meta_key":"mb_footer_bg_size","meta_value":"cover"},{"meta_key":"mb_footer_bg_color","meta_value":"#191a1c"},{"meta_key":"mb_footer_text_color","meta_value":"#ffffff"},{"meta_key":"mb_footer_heading_color","meta_value":"#9da1a5"},{"meta_key":"mb_footer_bg_repeat","meta_value":"repeat"},{"meta_key":"mb_footer_attachment","meta_value":"scroll"},{"meta_key":"mb_footer_bg_position","meta_value":"center center"},{"meta_key":"mb_footer_top_border","meta_value":"1"},{"meta_key":"mb_footer_top_border_color_opacity","meta_value":"0.1"},{"meta_key":"mb_copyright_switch","meta_value":"1"},{"meta_key":"mb_copyright_align","meta_value":"left"},{"meta_key":"mb_copyright_padding_top","meta_value":"20"},{"meta_key":"mb_copyright_padding_bottom","meta_value":"20"},{"meta_key":"mb_copyright_padding_left","meta_value":"0"},{"meta_key":"mb_copyright_padding_right","meta_value":"0"},{"meta_key":"mb_copyright_bg_color","meta_value":"#191a1c"},{"meta_key":"mb_copyright_text_color","meta_value":"#9da1a5"},{"meta_key":"mb_copyright_top_border","meta_value":"1"},{"meta_key":"mb_copyright_top_border_color_opacity","meta_value":"1"},{"meta_key":"mb_pre_footer_switch","meta_value":"0"},{"meta_key":"mb_pre_footer_align","meta_value":"left"},{"meta_key":"mb_pre_footer_padding_top","meta_value":"20"},{"meta_key":"mb_pre_footer_padding_bottom","meta_value":"20"},{"meta_key":"mb_pre_footer_padding_left","meta_value":"0"},{"meta_key":"mb_pre_footer_padding_right","meta_value":"0"},{"meta_key":"mb_pre_footer_bg_color","meta_value":"#191a1c"},{"meta_key":"mb_pre_footer_text_color","meta_value":"#9da1a5"},{"meta_key":"mb_pre_footer_bottom_border","meta_value":"1"},{"meta_key":"mb_pre_footer_bottom_border_color_opacity","meta_value":"1"},{"meta_key":"mb_preloader","meta_value":"default"},{"meta_key":"mb_preloader_type","meta_value":"linear"},{"meta_key":"mb_preloader_background","meta_value":"#191a1c"},{"meta_key":"mb_preloader_item_color","meta_value":"#ffffff"},{"meta_key":"mb_preloader_item_color2","meta_value":"#435bb2"},{"meta_key":"mb_preloader_item_width","meta_value":"120"},{"meta_key":"mb_preloader_item_stroke","meta_value":"2"},{"meta_key":"mb_preloader_item_logo_width","meta_value":"45"},{"meta_key":"mb_preloader_full","meta_value":"1"},{"meta_key":"_elementor_edit_mode","meta_value":"builder"},{"meta_key":"_elementor_template_type","meta_value":"wp-page"},{"meta_key":"_elementor_version","meta_value":"3.2.4"},{"meta_key":"_wp_page_template","meta_value":"default"},{"meta_key":"_elementor_data","meta_value":"[{\"id\":\"cb8806d\",\"elType\":\"section\",\"settings\":[],\"elements\":[{\"id\":\"d2192cc\",\"elType\":\"column\",\"settings\":{\"_column_size\":\"100\",\"gt3_carousel_nav_prev\":\"Prev\",\"gt3_carousel_nav_next\":\"Next\"},\"elements\":[{\"id\":\"46c1352\",\"elType\":\"widget\",\"settings\":{\"title\":\"Titles\"},\"elements\":[],\"widgetType\":\"heading\"},{\"id\":\"1a46eb6\",\"elType\":\"widget\",\"settings\":{\"editor\":\"<h1>H1. Lorem Ipsum Dolor<\\\/h1>\",\"_margin\":{\"unit\":\"px\",\"top\":\"-7\",\"right\":\"0\",\"bottom\":\"0\",\"left\":\"0\",\"isLinked\":\"\"}},\"elements\":[],\"widgetType\":\"text-editor\"},{\"id\":\"b5d7696\",\"elType\":\"widget\",\"settings\":{\"editor\":\"<h2>H2. Lorem Ipsum Dolor<\\\/h2>\"},\"elements\":[],\"widgetType\":\"text-editor\"},{\"id\":\"095d0db\",\"elType\":\"widget\",\"settings\":{\"editor\":\"<h3>H3. Lorem Ipsum Dolor<\\\/h3>\"},\"elements\":[],\"widgetType\":\"text-editor\"},{\"id\":\"28c90ec\",\"elType\":\"widget\",\"settings\":{\"editor\":\"<h4>H4. Lorem Ipsum Dolor<\\\/h4>\"},\"elements\":[],\"widgetType\":\"text-editor\"},{\"id\":\"bc34af8\",\"elType\":\"widget\",\"settings\":{\"editor\":\"<h5>H5. Lorem Ipsum Dolor<\\\/h5>\",\"typography_typography\":\"custom\",\"typography_font_weight\":\"bold\"},\"elements\":[],\"widgetType\":\"text-editor\"},{\"id\":\"06682c5\",\"elType\":\"widget\",\"settings\":{\"editor\":\"<h6>H6. Lorem Ipsum Dolor<\\\/h6>\",\"typography_typography\":\"custom\",\"typography_font_weight\":\"600\"},\"elements\":[],\"widgetType\":\"text-editor\"},{\"id\":\"1aaf0dc\",\"elType\":\"widget\",\"settings\":{\"space\":{\"unit\":\"px\",\"size\":\"45\",\"sizes\":[]}},\"elements\":[],\"widgetType\":\"spacer\"}],\"isInner\":\"\"}],\"isInner\":\"\"},{\"id\":\"24b33a6\",\"elType\":\"section\",\"settings\":[],\"elements\":[{\"id\":\"8d723d3\",\"elType\":\"column\",\"settings\":{\"_column_size\":\"100\",\"gt3_carousel_nav_prev\":\"Prev\",\"gt3_carousel_nav_next\":\"Next\"},\"elements\":[{\"id\":\"fd24795\",\"elType\":\"widget\",\"settings\":{\"title\":\"Body\"},\"elements\":[],\"widgetType\":\"heading\"},{\"id\":\"d8714d7\",\"elType\":\"widget\",\"settings\":{\"editor\":\"<p>Ballet and Pilates inspired workouts are great if you want to build long, lean \\u201cbeauty\\u201d muscles, but thanks to CrossFit, I\\u2019ve grown to appreciate the glamour of women who deadlift, pull up and muscle up \\u2014 and not because the effort.<\\\/p>\",\"typography_typography\":\"custom\",\"_margin\":{\"unit\":\"px\",\"top\":\"0\",\"right\":\"0\",\"bottom\":\"11\",\"left\":\"0\",\"isLinked\":\"\"}},\"elements\":[],\"widgetType\":\"text-editor\"},{\"id\":\"7056267\",\"elType\":\"widget\",\"settings\":{\"editor\":\"<p>Ballet and Pilates inspired workouts are great if you want to build long, lean \\u201cbeauty\\u201d muscles, but thanks to CrossFit, I\\u2019ve grown to appreciate the glamour of women who deadlift, pull up and muscle up \\u2014 and not because the effort.<\\\/p>\",\"typography_typography\":\"custom\",\"typography_font_size\":{\"unit\":\"px\",\"size\":\"16\",\"sizes\":[]},\"typography_line_height\":{\"unit\":\"px\",\"size\":\"\",\"sizes\":[]}},\"elements\":[],\"widgetType\":\"text-editor\"},{\"id\":\"5502698\",\"elType\":\"widget\",\"settings\":{\"space\":{\"unit\":\"px\",\"size\":\"45\",\"sizes\":[]}},\"elements\":[],\"widgetType\":\"spacer\"}],\"isInner\":\"\"}],\"isInner\":\"\"},{\"id\":\"6aae946\",\"elType\":\"section\",\"settings\":[],\"elements\":[{\"id\":\"000d01d\",\"elType\":\"column\",\"settings\":{\"_column_size\":\"100\",\"gt3_carousel_nav_prev\":\"Prev\",\"gt3_carousel_nav_next\":\"Next\"},\"elements\":[{\"id\":\"5fcad66\",\"elType\":\"widget\",\"settings\":{\"title\":\"Standard Inline Elements\"},\"elements\":[],\"widgetType\":\"heading\"},{\"id\":\"16b38e6\",\"elType\":\"widget\",\"settings\":{\"editor\":\"<span class=\\\"gt3_highlighter\\\" style=\\\"background-color: #5747e4;color: #ffffff\\\">If you want to build long, lean \\u201cbeauty\\u201d<\\\/span> muscles, but thanks to CrossFit, I\\u2019ve bold text the glamour of women who deadlift, pull up and muscle up \\u2014 and not because the effort will shrink them into bold text packages of female beauty. <span style=\\\"text-decoration: underline\\\"><span style=\\\"color: #5747e4;text-decoration: underline\\\">No offence to pli\\u00e9s<\\\/span><\\\/span> and jet\\u00e9s, but lifting heavy stuff is a rush. The changes every tooltip , and you do\\u00a0<span class=\\\"gt3_custom_tooltip\\\"><span style=\\\"color: #f47514\\\">everything<\\\/span><\\\/span> from Olympic-style lifts to gymnastics to rowing, skipping and sprinting\\u2014all the while giving it everything you\\u2019ve got.\",\"_margin\":{\"unit\":\"px\",\"top\":\"-3\",\"right\":\"0\",\"bottom\":\"0\",\"left\":\"0\",\"isLinked\":\"\"}},\"elements\":[],\"widgetType\":\"text-editor\"},{\"id\":\"636a6d1\",\"elType\":\"widget\",\"settings\":{\"space\":{\"unit\":\"px\",\"size\":\"44\",\"sizes\":[]}},\"elements\":[],\"widgetType\":\"spacer\"}],\"isInner\":\"\"}],\"isInner\":\"\"},{\"id\":\"c8df9f1\",\"elType\":\"section\",\"settings\":[],\"elements\":[{\"id\":\"612dba2\",\"elType\":\"column\",\"settings\":{\"_column_size\":\"100\",\"gt3_carousel_nav_prev\":\"Prev\",\"gt3_carousel_nav_next\":\"Next\"},\"elements\":[{\"id\":\"63f1479\",\"elType\":\"widget\",\"settings\":{\"title\":\"Dropcaps\"},\"elements\":[],\"widgetType\":\"heading\"},{\"id\":\"d28f03f\",\"elType\":\"widget\",\"settings\":{\"editor\":\"<span class=\\\"gt3_dropcaps\\\" style=\\\"font-size: 3.33em;line-height: 0.9;color: #5747e4\\\">W<\\\/span>allet- and Pilates-inspired workouts are great if you want to build long, lean \\u201cbeauty\\u201d muscles, but thanks to CrossFit, I\\u2019ve grown to appreciat the glamour of women who deadlift, pull up and muscle up \\u2014 and not because the effort will shrink them into perfectly beauty. No offence to pli\\u00e9s and jet\\u00e9s, but lifting heavy stuff is a rush. The workout changes every day, and you do everything from Olympic-style lifts to gymnastics to rowing, skipping and sprinting\\u2014all the while giving it everything you\\u2019ve got.\",\"_margin\":{\"unit\":\"px\",\"top\":\"-3\",\"right\":\"0\",\"bottom\":\"0\",\"left\":\"0\",\"isLinked\":\"\"}},\"elements\":[],\"widgetType\":\"text-editor\"},{\"id\":\"6ef8cf6\",\"elType\":\"widget\",\"settings\":{\"editor\":\"<span class=\\\"gt3_dropcaps\\\" style=\\\"font-size: 3.33em;line-height: 0.9;color: #f47514\\\">W<\\\/span>allet- and Pilates-inspired workouts are great if you want to build long, lean \\u201cbeauty\\u201d muscles, but thanks to CrossFit, I\\u2019ve grown to appreciat the glamour of women who deadlift, pull up and muscle up \\u2014 and not because the effort will shrink them into perfectly beauty. No offence to pli\\u00e9s and jet\\u00e9s, but lifting heavy stuff is a rush. The workout changes every day, and you do everything from Olympic-style lifts to gymnastics to rowing, skipping and sprinting\\u2014all the while giving it everything you\\u2019ve got.\"},\"elements\":[],\"widgetType\":\"text-editor\"},{\"id\":\"95c6e32\",\"elType\":\"widget\",\"settings\":{\"editor\":\"<span class=\\\"gt3_dropcaps\\\" style=\\\"font-size: 3.33em;line-height: 0.9;color: #38c77b\\\">W<\\\/span>allet- and Pilates-inspired workouts are great if you want to build long, lean \\u201cbeauty\\u201d muscles, but thanks to CrossFit, I\\u2019ve grown to appreciat the glamour of women who deadlift, pull up and muscle up \\u2014 and not because the effort will shrink them into perfectly beauty. No offence to pli\\u00e9s and jet\\u00e9s, but lifting heavy stuff is a rush. The workout changes every day, and you do everything from Olympic-style lifts to gymnastics to rowing, skipping and sprinting\\u2014all the while giving it everything you\\u2019ve got.\"},\"elements\":[],\"widgetType\":\"text-editor\"},{\"id\":\"930658d\",\"elType\":\"widget\",\"settings\":{\"space\":{\"unit\":\"px\",\"size\":\"44\",\"sizes\":[]}},\"elements\":[],\"widgetType\":\"spacer\"}],\"isInner\":\"\"}],\"isInner\":\"\"},{\"id\":\"7424bb1\",\"elType\":\"section\",\"settings\":[],\"elements\":[{\"id\":\"e2f6800\",\"elType\":\"column\",\"settings\":{\"_column_size\":\"100\",\"gt3_carousel_nav_prev\":\"Prev\",\"gt3_carousel_nav_next\":\"Next\"},\"elements\":[{\"id\":\"6811e3f\",\"elType\":\"widget\",\"settings\":{\"title\":\"Blockquote\"},\"elements\":[],\"widgetType\":\"heading\"},{\"id\":\"233a589\",\"elType\":\"widget\",\"settings\":{\"tstm_author\":\"Denis Robinson\",\"sub_name\":\"Customer\",\"content\":\"<p>Cum et essent similique. Inani propriae menandri sed in. Pericula expetendis has no, quo populo forensibus contentiones et, nibh error in per.<\\\/p>\",\"image\":{\"url\":\"\",\"id\":\"\"},\"quote_icon\":\"yes\",\"quote_color\":\"#ff7426\",\"color_tstm_author\":\"#3b3663\",\"tstm_author_typography_typography\":\"custom\",\"tstm_author_typography_font_family\":\"Nunito\",\"tstm_author_typography_font_size\":{\"unit\":\"px\",\"size\":\"18\",\"sizes\":[]},\"tstm_author_typography_font_weight\":\"700\",\"tstm_author_typography_font_style\":\"normal\",\"tstm_author_typography_line_height\":{\"unit\":\"px\",\"size\":\"20\",\"sizes\":[]},\"color_sub_name\":\"#696687\",\"color_content\":\"#3b3663\",\"content_typography_typography\":\"custom\",\"content_typography_font_size\":{\"unit\":\"px\",\"size\":\"20\",\"sizes\":[]},\"content_typography_font_style\":\"normal\",\"content_typography_line_height\":{\"unit\":\"px\",\"size\":\"30\",\"sizes\":[]},\"_margin\":{\"unit\":\"px\",\"top\":\"0\",\"right\":\"0\",\"bottom\":\"28\",\"left\":\"0\",\"isLinked\":\"\"},\"image_size\":{\"unit\":\"px\",\"size\":160,\"sizes\":[]},\"sub_name_typography_typography\":\"custom\",\"sub_name_typography_font_weight\":\"400\"},\"elements\":[],\"widgetType\":\"gt3-core-blockquote\"},{\"id\":\"2eea3cc\",\"elType\":\"widget\",\"settings\":{\"tstm_author\":\"Denis Robinson\",\"sub_name\":\"Customer\",\"content\":\"<p>Cum et essent similique. Inani propriae menandri sed in. Pericula expetendis has no, quo populo forensibus contentiones et, nibh error in per.<\\\/p>\",\"image\":{\"url\":\"\",\"id\":\"\"},\"quote_icon\":\"yes\",\"color_tstm_author\":\"#3b3663\",\"tstm_author_typography_typography\":\"custom\",\"tstm_author_typography_font_family\":\"Nunito\",\"tstm_author_typography_font_size\":{\"unit\":\"px\",\"size\":\"18\",\"sizes\":[]},\"tstm_author_typography_font_weight\":\"bold\",\"tstm_author_typography_line_height\":{\"unit\":\"px\",\"size\":\"20\",\"sizes\":[]},\"color_sub_name\":\"#696687\",\"sub_name_typography_typography\":\"custom\",\"sub_name_typography_font_style\":\"normal\",\"color_content\":\"#3b3663\",\"content_typography_typography\":\"custom\",\"content_typography_font_style\":\"normal\",\"_margin\":{\"unit\":\"px\",\"top\":\"0\",\"right\":\"0\",\"bottom\":\"28\",\"left\":\"0\",\"isLinked\":\"\"},\"sub_name_typography_font_weight\":\"400\"},\"elements\":[],\"widgetType\":\"gt3-core-blockquote\"},{\"id\":\"bbc0d65\",\"elType\":\"widget\",\"settings\":{\"tstm_author\":\"Denis Robinson\",\"sub_name\":\"Customer\",\"content\":\"<p>Cum et essent similique. Inani propriae menandri sed in. Pericula expetendis has no, quo populo forensibus contentiones et, nibh error in per.<\\\/p>\",\"image\":{\"url\":\"\",\"id\":\"\"},\"quote_icon\":\"yes\",\"quote_color\":\"#38c77b\",\"color_tstm_author\":\"#3b3663\",\"tstm_author_typography_typography\":\"custom\",\"tstm_author_typography_font_family\":\"Nunito\",\"tstm_author_typography_font_size\":{\"unit\":\"px\",\"size\":\"18\",\"sizes\":[]},\"tstm_author_typography_font_weight\":\"bold\",\"tstm_author_typography_line_height\":{\"unit\":\"px\",\"size\":\"20\",\"sizes\":[]},\"color_sub_name\":\"#696687\",\"color_content\":\"#3b3663\",\"content_typography_typography\":\"custom\",\"content_typography_font_style\":\"normal\",\"sub_name_typography_typography\":\"custom\",\"sub_name_typography_font_weight\":\"400\"},\"elements\":[],\"widgetType\":\"gt3-core-blockquote\"},{\"id\":\"04314e6\",\"elType\":\"widget\",\"settings\":{\"space\":{\"unit\":\"px\",\"size\":\"44\",\"sizes\":[]}},\"elements\":[],\"widgetType\":\"spacer\"}],\"isInner\":\"\"}],\"isInner\":\"\"},{\"id\":\"3855371\",\"elType\":\"section\",\"settings\":[],\"elements\":[{\"id\":\"1d769a4\",\"elType\":\"column\",\"settings\":{\"_column_size\":\"100\",\"gt3_carousel_nav_prev\":\"Prev\",\"gt3_carousel_nav_next\":\"Next\",\"space_between_widgets\":\"0\"},\"elements\":[{\"id\":\"b51ae92\",\"elType\":\"widget\",\"settings\":{\"title\":\"Standard Listings\"},\"elements\":[],\"widgetType\":\"heading\"},{\"id\":\"01aa1a7\",\"elType\":\"section\",\"settings\":{\"structure\":\"30\"},\"elements\":[{\"id\":\"bf4e366\",\"elType\":\"column\",\"settings\":{\"_column_size\":\"33\",\"gt3_carousel_nav_prev\":\"Prev\",\"gt3_carousel_nav_next\":\"Next\",\"space_between_widgets\":\"0\"},\"elements\":[{\"id\":\"ccd4b8e\",\"elType\":\"widget\",\"settings\":{\"editor\":\"<ul><li>Receive remarkable results<\\\/li><li>Help them build their business<\\\/li><li>Digital consultants<\\\/li><\\\/ul>\",\"typography_typography\":\"custom\",\"typography_line_height\":{\"unit\":\"em\",\"size\":\"1.6\",\"sizes\":[]},\"_margin\":{\"unit\":\"px\",\"top\":\"0\",\"right\":\"0\",\"bottom\":\"0\",\"left\":\"20\",\"isLinked\":\"\"}},\"elements\":[],\"widgetType\":\"text-editor\"},{\"id\":\"4e123b1\",\"elType\":\"widget\",\"settings\":{\"space\":{\"unit\":\"px\",\"size\":\"55\",\"sizes\":[]},\"space_mobile\":{\"unit\":\"px\",\"size\":\"0\",\"sizes\":[]}},\"elements\":[],\"widgetType\":\"spacer\"}],\"isInner\":\"1\"},{\"id\":\"c98ce2e\",\"elType\":\"column\",\"settings\":{\"_column_size\":\"33\",\"gt3_carousel_nav_prev\":\"Prev\",\"gt3_carousel_nav_next\":\"Next\",\"space_between_widgets\":\"0\"},\"elements\":[{\"id\":\"a97822a\",\"elType\":\"widget\",\"settings\":{\"editor\":\"<ul class=\\\"gt3_styled_list\\\"><li><i class=\\\"gt3_list__icon gt3-line-icon\\\"><\\\/i>Receive remarkable results<\\\/li><li><i class=\\\"gt3_list__icon gt3-line-icon\\\"><\\\/i>Help them build their business<\\\/li><li><i class=\\\"gt3_list__icon gt3-line-icon\\\"><\\\/i>Digital consultants<\\\/li><\\\/ul>\",\"typography_typography\":\"custom\",\"typography_line_height\":{\"unit\":\"em\",\"size\":\"1.6\",\"sizes\":[]},\"_margin\":{\"unit\":\"px\",\"top\":\"0\",\"right\":\"0\",\"bottom\":\"0\",\"left\":\"20\",\"isLinked\":\"\"}},\"elements\":[],\"widgetType\":\"text-editor\"},{\"id\":\"3dd7858\",\"elType\":\"widget\",\"settings\":{\"space\":{\"unit\":\"px\",\"size\":\"55\",\"sizes\":[]},\"space_mobile\":{\"unit\":\"px\",\"size\":\"0\",\"sizes\":[]}},\"elements\":[],\"widgetType\":\"spacer\"}],\"isInner\":\"1\"},{\"id\":\"b28f06b\",\"elType\":\"column\",\"settings\":{\"_column_size\":\"33\",\"gt3_carousel_nav_prev\":\"Prev\",\"gt3_carousel_nav_next\":\"Next\",\"space_between_widgets\":\"0\"},\"elements\":[{\"id\":\"752721d\",\"elType\":\"widget\",\"settings\":{\"editor\":\"<ol><li>Receive remarkable results<\\\/li><li>Help them build their business<\\\/li><li>Digital consultants<\\\/li><\\\/ol>\",\"typography_typography\":\"custom\",\"typography_line_height\":{\"unit\":\"em\",\"size\":\"1.6\",\"sizes\":[]},\"_margin\":{\"unit\":\"px\",\"top\":\"0\",\"right\":\"0\",\"bottom\":\"0\",\"left\":\"20\",\"isLinked\":\"\"}},\"elements\":[],\"widgetType\":\"text-editor\"},{\"id\":\"bad9a16\",\"elType\":\"widget\",\"settings\":{\"space\":{\"unit\":\"px\",\"size\":\"55\",\"sizes\":[]}},\"elements\":[],\"widgetType\":\"spacer\"}],\"isInner\":\"1\"}],\"isInner\":\"1\"}],\"isInner\":\"\"}],\"isInner\":\"\"}]"},{"meta_key":"_edit_lock","meta_value":"1641732901:1"},{"meta_key":"_edit_last","meta_value":"1"},{"meta_key":"mb_bubbles_block","meta_value":"default"},{"meta_key":"_elementor_controls_usage","meta_value":"a:5:{s:7:\"heading\";a:3:{s:5:\"count\";i:6;s:15:\"control_percent\";i:0;s:8:\"controls\";a:1:{s:7:\"content\";a:1:{s:13:\"section_title\";a:1:{s:5:\"title\";i:6;}}}}s:11:\"text-editor\";a:3:{s:5:\"count\";i:15;s:15:\"control_percent\";i:2;s:8:\"controls\";a:3:{s:7:\"content\";a:1:{s:14:\"section_editor\";a:1:{s:6:\"editor\";i:15;}}s:8:\"advanced\";a:1:{s:14:\"_section_style\";a:1:{s:7:\"_margin\";i:7;}}s:5:\"style\";a:1:{s:13:\"section_style\";a:4:{s:21:\"typography_typography\";i:7;s:22:\"typography_font_weight\";i:2;s:20:\"typography_font_size\";i:1;s:22:\"typography_line_height\";i:4;}}}}s:6:\"spacer\";a:3:{s:5:\"count\";i:8;s:15:\"control_percent\";i:0;s:8:\"controls\";a:1:{s:7:\"content\";a:1:{s:14:\"section_spacer\";a:2:{s:5:\"space\";i:8;s:12:\"space_mobile\";i:2;}}}}s:6:\"column\";a:3:{s:5:\"count\";i:9;s:15:\"control_percent\";i:0;s:8:\"controls\";a:1:{s:6:\"layout\";a:1:{s:6:\"layout\";a:1:{s:21:\"space_between_widgets\";i:4;}}}}s:7:\"section\";a:3:{s:5:\"count\";i:7;s:15:\"control_percent\";i:0;s:8:\"controls\";a:1:{s:6:\"layout\";a:1:{s:17:\"section_structure\";a:1:{s:9:\"structure\";i:1;}}}}}"},{"meta_key":"_gt3_usage_shortcodes","meta_value":"{\"mc4wp_form\":1}"},{"meta_key":"rs_page_bg_color","meta_value":""}],"comments":[],"media":[]}