{"post_title":"Footer 12","guid":"https:\/\/livewp.site\/wp\/md\/ewebot\/?elementor_library=footer-12","post_author":"","post_content":"<h2>Quick Links<\/h2>\t\t\n\t\t\t<nav>\n\t\t\t\t<ul id=\"menu-quick-links\"><li id=\"menu-item-1517\"><a href=\"https:\/\/livewp.site\/wp\/md\/ewebot\/home-02\/\">Home<\/a><\/li>\n<li id=\"menu-item-1518\"><a href=\"https:\/\/livewp.site\/wp\/md\/ewebot\/about-us\/\">About Us<\/a><\/li>\n<li id=\"menu-item-1519\"><a href=\"https:\/\/livewp.site\/wp\/md\/ewebot\/services\/\">Main Services<\/a><\/li>\n<li id=\"menu-item-1490\"><a href=\"https:\/\/livewp.site\/wp\/md\/ewebot\/pricing-plans\/\">Pricing<\/a><\/li>\n<li id=\"menu-item-1491\"><a href=\"https:\/\/livewp.site\/wp\/md\/ewebot\/our-case-studies\/\">Our Cases<\/a><\/li>\n<\/ul>\t\t\t<\/nav>\n\t\t\t<h2>Services<\/h2>\t\t\n\t\t\t<nav>\n\t\t\t\t<ul id=\"menu-services\"><li id=\"menu-item-4114\"><a href=\"#\">SEO Marketing<\/a><\/li>\n<li id=\"menu-item-4115\"><a href=\"#\">SEO Services<\/a><\/li>\n<li id=\"menu-item-4116\"><a href=\"#\">Pay Per Click<\/a><\/li>\n<li id=\"menu-item-4117\"><a href=\"#\">Social Media<\/a><\/li>\n<li id=\"menu-item-4118\"><a href=\"#\">SEO Audit<\/a><\/li>\n<\/ul>\t\t\t<\/nav>\n\t\t\t<h2>Community<\/h2>\t\t\n\t\t\t<nav>\n\t\t\t\t<ul id=\"menu-community\"><li id=\"menu-item-4119\"><a href=\"#\">Our Product<\/a><\/li>\n<li id=\"menu-item-4120\"><a href=\"#\">Documentation<\/a><\/li>\n<li id=\"menu-item-4121\"><a href=\"#\">Our Services<\/a><\/li>\n<li id=\"menu-item-4122\"><a href=\"#\">Company<\/a><\/li>\n<li id=\"menu-item-4123\"><a href=\"#\">What We Do?<\/a><\/li>\n<\/ul>\t\t\t<\/nav>\n\t\t\t<h2>Get In Touch<\/h2>\t\t\n\t\t<p><a href=\"tel:88002534236\">8 800 2534 236<\/a><\/p><a href=\"mailto:email@yoursite.com\">email@yoursite.com<\/a>\t\t\n\t\t\t\t\t<a href=\"#\" target=\"_blank\" rel=\"noopener\">\n\t\t\t\t\t\tTwitter\n\t\t\t\t\t\t\t\t\t\t\t<\/a>\n\t\t\t\t\t<a href=\"#\" target=\"_blank\" rel=\"noopener\">\n\t\t\t\t\t\tFacebook-f\n\t\t\t\t\t\t\t\t\t\t\t<\/a>\n\t\t\t\t\t<a href=\"#\" target=\"_blank\" rel=\"noopener\">\n\t\t\t\t\t\tGoogle-plus-g\n\t\t\t\t\t\t\t\t\t\t\t<\/a>\n\t\t\t\t\t<a href=\"#\" target=\"_blank\" rel=\"noopener\">\n\t\t\t\t\t\tPinterest-p\n\t\t\t\t\t\t\t\t\t\t\t<\/a>\n\t\t\t\t\t<a href=\"#\" target=\"_blank\" rel=\"noopener\">\n\t\t\t\t\t\tLinkedin-in\n\t\t\t\t\t\t\t\t\t\t\t<\/a>\n\t\t\t<h2>Sign up now & get 15 off<\/h2>\t\t\n\t\t<p>Be the first to know about our new arrivals and exclusive offers.<\/p>[mc4wp_form id=\"9431\"]<p>\u00a9 2022 \u2014 Ewebot by GT3Themes. All Rights Reserved.<\/p>","post_excerpt":"","post_id":9071,"pubDate":"Mon, 24 May 2021 09:14:32 +0000","post_date":"2021-05-24 09:14:32","post_date_gmt":"2021-05-24 09:14:32","comment_status":"closed","ping_status":"closed","post_name":"footer-12","status":"publish","post_parent":0,"menu_order":0,"post_type":"elementor_library","post_password":"","is_sticky":0,"terms":[61],"postmeta":[{"meta_key":"_elementor_edit_mode","meta_value":"builder"},{"meta_key":"_elementor_template_type","meta_value":"wpda-footer"},{"meta_key":"_elementor_version","meta_value":"3.5.3"},{"meta_key":"_wp_page_template","meta_value":"default"},{"meta_key":"_elementor_data","meta_value":"[{\"id\":\"15767095\",\"elType\":\"section\",\"settings\":{\"background_background\":\"classic\",\"background_position\":\"center center\",\"background_repeat\":\"no-repeat\",\"background_size\":\"cover\",\"background_color\":\"#030C26\",\"padding\":{\"unit\":\"px\",\"top\":\"40\",\"right\":\"0\",\"bottom\":\"0\",\"left\":\"0\",\"isLinked\":false},\"padding_mobile\":{\"unit\":\"px\",\"top\":\"42\",\"right\":\"20\",\"bottom\":\"0\",\"left\":\"20\",\"isLinked\":false},\"margin\":{\"unit\":\"px\",\"top\":\"-1\",\"right\":0,\"bottom\":\"0\",\"left\":0,\"isLinked\":false}},\"elements\":[{\"id\":\"50f26606\",\"elType\":\"column\",\"settings\":{\"_column_size\":\"100\",\"gt3_carousel_nav_prev\":\"Prev\",\"gt3_carousel_nav_next\":\"Next\",\"space_between_widgets\":\"0\",\"space_between_widgets_mobile\":\"0\",\"padding\":{\"unit\":\"px\",\"top\":\"0\",\"right\":\"0\",\"bottom\":\"0\",\"left\":\"0\",\"isLinked\":true}},\"elements\":[{\"id\":\"11291d53\",\"elType\":\"section\",\"settings\":{\"structure\":\"40\",\"heading_color\":\"#FFFFFF\",\"color_text\":\"#F0F0F0\",\"color_link\":\"#F0F0F0\",\"color_link_hover\":\"#F47514\",\"padding\":{\"unit\":\"px\",\"top\":\"0\",\"right\":\"0\",\"bottom\":\"16\",\"left\":\"0\",\"isLinked\":\"\"},\"gap\":\"extended\"},\"elements\":[{\"id\":\"78fe9afe\",\"elType\":\"column\",\"settings\":{\"_column_size\":\"25\",\"gt3_carousel_nav_prev\":\"Prev\",\"gt3_carousel_nav_next\":\"Next\",\"space_between_widgets\":\"0\"},\"elements\":[{\"id\":\"5b746468\",\"elType\":\"widget\",\"settings\":{\"space\":{\"unit\":\"px\",\"size\":\"20\",\"sizes\":[]}},\"elements\":[],\"widgetType\":\"spacer\"},{\"id\":\"3980e2f9\",\"elType\":\"widget\",\"settings\":{\"title\":\"Quick Links\",\"title_color\":\"#FFFFFF\",\"typography_typography\":\"custom\",\"typography_font_family\":\"Source Sans Pro\",\"typography_font_size\":{\"unit\":\"px\",\"size\":24,\"sizes\":[]},\"typography_font_weight\":\"700\"},\"elements\":[],\"widgetType\":\"heading\"},{\"id\":\"773715aa\",\"elType\":\"widget\",\"settings\":{\"menu_select\":\"quick-links\",\"align\":\"left\",\"custom_settings\":\"yes\",\"menu_text_color\":\"#454D65\",\"menu_text_color_active\":\"#69747F\",\"menu_typography_typography\":\"custom\",\"menu_typography_font_weight\":\"500\",\"menu_typography_font_family\":\"Roboto\"},\"elements\":[],\"widgetType\":\"wpda-builder-menu\"}],\"isInner\":\"1\"},{\"id\":\"3220fb19\",\"elType\":\"column\",\"settings\":{\"_column_size\":\"25\",\"gt3_carousel_nav_prev\":\"Prev\",\"gt3_carousel_nav_next\":\"Next\",\"space_between_widgets\":\"0\"},\"elements\":[{\"id\":\"726dbe01\",\"elType\":\"widget\",\"settings\":{\"space\":{\"unit\":\"px\",\"size\":\"20\",\"sizes\":[]}},\"elements\":[],\"widgetType\":\"spacer\"},{\"id\":\"27d680af\",\"elType\":\"widget\",\"settings\":{\"title\":\"Services\",\"title_color\":\"#FFFFFF\",\"typography_typography\":\"custom\",\"typography_font_family\":\"Source Sans Pro\",\"typography_font_size\":{\"unit\":\"px\",\"size\":24,\"sizes\":[]},\"typography_font_weight\":\"700\"},\"elements\":[],\"widgetType\":\"heading\"},{\"id\":\"6c48448e\",\"elType\":\"widget\",\"settings\":{\"menu_select\":\"services\",\"align\":\"left\",\"custom_settings\":\"yes\",\"menu_text_color\":\"#454D65\",\"menu_text_color_active\":\"#69747F\",\"menu_typography_typography\":\"custom\",\"menu_typography_font_weight\":\"500\",\"menu_typography_font_family\":\"Roboto\"},\"elements\":[],\"widgetType\":\"wpda-builder-menu\"}],\"isInner\":\"1\"},{\"id\":\"379fc683\",\"elType\":\"column\",\"settings\":{\"_column_size\":\"25\",\"gt3_carousel_nav_prev\":\"Prev\",\"gt3_carousel_nav_next\":\"Next\",\"space_between_widgets\":\"0\"},\"elements\":[{\"id\":\"5ccfa60c\",\"elType\":\"widget\",\"settings\":{\"space\":{\"unit\":\"px\",\"size\":\"20\",\"sizes\":[]}},\"elements\":[],\"widgetType\":\"spacer\"},{\"id\":\"3ca8cf81\",\"elType\":\"widget\",\"settings\":{\"title\":\"Community\",\"title_color\":\"#FFFFFF\",\"typography_typography\":\"custom\",\"typography_font_family\":\"Source Sans Pro\",\"typography_font_size\":{\"unit\":\"px\",\"size\":24,\"sizes\":[]},\"typography_font_weight\":\"700\"},\"elements\":[],\"widgetType\":\"heading\"},{\"id\":\"5b80de37\",\"elType\":\"widget\",\"settings\":{\"menu_select\":\"community\",\"align\":\"left\",\"custom_settings\":\"yes\",\"menu_text_color\":\"#454D65\",\"menu_text_color_active\":\"#69747F\",\"menu_typography_typography\":\"custom\",\"menu_typography_font_weight\":\"500\",\"menu_typography_font_family\":\"Roboto\"},\"elements\":[],\"widgetType\":\"wpda-builder-menu\"}],\"isInner\":\"1\"},{\"id\":\"716d71a4\",\"elType\":\"column\",\"settings\":{\"_column_size\":\"25\",\"gt3_carousel_nav_prev\":\"Prev\",\"gt3_carousel_nav_next\":\"Next\",\"space_between_widgets\":\"0\",\"color_text\":\"#454D65\",\"color_link\":\"#454D65\",\"color_link_hover\":\"#69747F\"},\"elements\":[{\"id\":\"4f7e95bb\",\"elType\":\"widget\",\"settings\":{\"space\":{\"unit\":\"px\",\"size\":\"20\",\"sizes\":[]}},\"elements\":[],\"widgetType\":\"spacer\"},{\"id\":\"2199d812\",\"elType\":\"widget\",\"settings\":{\"title\":\"Get In Touch\",\"title_color\":\"#FFFFFF\",\"typography_typography\":\"custom\",\"typography_font_family\":\"Source Sans Pro\",\"typography_font_size\":{\"unit\":\"px\",\"size\":24,\"sizes\":[]},\"typography_font_weight\":\"700\"},\"elements\":[],\"widgetType\":\"heading\"},{\"id\":\"7493e3d5\",\"elType\":\"widget\",\"settings\":{\"editor\":\"<p><a href=\\\"tel:88002534236\\\">8 800 2534 236<\\\/a><\\\/p>\",\"typography_typography\":\"custom\",\"typography_line_height\":{\"unit\":\"px\",\"size\":27,\"sizes\":[]},\"_margin\":{\"unit\":\"%\",\"top\":\"0\",\"right\":\"0\",\"bottom\":\"0\",\"left\":\"0\",\"isLinked\":false},\"_padding\":{\"unit\":\"px\",\"top\":\"0\",\"right\":\"0\",\"bottom\":\"0\",\"left\":\"0\",\"isLinked\":false},\"typography_font_weight\":\"500\",\"typography_font_family\":\"Roboto\",\"typography_font_size\":{\"unit\":\"px\",\"size\":16,\"sizes\":[]}},\"elements\":[],\"widgetType\":\"text-editor\"},{\"id\":\"47e50260\",\"elType\":\"widget\",\"settings\":{\"editor\":\"<a href=\\\"mailto:email@yoursite.com\\\">email@yoursite.com<\\\/a>\",\"typography_typography\":\"custom\",\"typography_line_height\":{\"unit\":\"px\",\"size\":27,\"sizes\":[]},\"_margin\":{\"unit\":\"%\",\"top\":\"0\",\"right\":\"0\",\"bottom\":\"0\",\"left\":\"0\",\"isLinked\":false},\"_padding\":{\"unit\":\"px\",\"top\":\"0\",\"right\":\"0\",\"bottom\":\"12\",\"left\":\"0\",\"isLinked\":false},\"typography_font_weight\":\"500\",\"typography_font_family\":\"Roboto\",\"typography_font_size\":{\"unit\":\"px\",\"size\":16,\"sizes\":[]}},\"elements\":[],\"widgetType\":\"text-editor\"},{\"id\":\"cd9edde\",\"elType\":\"widget\",\"settings\":{\"social_icon_list\":[{\"social_icon\":{\"value\":\"fab fa-twitter\",\"library\":\"fa-brands\"},\"_id\":\"91c0e5f\",\"link\":{\"url\":\"#\",\"is_external\":\"true\",\"nofollow\":\"\",\"custom_attributes\":\"\"},\"item_icon_color\":\"custom\"},{\"social_icon\":{\"value\":\"fab fa-facebook-f\",\"library\":\"fa-brands\"},\"_id\":\"5ffa149\",\"link\":{\"url\":\"#\",\"is_external\":\"true\",\"nofollow\":\"\",\"custom_attributes\":\"\"},\"item_icon_color\":\"custom\"},{\"social_icon\":{\"value\":\"fab fa-google-plus-g\",\"library\":\"fa-brands\"},\"link\":{\"url\":\"#\",\"is_external\":\"true\",\"nofollow\":\"\",\"custom_attributes\":\"\"},\"item_icon_color\":\"custom\",\"_id\":\"affb931\"},{\"social_icon\":{\"value\":\"fab fa-pinterest-p\",\"library\":\"fa-brands\"},\"link\":{\"url\":\"#\",\"is_external\":\"true\",\"nofollow\":\"\",\"custom_attributes\":\"\"},\"item_icon_color\":\"custom\",\"_id\":\"473615c\"},{\"social_icon\":{\"value\":\"fab fa-linkedin-in\",\"library\":\"fa-brands\"},\"_id\":\"ababeec\",\"link\":{\"url\":\"#\",\"is_external\":\"true\",\"nofollow\":\"\",\"custom_attributes\":\"\"},\"item_icon_color\":\"custom\"}],\"shape\":\"square\",\"align\":\"left\",\"icon_color\":\"custom\",\"icon_primary_color\":\"#FFFFFF00\",\"icon_secondary_color\":\"#69747F\",\"icon_size\":{\"unit\":\"px\",\"size\":18,\"sizes\":[]},\"icon_padding\":{\"unit\":\"em\",\"size\":\"0\",\"sizes\":[]},\"icon_spacing\":{\"unit\":\"px\",\"size\":\"20\",\"sizes\":[]},\"hover_secondary_color\":\"#454D65\",\"_margin\":{\"unit\":\"px\",\"top\":\"0\",\"right\":\"0\",\"bottom\":\"0\",\"left\":\"0\",\"isLinked\":false}},\"elements\":[],\"widgetType\":\"social-icons\"}],\"isInner\":\"1\"}],\"isInner\":\"1\"},{\"id\":\"37e41eeb\",\"elType\":\"section\",\"settings\":[],\"elements\":[{\"id\":\"7b290f72\",\"elType\":\"column\",\"settings\":{\"_column_size\":100,\"_inline_size_tablet\":\"100\",\"gt3_carousel_nav_prev\":\"Prev\",\"gt3_carousel_nav_next\":\"Next\",\"margin\":{\"unit\":\"px\",\"top\":\"0\",\"right\":\"0\",\"bottom\":\"0\",\"left\":\"0\",\"isLinked\":\"\"},\"margin_tablet\":{\"unit\":\"px\",\"top\":\"0\",\"right\":\"0\",\"bottom\":\"0\",\"left\":\"0\",\"isLinked\":\"1\"},\"space_between_widgets\":\"0\",\"_inline_size\":null},\"elements\":[{\"id\":\"4b1392d3\",\"elType\":\"widget\",\"settings\":{\"title\":\"Sign up now & get 15 off\",\"align\":\"center\",\"typography_typography\":\"custom\",\"typography_font_family\":\"Source Sans Pro\",\"typography_font_size\":{\"unit\":\"px\",\"size\":30,\"sizes\":[]},\"typography_font_size_tablet\":{\"unit\":\"px\",\"size\":25,\"sizes\":[]},\"typography_font_weight\":\"700\",\"typography_line_height\":{\"unit\":\"em\",\"size\":1.5,\"sizes\":[]},\"_padding\":{\"unit\":\"px\",\"top\":\"30\",\"right\":\"0\",\"bottom\":\"5\",\"left\":\"0\",\"isLinked\":false},\"title_color\":\"#FFFFFF\"},\"elements\":[],\"widgetType\":\"heading\"},{\"id\":\"1631fe39\",\"elType\":\"widget\",\"settings\":{\"editor\":\"<p>Be the first to know about our new arrivals and exclusive offers.<\\\/p>\",\"align\":\"center\",\"_margin\":{\"unit\":\"px\",\"top\":\"0\",\"right\":\"0\",\"bottom\":\"37\",\"left\":\"0\",\"isLinked\":false},\"text_color\":\"#454D65\",\"typography_typography\":\"custom\",\"typography_font_weight\":\"400\"},\"elements\":[],\"widgetType\":\"text-editor\"},{\"id\":\"7d06ee51\",\"elType\":\"widget\",\"settings\":{\"shortcode\":\"[mc4wp_form id=\\\"9431\\\"]\",\"_css_classes\":\"footer_mc_signup dark_field\",\"_padding\":{\"unit\":\"px\",\"top\":\"0\",\"right\":\"0\",\"bottom\":\"47\",\"left\":\"0\",\"isLinked\":false}},\"elements\":[],\"widgetType\":\"shortcode\"}],\"isInner\":\"1\"}],\"isInner\":\"1\"}],\"isInner\":\"\"}],\"isInner\":\"\"},{\"id\":\"2251439a\",\"elType\":\"section\",\"settings\":{\"background_background\":\"classic\",\"background_color\":\"#030C26\",\"border_border\":\"solid\",\"border_width\":{\"unit\":\"px\",\"top\":\"1\",\"right\":\"0\",\"bottom\":\"0\",\"left\":\"0\",\"isLinked\":false},\"border_color\":\"#131C34\"},\"elements\":[{\"id\":\"194ef033\",\"elType\":\"column\",\"settings\":{\"_column_size\":100,\"_inline_size\":null,\"gt3_carousel_nav_prev\":\"Prev\",\"gt3_carousel_nav_next\":\"Next\"},\"elements\":[{\"id\":\"542c27cf\",\"elType\":\"widget\",\"settings\":{\"editor\":\"<p>\\u00a9 2022 \\u2014 Ewebot by GT3Themes. All Rights Reserved.<\\\/p>\",\"typography_typography\":\"custom\",\"typography_font_size\":{\"unit\":\"px\",\"size\":\"14\",\"sizes\":[]},\"typography_line_height\":{\"unit\":\"em\",\"size\":\"1.4\",\"sizes\":[]},\"_margin\":{\"unit\":\"px\",\"top\":\"23\",\"right\":\"0\",\"bottom\":\"23\",\"left\":\"0\",\"isLinked\":\"\"},\"align\":\"center\",\"_padding_mobile\":{\"unit\":\"px\",\"top\":\"0\",\"right\":\"20\",\"bottom\":\"0\",\"left\":\"20\",\"isLinked\":false},\"text_color\":\"#454D65\",\"typography_font_weight\":\"400\"},\"elements\":[],\"widgetType\":\"text-editor\"}],\"isInner\":false}],\"isInner\":false}]"},{"meta_key":"_edit_lock","meta_value":"1662229734:3"},{"meta_key":"_elementor_page_assets","meta_value":"a:0:{}"},{"meta_key":"_elementor_controls_usage","meta_value":"a:8:{s:6:\"spacer\";a:3:{s:5:\"count\";i:4;s:15:\"control_percent\";i:0;s:8:\"controls\";a:1:{s:7:\"content\";a:1:{s:14:\"section_spacer\";a:1:{s:5:\"space\";i:4;}}}}s:7:\"heading\";a:3:{s:5:\"count\";i:5;s:15:\"control_percent\";i:4;s:8:\"controls\";a:3:{s:7:\"content\";a:1:{s:13:\"section_title\";a:2:{s:5:\"title\";i:5;s:5:\"align\";i:1;}}s:5:\"style\";a:1:{s:19:\"section_title_style\";a:7:{s:11:\"title_color\";i:5;s:21:\"typography_typography\";i:5;s:22:\"typography_font_family\";i:5;s:20:\"typography_font_size\";i:5;s:22:\"typography_font_weight\";i:5;s:27:\"typography_font_size_tablet\";i:1;s:22:\"typography_line_height\";i:1;}}s:8:\"advanced\";a:1:{s:14:\"_section_style\";a:1:{s:8:\"_padding\";i:1;}}}}s:17:\"wpda-builder-menu\";a:3:{s:5:\"count\";i:3;s:15:\"control_percent\";i:3;s:8:\"controls\";a:1:{s:7:\"content\";a:1:{s:12:\"menu_section\";a:8:{s:11:\"menu_select\";i:3;s:5:\"align\";i:3;s:15:\"custom_settings\";i:3;s:15:\"menu_text_color\";i:3;s:22:\"menu_text_color_active\";i:3;s:26:\"menu_typography_typography\";i:3;s:27:\"menu_typography_font_weight\";i:3;s:27:\"menu_typography_font_family\";i:3;}}}}s:6:\"column\";a:3:{s:5:\"count\";i:7;s:15:\"control_percent\";i:0;s:8:\"controls\";a:3:{s:6:\"layout\";a:1:{s:6:\"layout\";a:4:{s:21:\"space_between_widgets\";i:6;s:19:\"_inline_size_tablet\";i:1;s:12:\"_inline_size\";i:2;s:28:\"space_between_widgets_mobile\";i:1;}}s:5:\"style\";a:1:{s:12:\"section_typo\";a:3:{s:10:\"color_text\";i:1;s:10:\"color_link\";i:1;s:16:\"color_link_hover\";i:1;}}s:8:\"advanced\";a:1:{s:16:\"section_advanced\";a:3:{s:6:\"margin\";i:1;s:13:\"margin_tablet\";i:1;s:7:\"padding\";i:1;}}}}s:11:\"text-editor\";a:3:{s:5:\"count\";i:4;s:15:\"control_percent\";i:3;s:8:\"controls\";a:3:{s:7:\"content\";a:1:{s:14:\"section_editor\";a:1:{s:6:\"editor\";i:4;}}s:5:\"style\";a:1:{s:13:\"section_style\";a:7:{s:21:\"typography_typography\";i:4;s:22:\"typography_line_height\";i:3;s:22:\"typography_font_weight\";i:4;s:22:\"typography_font_family\";i:2;s:20:\"typography_font_size\";i:3;s:5:\"align\";i:2;s:10:\"text_color\";i:2;}}s:8:\"advanced\";a:1:{s:14:\"_section_style\";a:3:{s:7:\"_margin\";i:4;s:8:\"_padding\";i:2;s:15:\"_padding_mobile\";i:1;}}}}s:12:\"social-icons\";a:3:{s:5:\"count\";i:1;s:15:\"control_percent\";i:4;s:8:\"controls\";a:3:{s:7:\"content\";a:1:{s:19:\"section_social_icon\";a:3:{s:16:\"social_icon_list\";i:1;s:5:\"shape\";i:1;s:5:\"align\";i:1;}}s:5:\"style\";a:2:{s:20:\"section_social_style\";a:6:{s:10:\"icon_color\";i:1;s:18:\"icon_primary_color\";i:1;s:20:\"icon_secondary_color\";i:1;s:9:\"icon_size\";i:1;s:12:\"icon_padding\";i:1;s:12:\"icon_spacing\";i:1;}s:20:\"section_social_hover\";a:1:{s:21:\"hover_secondary_color\";i:1;}}s:8:\"advanced\";a:1:{s:14:\"_section_style\";a:1:{s:7:\"_margin\";i:1;}}}}s:7:\"section\";a:3:{s:5:\"count\";i:4;s:15:\"control_percent\";i:1;s:8:\"controls\";a:3:{s:6:\"layout\";a:2:{s:17:\"section_structure\";a:1:{s:9:\"structure\";i:1;}s:14:\"section_layout\";a:1:{s:3:\"gap\";i:1;}}s:5:\"style\";a:3:{s:12:\"section_typo\";a:4:{s:13:\"heading_color\";i:1;s:10:\"color_text\";i:1;s:10:\"color_link\";i:1;s:16:\"color_link_hover\";i:1;}s:18:\"section_background\";a:5:{s:21:\"background_background\";i:2;s:19:\"background_position\";i:1;s:17:\"background_repeat\";i:1;s:15:\"background_size\";i:1;s:16:\"background_color\";i:2;}s:14:\"section_border\";a:3:{s:13:\"border_border\";i:1;s:12:\"border_width\";i:1;s:12:\"border_color\";i:1;}}s:8:\"advanced\";a:1:{s:16:\"section_advanced\";a:3:{s:7:\"padding\";i:2;s:14:\"padding_mobile\";i:1;s:6:\"margin\";i:1;}}}}s:9:\"shortcode\";a:3:{s:5:\"count\";i:1;s:15:\"control_percent\";i:1;s:8:\"controls\";a:2:{s:7:\"content\";a:1:{s:17:\"section_shortcode\";a:1:{s:9:\"shortcode\";i:1;}}s:8:\"advanced\";a:1:{s:14:\"_section_style\";a:2:{s:12:\"_css_classes\";i:1;s:8:\"_padding\";i:1;}}}}}"},{"meta_key":"_gt3_usage_shortcodes","meta_value":"{\"mc4wp_form\":1}"}],"comments":[],"media":[]}