{"post_title":"","guid":"https:\/\/livewp.site\/wp\/md\/ewebot\/home-12\/home12_video_img\/","post_author":"","post_content":"","post_excerpt":"","post_id":9089,"pubDate":"Mon, 24 May 2021 09:24:40 +0000","post_date":"2021-05-24 09:24:40","post_date_gmt":"2021-05-24 09:24:40","comment_status":"open","ping_status":"closed","post_name":"home12_video_img","status":"inherit","post_parent":9025,"menu_order":0,"post_type":"attachment","post_password":"","is_sticky":0,"terms":[],"postmeta":[{"meta_key":"_wp_attached_file","meta_value":"2021\/05\/home12_video_img.jpg"},{"meta_key":"_wp_attachment_metadata","meta_value":"a:5:{s:5:\"width\";i:770;s:6:\"height\";i:420;s:4:\"file\";s:28:\"2021\/05\/home12_video_img.jpg\";s:5:\"sizes\";a:8:{s:6:\"medium\";a:4:{s:4:\"file\";s:28:\"home12_video_img-300x164.jpg\";s:5:\"width\";i:300;s:6:\"height\";i:164;s:9:\"mime-type\";s:10:\"image\/jpeg\";}s:9:\"thumbnail\";a:4:{s:4:\"file\";s:28:\"home12_video_img-150x150.jpg\";s:5:\"width\";i:150;s:6:\"height\";i:150;s:9:\"mime-type\";s:10:\"image\/jpeg\";}s:12:\"medium_large\";a:4:{s:4:\"file\";s:28:\"home12_video_img-768x419.jpg\";s:5:\"width\";i:768;s:6:\"height\";i:419;s:9:\"mime-type\";s:10:\"image\/jpeg\";}s:15:\"gt3theme_mobile\";a:4:{s:4:\"file\";s:28:\"home12_video_img-480x262.jpg\";s:5:\"width\";i:480;s:6:\"height\";i:262;s:9:\"mime-type\";s:10:\"image\/jpeg\";}s:21:\"woocommerce_thumbnail\";a:5:{s:4:\"file\";s:28:\"home12_video_img-300x300.jpg\";s:5:\"width\";i:300;s:6:\"height\";i:300;s:9:\"mime-type\";s:10:\"image\/jpeg\";s:9:\"uncropped\";b:0;}s:29:\"woocommerce_gallery_thumbnail\";a:4:{s:4:\"file\";s:28:\"home12_video_img-400x400.jpg\";s:5:\"width\";i:400;s:6:\"height\";i:400;s:9:\"mime-type\";s:10:\"image\/jpeg\";}s:12:\"shop_catalog\";a:4:{s:4:\"file\";s:28:\"home12_video_img-300x300.jpg\";s:5:\"width\";i:300;s:6:\"height\";i:300;s:9:\"mime-type\";s:10:\"image\/jpeg\";}s:14:\"shop_thumbnail\";a:4:{s:4:\"file\";s:28:\"home12_video_img-400x400.jpg\";s:5:\"width\";i:400;s:6:\"height\";i:400;s:9:\"mime-type\";s:10:\"image\/jpeg\";}}s:10:\"image_meta\";a:12:{s:8:\"aperture\";s:1:\"0\";s:6:\"credit\";s:0:\"\";s:6:\"camera\";s:0:\"\";s:7:\"caption\";s:0:\"\";s:17:\"created_timestamp\";s:1:\"0\";s:9:\"copyright\";s:0:\"\";s:12:\"focal_length\";s:1:\"0\";s:3:\"iso\";s:1:\"0\";s:13:\"shutter_speed\";s:1:\"0\";s:5:\"title\";s:0:\"\";s:11:\"orientation\";s:1:\"0\";s:8:\"keywords\";a:0:{}}}"},{"meta_key":"_gt3_usage_shortcodes","meta_value":"{\"mc4wp_form\":1}"}],"comments":[],"media":[],"attachment_url":"https:\/\/livewp.site\/wp\/md\/ewebot\/wp-content\/uploads\/sites\/64\/2021\/05\/home12_video_img.jpg"}