{"post_title":"","guid":"https:\/\/livewp.site\/wp\/md\/ewebot\/landing\/smart_import_shadow1\/","post_author":"","post_content":"","post_excerpt":"","post_id":9292,"pubDate":"Fri, 11 Jun 2021 08:39:04 +0000","post_date":"2021-06-11 08:39:04","post_date_gmt":"2021-06-11 08:39:04","comment_status":"open","ping_status":"closed","post_name":"smart_import_shadow1","status":"inherit","post_parent":8638,"menu_order":0,"post_type":"attachment","post_password":"","is_sticky":0,"terms":[],"postmeta":[{"meta_key":"_wp_attached_file","meta_value":"2021\/06\/smart_import_shadow1.png"},{"meta_key":"_wp_attachment_metadata","meta_value":"a:5:{s:5:\"width\";i:1060;s:6:\"height\";i:588;s:4:\"file\";s:32:\"2021\/06\/smart_import_shadow1.png\";s:5:\"sizes\";a:11:{s:6:\"medium\";a:4:{s:4:\"file\";s:32:\"smart_import_shadow1-300x166.png\";s:5:\"width\";i:300;s:6:\"height\";i:166;s:9:\"mime-type\";s:9:\"image\/png\";}s:5:\"large\";a:4:{s:4:\"file\";s:33:\"smart_import_shadow1-1024x568.png\";s:5:\"width\";i:1024;s:6:\"height\";i:568;s:9:\"mime-type\";s:9:\"image\/png\";}s:9:\"thumbnail\";a:4:{s:4:\"file\";s:32:\"smart_import_shadow1-150x150.png\";s:5:\"width\";i:150;s:6:\"height\";i:150;s:9:\"mime-type\";s:9:\"image\/png\";}s:12:\"medium_large\";a:4:{s:4:\"file\";s:32:\"smart_import_shadow1-768x426.png\";s:5:\"width\";i:768;s:6:\"height\";i:426;s:9:\"mime-type\";s:9:\"image\/png\";}s:15:\"gt3theme_mobile\";a:4:{s:4:\"file\";s:32:\"smart_import_shadow1-480x266.png\";s:5:\"width\";i:480;s:6:\"height\";i:266;s:9:\"mime-type\";s:9:\"image\/png\";}s:21:\"woocommerce_thumbnail\";a:5:{s:4:\"file\";s:32:\"smart_import_shadow1-300x300.png\";s:5:\"width\";i:300;s:6:\"height\";i:300;s:9:\"mime-type\";s:9:\"image\/png\";s:9:\"uncropped\";b:0;}s:18:\"woocommerce_single\";a:4:{s:4:\"file\";s:32:\"smart_import_shadow1-800x444.png\";s:5:\"width\";i:800;s:6:\"height\";i:444;s:9:\"mime-type\";s:9:\"image\/png\";}s:29:\"woocommerce_gallery_thumbnail\";a:4:{s:4:\"file\";s:32:\"smart_import_shadow1-400x400.png\";s:5:\"width\";i:400;s:6:\"height\";i:400;s:9:\"mime-type\";s:9:\"image\/png\";}s:12:\"shop_catalog\";a:4:{s:4:\"file\";s:32:\"smart_import_shadow1-300x300.png\";s:5:\"width\";i:300;s:6:\"height\";i:300;s:9:\"mime-type\";s:9:\"image\/png\";}s:11:\"shop_single\";a:4:{s:4:\"file\";s:32:\"smart_import_shadow1-800x444.png\";s:5:\"width\";i:800;s:6:\"height\";i:444;s:9:\"mime-type\";s:9:\"image\/png\";}s:14:\"shop_thumbnail\";a:4:{s:4:\"file\";s:32:\"smart_import_shadow1-400x400.png\";s:5:\"width\";i:400;s:6:\"height\";i:400;s:9:\"mime-type\";s:9:\"image\/png\";}}s:10:\"image_meta\";a:12:{s:8:\"aperture\";s:1:\"0\";s:6:\"credit\";s:0:\"\";s:6:\"camera\";s:0:\"\";s:7:\"caption\";s:0:\"\";s:17:\"created_timestamp\";s:1:\"0\";s:9:\"copyright\";s:0:\"\";s:12:\"focal_length\";s:1:\"0\";s:3:\"iso\";s:1:\"0\";s:13:\"shutter_speed\";s:1:\"0\";s:5:\"title\";s:0:\"\";s:11:\"orientation\";s:1:\"0\";s:8:\"keywords\";a:0:{}}}"},{"meta_key":"_gt3_usage_shortcodes","meta_value":"{\"mc4wp_form\":1}"}],"comments":[],"media":[],"attachment_url":"https:\/\/livewp.site\/wp\/md\/ewebot\/wp-content\/uploads\/sites\/64\/2021\/06\/smart_import_shadow1.png"}