{"post_title":"Subscription form","guid":"https:\/\/livewp.site\/wp\/md\/ewebot\/mc4wp-form\/subscription-form\/","post_author":"","post_content":"<div class=\"mc_merge_var\">\r\n\t<input type=\"email\" name=\"EMAIL\" placeholder=\"Email Address\" required \/>\r\n<\/div>\r\n<div class=\"mc_signup_submit\">\r\n\t<input type=\"submit\" value=\"Sign up\" \/>\r\n<\/div>","post_excerpt":"","post_id":9431,"pubDate":"Fri, 06 Aug 2021 12:14:45 +0000","post_date":"2021-08-06 12:14:45","post_date_gmt":"2021-08-06 12:14:45","comment_status":"closed","ping_status":"closed","post_name":"subscription-form","status":"publish","post_parent":0,"menu_order":0,"post_type":"mc4wp-form","post_password":"","is_sticky":0,"terms":[],"postmeta":[{"meta_key":"_mc4wp_settings","meta_value":"a:9:{s:5:\"lists\";a:1:{i:0;s:10:\"70f07a5ae5\";}s:15:\"required_fields\";s:5:\"EMAIL\";s:12:\"double_optin\";s:1:\"1\";s:15:\"update_existing\";s:1:\"0\";s:17:\"replace_interests\";s:1:\"1\";s:15:\"subscriber_tags\";s:0:\"\";s:18:\"hide_after_success\";s:1:\"0\";s:8:\"redirect\";s:0:\"\";s:3:\"css\";s:1:\"0\";}"},{"meta_key":"text_subscribed","meta_value":"Thank you, your sign-up request was successful! Please check your email inbox to confirm."},{"meta_key":"text_invalid_email","meta_value":"Please provide a valid email address."},{"meta_key":"text_required_field_missing","meta_value":"Please fill in the required fields."},{"meta_key":"text_already_subscribed","meta_value":"Given email address is already subscribed, thank you!"},{"meta_key":"text_error","meta_value":"Oops. Something went wrong. Please try again later."},{"meta_key":"text_unsubscribed","meta_value":"You were successfully unsubscribed."},{"meta_key":"text_not_subscribed","meta_value":"Given email address is not subscribed."},{"meta_key":"text_no_lists_selected","meta_value":"Please select at least one list."},{"meta_key":"text_updated","meta_value":"Thank you, your records have been updated!"}],"comments":[],"media":[]}