{"post_title":"Footer 13","guid":"https:\/\/livewp.site\/wp\/md\/ewebot\/?elementor_library=footer-13","post_author":"","post_content":"<img width=\"304\" height=\"96\" src=\"https:\/\/livewp.site\/wp\/md\/ewebot\/wp-content\/uploads\/sites\/64\/2021\/09\/logo_eweapp.png\" alt=\"\" loading=\"lazy\" srcset=\"https:\/\/livewp.site\/wp\/md\/ewebot\/wp-content\/uploads\/sites\/64\/2021\/09\/logo_eweapp.png 304w, https:\/\/livewp.site\/wp\/md\/ewebot\/wp-content\/uploads\/sites\/64\/2021\/09\/logo_eweapp-300x96.png 300w\" sizes=\"(max-width: 304px) 100vw, 304px\" title=\"\" \/>\t\t\t\t\t\t\t\t\t\t\t\t\t\t\n\t\t\t\t\t<a href=\"#\" target=\"_blank\" rel=\"noopener\">\n\t\t\t\t\t\tTwitter\n\t\t\t\t\t\t\t\t\t\t\t<\/a>\n\t\t\t\t\t<a href=\"#\" target=\"_blank\" rel=\"noopener\">\n\t\t\t\t\t\tFacebook-f\n\t\t\t\t\t\t\t\t\t\t\t<\/a>\n\t\t\t\t\t<a href=\"#\" target=\"_blank\" rel=\"noopener\">\n\t\t\t\t\t\tLinkedin-in\n\t\t\t\t\t\t\t\t\t\t\t<\/a>\n\t\t\t\t\t<a target=\"_blank\" rel=\"noopener\">\n\t\t\t\t\t\tInstagram\n\t\t\t\t\t\t\t\t\t\t\t<\/a>\n\t\t<h4>Quick Links<\/h4>\t\t\n\t\t\t<nav>\n\t\t\t\t<ul id=\"menu-quick-links\"><li id=\"menu-item-1517\"><a href=\"https:\/\/livewp.site\/wp\/md\/ewebot\/home-02\/\">Home<\/a><\/li>\n<li id=\"menu-item-1518\"><a href=\"https:\/\/livewp.site\/wp\/md\/ewebot\/about-us\/\">About Us<\/a><\/li>\n<li id=\"menu-item-1519\"><a href=\"https:\/\/livewp.site\/wp\/md\/ewebot\/services\/\">Main Services<\/a><\/li>\n<li id=\"menu-item-1490\"><a href=\"https:\/\/livewp.site\/wp\/md\/ewebot\/pricing-plans\/\">Pricing<\/a><\/li>\n<li id=\"menu-item-1491\"><a href=\"https:\/\/livewp.site\/wp\/md\/ewebot\/our-case-studies\/\">Our Cases<\/a><\/li>\n<\/ul>\t\t\t<\/nav>\n\t\t<h4>Services<\/h4>\t\t\n\t\t\t<nav>\n\t\t\t\t<ul id=\"menu-services\"><li id=\"menu-item-4114\"><a href=\"#\">SEO Marketing<\/a><\/li>\n<li id=\"menu-item-4115\"><a href=\"#\">SEO Services<\/a><\/li>\n<li id=\"menu-item-4116\"><a href=\"#\">Pay Per Click<\/a><\/li>\n<li id=\"menu-item-4117\"><a href=\"#\">Social Media<\/a><\/li>\n<li id=\"menu-item-4118\"><a href=\"#\">SEO Audit<\/a><\/li>\n<\/ul>\t\t\t<\/nav>\n\t\t<h4>Community<\/h4>\t\t\n\t\t\t<nav>\n\t\t\t\t<ul id=\"menu-community\"><li id=\"menu-item-4119\"><a href=\"#\">Our Product<\/a><\/li>\n<li id=\"menu-item-4120\"><a href=\"#\">Documentation<\/a><\/li>\n<li id=\"menu-item-4121\"><a href=\"#\">Our Services<\/a><\/li>\n<li id=\"menu-item-4122\"><a href=\"#\">Company<\/a><\/li>\n<li id=\"menu-item-4123\"><a href=\"#\">What We Do?<\/a><\/li>\n<\/ul>\t\t\t<\/nav>\n\t\t<p>\u00a9 2022 \u2014 EweApp by GT3Themes. All Rights Reserved.<\/p>","post_excerpt":"","post_id":9553,"pubDate":"Sat, 25 Sep 2021 14:21:30 +0000","post_date":"2021-09-25 14:21:30","post_date_gmt":"2021-09-25 14:21:30","comment_status":"closed","ping_status":"closed","post_name":"footer-13","status":"publish","post_parent":0,"menu_order":0,"post_type":"elementor_library","post_password":"","is_sticky":0,"terms":[61],"postmeta":[{"meta_key":"_elementor_edit_mode","meta_value":"builder"},{"meta_key":"_elementor_template_type","meta_value":"wpda-footer"},{"meta_key":"_elementor_version","meta_value":"3.5.3"},{"meta_key":"_wp_page_template","meta_value":"default"},{"meta_key":"_elementor_data","meta_value":"[{\"id\":\"7b69ed9c\",\"elType\":\"section\",\"settings\":{\"background_background\":\"classic\",\"background_position\":\"center center\",\"background_repeat\":\"no-repeat\",\"background_size\":\"cover\"},\"elements\":[{\"id\":\"676c748d\",\"elType\":\"column\",\"settings\":{\"_column_size\":\"100\",\"gt3_carousel_nav_prev\":\"Prev\",\"gt3_carousel_nav_next\":\"Next\",\"space_between_widgets\":\"0\",\"space_between_widgets_mobile\":\"0\"},\"elements\":[{\"id\":\"ea59cd6\",\"elType\":\"section\",\"settings\":{\"structure\":\"40\",\"heading_color\":\"#FFFFFF\",\"color_text\":\"#F0F0F0\",\"color_link\":\"#F0F0F0\",\"color_link_hover\":\"#F47514\",\"padding\":{\"unit\":\"px\",\"top\":\"0\",\"right\":\"0\",\"bottom\":\"16\",\"left\":\"0\",\"isLinked\":\"\"},\"gap\":\"extended\"},\"elements\":[{\"id\":\"575dbc00\",\"elType\":\"column\",\"settings\":{\"_column_size\":\"25\",\"gt3_carousel_nav_prev\":\"Prev\",\"gt3_carousel_nav_next\":\"Next\",\"space_between_widgets\":\"0\"},\"elements\":[{\"id\":\"5a0a2f41\",\"elType\":\"widget\",\"settings\":{\"space\":{\"unit\":\"px\",\"size\":18,\"sizes\":[]}},\"elements\":[],\"widgetType\":\"spacer\"},{\"id\":\"56670afa\",\"elType\":\"widget\",\"settings\":{\"image\":{\"id\":9544,\"url\":\"https:\\\/\\\/livewp.site\\\/wp\\\/md\\\/ewebot\\\/wp-content\\\/uploads\\\/sites\\\/64\\\/2021\\\/09\\\/logo_eweapp.png\",\"alt\":\"\",\"source\":\"library\"},\"image_size\":\"full\",\"align\":\"left\",\"width\":{\"unit\":\"px\",\"size\":152,\"sizes\":[]},\"_margin\":{\"unit\":\"px\",\"top\":\"0\",\"right\":\"0\",\"bottom\":\"30\",\"left\":\"0\",\"isLinked\":\"\"}},\"elements\":[],\"widgetType\":\"image\"},{\"id\":\"3272eb1f\",\"elType\":\"widget\",\"settings\":{\"social_icon_list\":[{\"social_icon\":{\"value\":\"fab fa-twitter\",\"library\":\"fa-brands\"},\"_id\":\"91c0e5f\",\"link\":{\"url\":\"#\",\"is_external\":\"true\",\"nofollow\":\"\",\"custom_attributes\":\"\"},\"item_icon_color\":\"custom\",\"item_icon_secondary_color\":\"#00ACED\"},{\"social_icon\":{\"value\":\"fab fa-facebook-f\",\"library\":\"fa-brands\"},\"_id\":\"5ffa149\",\"link\":{\"url\":\"#\",\"is_external\":\"true\",\"nofollow\":\"\",\"custom_attributes\":\"\"},\"item_icon_color\":\"custom\",\"item_icon_secondary_color\":\"#3B5998\"},{\"social_icon\":{\"value\":\"fab fa-linkedin-in\",\"library\":\"fa-brands\"},\"_id\":\"ababeec\",\"link\":{\"url\":\"#\",\"is_external\":\"true\",\"nofollow\":\"\",\"custom_attributes\":\"\"},\"item_icon_color\":\"custom\",\"item_icon_secondary_color\":\"#007BB6\"},{\"_id\":\"acf78ea\",\"social_icon\":{\"value\":\"fab fa-instagram\",\"library\":\"fa-brands\"},\"item_icon_color\":\"custom\",\"item_icon_secondary_color\":\"#F53957\"}],\"align\":\"left\",\"icon_color\":\"custom\",\"icon_primary_color\":\"#FFFFFF00\",\"icon_size\":{\"unit\":\"px\",\"size\":17,\"sizes\":[]},\"icon_padding\":{\"unit\":\"em\",\"size\":0.8,\"sizes\":[]},\"icon_spacing\":{\"unit\":\"px\",\"size\":10,\"sizes\":[]},\"hover_secondary_color\":\"#0A2A43\",\"_margin\":{\"unit\":\"px\",\"top\":\"0\",\"right\":\"0\",\"bottom\":\"0\",\"left\":\"0\",\"isLinked\":false},\"image_border_border\":\"solid\",\"image_border_width\":{\"unit\":\"px\",\"top\":\"2\",\"right\":\"2\",\"bottom\":\"2\",\"left\":\"2\",\"isLinked\":true},\"image_border_color\":\"#E6EDF1\",\"border_radius\":{\"unit\":\"px\",\"top\":\"50\",\"right\":\"50\",\"bottom\":\"50\",\"left\":\"50\",\"isLinked\":true}},\"elements\":[],\"widgetType\":\"social-icons\"}],\"isInner\":\"1\"},{\"id\":\"46add178\",\"elType\":\"column\",\"settings\":{\"_column_size\":\"25\",\"gt3_carousel_nav_prev\":\"Prev\",\"gt3_carousel_nav_next\":\"Next\",\"space_between_widgets\":\"0\"},\"elements\":[{\"id\":\"3320af47\",\"elType\":\"widget\",\"settings\":{\"space\":{\"unit\":\"px\",\"size\":15,\"sizes\":[]}},\"elements\":[],\"widgetType\":\"spacer\"},{\"id\":\"4d9d4117\",\"elType\":\"widget\",\"settings\":{\"editor\":\"<h4>Quick Links<\\\/h4>\",\"text_color\":\"#0A2A43\",\"typography_typography\":\"custom\",\"typography_font_size\":{\"unit\":\"px\",\"size\":14,\"sizes\":[]},\"typography_font_weight\":\"700\",\"typography_line_height\":{\"unit\":\"em\",\"size\":1.5,\"sizes\":[]},\"_margin\":{\"unit\":\"px\",\"top\":\"0\",\"right\":\"0\",\"bottom\":\"7\",\"left\":\"0\",\"isLinked\":\"\"},\"typography_font_family\":\"Inter\",\"typography_text_transform\":\"uppercase\"},\"elements\":[],\"widgetType\":\"text-editor\"},{\"id\":\"51d68098\",\"elType\":\"widget\",\"settings\":{\"menu_select\":\"quick-links\",\"align\":\"left\",\"custom_settings\":\"yes\",\"menu_text_color\":\"#696687\",\"menu_text_color_active\":\"#0A2A43\",\"menu_typography_typography\":\"custom\",\"menu_typography_line_height\":{\"unit\":\"px\",\"size\":\"\",\"sizes\":[]},\"spacing_between_items\":{\"unit\":\"px\",\"size\":\"\",\"sizes\":[]}},\"elements\":[],\"widgetType\":\"wpda-builder-menu\"}],\"isInner\":true},{\"id\":\"5c9bbf95\",\"elType\":\"column\",\"settings\":{\"_column_size\":\"25\",\"gt3_carousel_nav_prev\":\"Prev\",\"gt3_carousel_nav_next\":\"Next\",\"space_between_widgets\":\"0\"},\"elements\":[{\"id\":\"4ccdb459\",\"elType\":\"widget\",\"settings\":{\"space\":{\"unit\":\"px\",\"size\":15,\"sizes\":[]}},\"elements\":[],\"widgetType\":\"spacer\"},{\"id\":\"5c619bc\",\"elType\":\"widget\",\"settings\":{\"editor\":\"<h4>Services<\\\/h4>\",\"text_color\":\"#0A2A43\",\"typography_typography\":\"custom\",\"typography_font_size\":{\"unit\":\"px\",\"size\":14,\"sizes\":[]},\"typography_font_weight\":\"700\",\"typography_line_height\":{\"unit\":\"em\",\"size\":1.5,\"sizes\":[]},\"_margin\":{\"unit\":\"px\",\"top\":\"0\",\"right\":\"0\",\"bottom\":\"7\",\"left\":\"0\",\"isLinked\":\"\"},\"typography_font_family\":\"Inter\",\"typography_text_transform\":\"uppercase\"},\"elements\":[],\"widgetType\":\"text-editor\"},{\"id\":\"54e1d6c3\",\"elType\":\"widget\",\"settings\":{\"menu_select\":\"services\",\"align\":\"left\",\"custom_settings\":\"yes\",\"menu_text_color\":\"#696687\",\"menu_text_color_active\":\"#0A2A43\",\"menu_typography_typography\":\"custom\",\"menu_typography_line_height\":{\"unit\":\"px\",\"size\":\"\",\"sizes\":[]},\"spacing_between_items\":{\"unit\":\"px\",\"size\":\"\",\"sizes\":[]}},\"elements\":[],\"widgetType\":\"wpda-builder-menu\"}],\"isInner\":\"1\"},{\"id\":\"4caf8621\",\"elType\":\"column\",\"settings\":{\"_column_size\":\"25\",\"gt3_carousel_nav_prev\":\"Prev\",\"gt3_carousel_nav_next\":\"Next\",\"space_between_widgets\":\"0\"},\"elements\":[{\"id\":\"347b3909\",\"elType\":\"widget\",\"settings\":{\"space\":{\"unit\":\"px\",\"size\":15,\"sizes\":[]}},\"elements\":[],\"widgetType\":\"spacer\"},{\"id\":\"86e39d7\",\"elType\":\"widget\",\"settings\":{\"editor\":\"<h4>Community<\\\/h4>\",\"text_color\":\"#0A2A43\",\"typography_typography\":\"custom\",\"typography_font_size\":{\"unit\":\"px\",\"size\":14,\"sizes\":[]},\"typography_font_weight\":\"700\",\"typography_line_height\":{\"unit\":\"em\",\"size\":1.5,\"sizes\":[]},\"_margin\":{\"unit\":\"px\",\"top\":\"0\",\"right\":\"0\",\"bottom\":\"7\",\"left\":\"0\",\"isLinked\":\"\"},\"typography_font_family\":\"Inter\",\"typography_text_transform\":\"uppercase\"},\"elements\":[],\"widgetType\":\"text-editor\"},{\"id\":\"38344f16\",\"elType\":\"widget\",\"settings\":{\"menu_select\":\"community\",\"align\":\"left\",\"custom_settings\":\"yes\",\"menu_text_color\":\"#696687\",\"menu_text_color_active\":\"#0A2A43\",\"menu_typography_typography\":\"custom\",\"menu_typography_line_height\":{\"unit\":\"px\",\"size\":\"\",\"sizes\":[]},\"spacing_between_items\":{\"unit\":\"px\",\"size\":\"\",\"sizes\":[]}},\"elements\":[],\"widgetType\":\"wpda-builder-menu\"}],\"isInner\":\"1\"}],\"isInner\":\"1\"},{\"id\":\"715827f4\",\"elType\":\"widget\",\"settings\":{\"text\":\"Divider\",\"color\":\"#EBEBEF\",\"gap\":{\"unit\":\"px\",\"size\":20,\"sizes\":[]}},\"elements\":[],\"widgetType\":\"divider\"},{\"id\":\"3e8ca904\",\"elType\":\"widget\",\"settings\":{\"editor\":\"<p>\\u00a9 2022 \\u2014 EweApp by GT3Themes. All Rights Reserved.<\\\/p>\",\"text_color\":\"#696687\",\"typography_typography\":\"custom\",\"typography_font_size\":{\"unit\":\"px\",\"size\":\"14\",\"sizes\":[]},\"typography_line_height\":{\"unit\":\"em\",\"size\":\"1.4\",\"sizes\":[]},\"_margin\":{\"unit\":\"px\",\"top\":\"8\",\"right\":\"0\",\"bottom\":\"17\",\"left\":\"0\",\"isLinked\":\"\"},\"align\":\"left\"},\"elements\":[],\"widgetType\":\"text-editor\"}],\"isInner\":\"\"}],\"isInner\":\"\"}]"},{"meta_key":"_elementor_page_assets","meta_value":"a:0:{}"},{"meta_key":"_edit_lock","meta_value":"1654457936:3"},{"meta_key":"_edit_last","meta_value":"3"},{"meta_key":"rs_page_bg_color","meta_value":""},{"meta_key":"_elementor_controls_usage","meta_value":"a:8:{s:6:\"spacer\";a:3:{s:5:\"count\";i:4;s:15:\"control_percent\";i:0;s:8:\"controls\";a:1:{s:7:\"content\";a:1:{s:14:\"section_spacer\";a:1:{s:5:\"space\";i:4;}}}}s:5:\"image\";a:3:{s:5:\"count\";i:1;s:15:\"control_percent\";i:2;s:8:\"controls\";a:3:{s:7:\"content\";a:1:{s:13:\"section_image\";a:3:{s:5:\"image\";i:1;s:10:\"image_size\";i:1;s:5:\"align\";i:1;}}s:5:\"style\";a:1:{s:19:\"section_style_image\";a:1:{s:5:\"width\";i:1;}}s:8:\"advanced\";a:1:{s:14:\"_section_style\";a:1:{s:7:\"_margin\";i:1;}}}}s:12:\"social-icons\";a:3:{s:5:\"count\";i:1;s:15:\"control_percent\";i:5;s:8:\"controls\";a:3:{s:7:\"content\";a:1:{s:19:\"section_social_icon\";a:2:{s:16:\"social_icon_list\";i:1;s:5:\"align\";i:1;}}s:5:\"style\";a:2:{s:20:\"section_social_style\";a:9:{s:10:\"icon_color\";i:1;s:18:\"icon_primary_color\";i:1;s:9:\"icon_size\";i:1;s:12:\"icon_padding\";i:1;s:12:\"icon_spacing\";i:1;s:19:\"image_border_border\";i:1;s:18:\"image_border_width\";i:1;s:18:\"image_border_color\";i:1;s:13:\"border_radius\";i:1;}s:20:\"section_social_hover\";a:1:{s:21:\"hover_secondary_color\";i:1;}}s:8:\"advanced\";a:1:{s:14:\"_section_style\";a:1:{s:7:\"_margin\";i:1;}}}}s:6:\"column\";a:3:{s:5:\"count\";i:5;s:15:\"control_percent\";i:1;s:8:\"controls\";a:1:{s:6:\"layout\";a:1:{s:6:\"layout\";a:2:{s:21:\"space_between_widgets\";i:5;s:28:\"space_between_widgets_mobile\";i:1;}}}}s:11:\"text-editor\";a:3:{s:5:\"count\";i:4;s:15:\"control_percent\";i:3;s:8:\"controls\";a:3:{s:7:\"content\";a:1:{s:14:\"section_editor\";a:1:{s:6:\"editor\";i:4;}}s:5:\"style\";a:1:{s:13:\"section_style\";a:8:{s:10:\"text_color\";i:4;s:21:\"typography_typography\";i:4;s:20:\"typography_font_size\";i:4;s:22:\"typography_font_weight\";i:3;s:22:\"typography_line_height\";i:4;s:22:\"typography_font_family\";i:3;s:25:\"typography_text_transform\";i:3;s:5:\"align\";i:1;}}s:8:\"advanced\";a:1:{s:14:\"_section_style\";a:1:{s:7:\"_margin\";i:4;}}}}s:17:\"wpda-builder-menu\";a:3:{s:5:\"count\";i:3;s:15:\"control_percent\";i:3;s:8:\"controls\";a:1:{s:7:\"content\";a:1:{s:12:\"menu_section\";a:8:{s:11:\"menu_select\";i:3;s:5:\"align\";i:3;s:15:\"custom_settings\";i:3;s:15:\"menu_text_color\";i:3;s:22:\"menu_text_color_active\";i:3;s:26:\"menu_typography_typography\";i:3;s:27:\"menu_typography_line_height\";i:3;s:21:\"spacing_between_items\";i:3;}}}}s:7:\"section\";a:3:{s:5:\"count\";i:2;s:15:\"control_percent\";i:1;s:8:\"controls\";a:3:{s:6:\"layout\";a:2:{s:17:\"section_structure\";a:1:{s:9:\"structure\";i:1;}s:14:\"section_layout\";a:1:{s:3:\"gap\";i:1;}}s:5:\"style\";a:2:{s:12:\"section_typo\";a:4:{s:13:\"heading_color\";i:1;s:10:\"color_text\";i:1;s:10:\"color_link\";i:1;s:16:\"color_link_hover\";i:1;}s:18:\"section_background\";a:4:{s:21:\"background_background\";i:1;s:19:\"background_position\";i:1;s:17:\"background_repeat\";i:1;s:15:\"background_size\";i:1;}}s:8:\"advanced\";a:1:{s:16:\"section_advanced\";a:1:{s:7:\"padding\";i:1;}}}}s:7:\"divider\";a:3:{s:5:\"count\";i:1;s:15:\"control_percent\";i:1;s:8:\"controls\";a:1:{s:5:\"style\";a:1:{s:21:\"section_divider_style\";a:2:{s:5:\"color\";i:1;s:3:\"gap\";i:1;}}}}}"}],"comments":[],"media":[9544]}