{"post_title":"","guid":"https:\/\/livewp.site\/wp\/md\/ewebot\/home-13\/phone_slide4\/","post_author":"","post_content":"","post_excerpt":"","post_id":9579,"pubDate":"Sat, 25 Sep 2021 14:27:53 +0000","post_date":"2021-09-25 14:27:53","post_date_gmt":"2021-09-25 14:27:53","comment_status":"open","ping_status":"closed","post_name":"phone_slide4","status":"inherit","post_parent":9528,"menu_order":0,"post_type":"attachment","post_password":"","is_sticky":0,"terms":[],"postmeta":[{"meta_key":"_wp_attached_file","meta_value":"2021\/09\/phone_slide4.jpg"},{"meta_key":"_wp_attachment_metadata","meta_value":"a:5:{s:5:\"width\";i:246;s:6:\"height\";i:536;s:4:\"file\";s:24:\"2021\/09\/phone_slide4.jpg\";s:5:\"sizes\";a:6:{s:6:\"medium\";a:4:{s:4:\"file\";s:24:\"phone_slide4-138x300.jpg\";s:5:\"width\";i:138;s:6:\"height\";i:300;s:9:\"mime-type\";s:10:\"image\/jpeg\";}s:9:\"thumbnail\";a:4:{s:4:\"file\";s:24:\"phone_slide4-150x150.jpg\";s:5:\"width\";i:150;s:6:\"height\";i:150;s:9:\"mime-type\";s:10:\"image\/jpeg\";}s:21:\"woocommerce_thumbnail\";a:5:{s:4:\"file\";s:24:\"phone_slide4-246x300.jpg\";s:5:\"width\";i:246;s:6:\"height\";i:300;s:9:\"mime-type\";s:10:\"image\/jpeg\";s:9:\"uncropped\";b:0;}s:29:\"woocommerce_gallery_thumbnail\";a:4:{s:4:\"file\";s:24:\"phone_slide4-246x400.jpg\";s:5:\"width\";i:246;s:6:\"height\";i:400;s:9:\"mime-type\";s:10:\"image\/jpeg\";}s:12:\"shop_catalog\";a:4:{s:4:\"file\";s:24:\"phone_slide4-246x300.jpg\";s:5:\"width\";i:246;s:6:\"height\";i:300;s:9:\"mime-type\";s:10:\"image\/jpeg\";}s:14:\"shop_thumbnail\";a:4:{s:4:\"file\";s:24:\"phone_slide4-246x400.jpg\";s:5:\"width\";i:246;s:6:\"height\";i:400;s:9:\"mime-type\";s:10:\"image\/jpeg\";}}s:10:\"image_meta\";a:12:{s:8:\"aperture\";s:1:\"0\";s:6:\"credit\";s:0:\"\";s:6:\"camera\";s:0:\"\";s:7:\"caption\";s:0:\"\";s:17:\"created_timestamp\";s:1:\"0\";s:9:\"copyright\";s:0:\"\";s:12:\"focal_length\";s:1:\"0\";s:3:\"iso\";s:1:\"0\";s:13:\"shutter_speed\";s:1:\"0\";s:5:\"title\";s:0:\"\";s:11:\"orientation\";s:1:\"0\";s:8:\"keywords\";a:0:{}}}"}],"comments":[],"media":[],"attachment_url":"https:\/\/livewp.site\/wp\/md\/ewebot\/wp-content\/uploads\/sites\/64\/2021\/09\/phone_slide4.jpg"}