{"post_title":"","guid":"https:\/\/livewp.site\/wp\/md\/ewebot\/home-13\/phone_slider_bg\/","post_author":"","post_content":"","post_excerpt":"","post_id":9580,"pubDate":"Sat, 25 Sep 2021 14:27:54 +0000","post_date":"2021-09-25 14:27:54","post_date_gmt":"2021-09-25 14:27:54","comment_status":"open","ping_status":"closed","post_name":"phone_slider_bg","status":"inherit","post_parent":9528,"menu_order":0,"post_type":"attachment","post_password":"","is_sticky":0,"terms":[],"postmeta":[{"meta_key":"_wp_attached_file","meta_value":"2021\/09\/phone_slider_bg.png"},{"meta_key":"_wp_attachment_metadata","meta_value":"a:5:{s:5:\"width\";i:1920;s:6:\"height\";i:836;s:4:\"file\";s:27:\"2021\/09\/phone_slider_bg.png\";s:5:\"sizes\";a:12:{s:6:\"medium\";a:4:{s:4:\"file\";s:27:\"phone_slider_bg-300x131.png\";s:5:\"width\";i:300;s:6:\"height\";i:131;s:9:\"mime-type\";s:9:\"image\/png\";}s:5:\"large\";a:4:{s:4:\"file\";s:28:\"phone_slider_bg-1024x446.png\";s:5:\"width\";i:1024;s:6:\"height\";i:446;s:9:\"mime-type\";s:9:\"image\/png\";}s:9:\"thumbnail\";a:4:{s:4:\"file\";s:27:\"phone_slider_bg-150x150.png\";s:5:\"width\";i:150;s:6:\"height\";i:150;s:9:\"mime-type\";s:9:\"image\/png\";}s:12:\"medium_large\";a:4:{s:4:\"file\";s:27:\"phone_slider_bg-768x334.png\";s:5:\"width\";i:768;s:6:\"height\";i:334;s:9:\"mime-type\";s:9:\"image\/png\";}s:9:\"1536x1536\";a:4:{s:4:\"file\";s:28:\"phone_slider_bg-1536x669.png\";s:5:\"width\";i:1536;s:6:\"height\";i:669;s:9:\"mime-type\";s:9:\"image\/png\";}s:15:\"gt3theme_mobile\";a:4:{s:4:\"file\";s:27:\"phone_slider_bg-480x209.png\";s:5:\"width\";i:480;s:6:\"height\";i:209;s:9:\"mime-type\";s:9:\"image\/png\";}s:21:\"woocommerce_thumbnail\";a:5:{s:4:\"file\";s:27:\"phone_slider_bg-300x300.png\";s:5:\"width\";i:300;s:6:\"height\";i:300;s:9:\"mime-type\";s:9:\"image\/png\";s:9:\"uncropped\";b:0;}s:18:\"woocommerce_single\";a:4:{s:4:\"file\";s:27:\"phone_slider_bg-800x348.png\";s:5:\"width\";i:800;s:6:\"height\";i:348;s:9:\"mime-type\";s:9:\"image\/png\";}s:29:\"woocommerce_gallery_thumbnail\";a:4:{s:4:\"file\";s:27:\"phone_slider_bg-400x400.png\";s:5:\"width\";i:400;s:6:\"height\";i:400;s:9:\"mime-type\";s:9:\"image\/png\";}s:12:\"shop_catalog\";a:4:{s:4:\"file\";s:27:\"phone_slider_bg-300x300.png\";s:5:\"width\";i:300;s:6:\"height\";i:300;s:9:\"mime-type\";s:9:\"image\/png\";}s:11:\"shop_single\";a:4:{s:4:\"file\";s:27:\"phone_slider_bg-800x348.png\";s:5:\"width\";i:800;s:6:\"height\";i:348;s:9:\"mime-type\";s:9:\"image\/png\";}s:14:\"shop_thumbnail\";a:4:{s:4:\"file\";s:27:\"phone_slider_bg-400x400.png\";s:5:\"width\";i:400;s:6:\"height\";i:400;s:9:\"mime-type\";s:9:\"image\/png\";}}s:10:\"image_meta\";a:12:{s:8:\"aperture\";s:1:\"0\";s:6:\"credit\";s:0:\"\";s:6:\"camera\";s:0:\"\";s:7:\"caption\";s:0:\"\";s:17:\"created_timestamp\";s:1:\"0\";s:9:\"copyright\";s:0:\"\";s:12:\"focal_length\";s:1:\"0\";s:3:\"iso\";s:1:\"0\";s:13:\"shutter_speed\";s:1:\"0\";s:5:\"title\";s:0:\"\";s:11:\"orientation\";s:1:\"0\";s:8:\"keywords\";a:0:{}}}"}],"comments":[],"media":[],"attachment_url":"https:\/\/livewp.site\/wp\/md\/ewebot\/wp-content\/uploads\/sites\/64\/2021\/09\/phone_slider_bg.png"}