{"post_title":"placeholder.png","guid":"https:\/\/livewp.site\/wp\/md\/ewebot\/placeholder-png-7\/","post_author":"","post_content":"","post_excerpt":"","post_id":9670,"pubDate":"Fri, 22 Oct 2021 13:17:12 +0000","post_date":"2021-10-22 13:17:12","post_date_gmt":"2021-10-22 13:17:12","comment_status":"open","ping_status":"closed","post_name":"placeholder-png-7","status":"inherit","post_parent":0,"menu_order":0,"post_type":"attachment","post_password":"","is_sticky":0,"terms":[],"postmeta":[{"meta_key":"_wp_attached_file","meta_value":"2021\/10\/placeholder-5.png"},{"meta_key":"_wp_attachment_metadata","meta_value":"a:5:{s:5:\"width\";i:1200;s:6:\"height\";i:800;s:4:\"file\";s:25:\"2021\/10\/placeholder-5.png\";s:5:\"sizes\";a:11:{s:6:\"medium\";a:4:{s:4:\"file\";s:25:\"placeholder-5-300x200.png\";s:5:\"width\";i:300;s:6:\"height\";i:200;s:9:\"mime-type\";s:9:\"image\/png\";}s:5:\"large\";a:4:{s:4:\"file\";s:26:\"placeholder-5-1024x683.png\";s:5:\"width\";i:1024;s:6:\"height\";i:683;s:9:\"mime-type\";s:9:\"image\/png\";}s:9:\"thumbnail\";a:4:{s:4:\"file\";s:25:\"placeholder-5-150x150.png\";s:5:\"width\";i:150;s:6:\"height\";i:150;s:9:\"mime-type\";s:9:\"image\/png\";}s:12:\"medium_large\";a:4:{s:4:\"file\";s:25:\"placeholder-5-768x512.png\";s:5:\"width\";i:768;s:6:\"height\";i:512;s:9:\"mime-type\";s:9:\"image\/png\";}s:15:\"gt3theme_mobile\";a:4:{s:4:\"file\";s:25:\"placeholder-5-480x320.png\";s:5:\"width\";i:480;s:6:\"height\";i:320;s:9:\"mime-type\";s:9:\"image\/png\";}s:21:\"woocommerce_thumbnail\";a:5:{s:4:\"file\";s:25:\"placeholder-5-300x300.png\";s:5:\"width\";i:300;s:6:\"height\";i:300;s:9:\"mime-type\";s:9:\"image\/png\";s:9:\"uncropped\";b:0;}s:18:\"woocommerce_single\";a:4:{s:4:\"file\";s:25:\"placeholder-5-800x533.png\";s:5:\"width\";i:800;s:6:\"height\";i:533;s:9:\"mime-type\";s:9:\"image\/png\";}s:29:\"woocommerce_gallery_thumbnail\";a:4:{s:4:\"file\";s:25:\"placeholder-5-400x400.png\";s:5:\"width\";i:400;s:6:\"height\";i:400;s:9:\"mime-type\";s:9:\"image\/png\";}s:12:\"shop_catalog\";a:4:{s:4:\"file\";s:25:\"placeholder-5-300x300.png\";s:5:\"width\";i:300;s:6:\"height\";i:300;s:9:\"mime-type\";s:9:\"image\/png\";}s:11:\"shop_single\";a:4:{s:4:\"file\";s:25:\"placeholder-5-800x533.png\";s:5:\"width\";i:800;s:6:\"height\";i:533;s:9:\"mime-type\";s:9:\"image\/png\";}s:14:\"shop_thumbnail\";a:4:{s:4:\"file\";s:25:\"placeholder-5-400x400.png\";s:5:\"width\";i:400;s:6:\"height\";i:400;s:9:\"mime-type\";s:9:\"image\/png\";}}s:10:\"image_meta\";a:12:{s:8:\"aperture\";s:1:\"0\";s:6:\"credit\";s:0:\"\";s:6:\"camera\";s:0:\"\";s:7:\"caption\";s:0:\"\";s:17:\"created_timestamp\";s:1:\"0\";s:9:\"copyright\";s:0:\"\";s:12:\"focal_length\";s:1:\"0\";s:3:\"iso\";s:1:\"0\";s:13:\"shutter_speed\";s:1:\"0\";s:5:\"title\";s:0:\"\";s:11:\"orientation\";s:1:\"0\";s:8:\"keywords\";a:0:{}}}"},{"meta_key":"_elementor_source_image_hash","meta_value":"eb36de124b7e9dbea4630e9f7b9e6b40e4a1abf3"}],"comments":[],"media":[],"attachment_url":"https:\/\/livewp.site\/wp\/md\/ewebot\/wp-content\/uploads\/sites\/64\/2021\/10\/placeholder-5.png"}