{"post_title":"Mega Menu","guid":"https:\/\/livewp.site\/wp\/md\/ewebot\/?elementor_library=mega-menu","post_author":"","post_content":"<style type=\"text\/css\">\ncanvas#gt3_landing_canvas {\n\tbackground-color: transparent;\n\twidth: 100%;\n\theight: 100%;\n}\n<\/style>\n<canvas id=\"gt3_landing_canvas\">\n    Your Browser Don't Support Canvas, Please Download Chrome.\n<\/canvas>\n\t\t\t<h1>ewebot<\/h1>\t\t\n\t\t\t<h2>Key Features<\/h2>\t\t\n\t\t\t<figure><img width=\"88\" height=\"76\" src=\"https:\/\/livewp.site\/wp\/md\/ewebot\/wp-content\/uploads\/sites\/64\/2021\/04\/lifetime_icon.png\" alt=\"\" decoding=\"async\" loading=\"lazy\" title=\"\" \/><\/figure><h5>Top 30 Power Elite Author<\/h5><p>10 Years of Membership. More than 64k Customers. Exclusive Author.<\/p>\t\t\n\t\t\t<figure><img width=\"88\" height=\"76\" src=\"https:\/\/livewp.site\/wp\/md\/ewebot\/wp-content\/uploads\/sites\/64\/2021\/04\/elementor_icon.png\" alt=\"\" decoding=\"async\" loading=\"lazy\" title=\"\" \/><\/figure><h5>Elementor Visual Page Builder<\/h5><p>One of the Best Drag & Drop Visual Builder for WordPress. Absolutely Free.<\/p>\t\t\n\t\t\t<figure><img width=\"88\" height=\"76\" src=\"https:\/\/livewp.site\/wp\/md\/ewebot\/wp-content\/uploads\/sites\/64\/2021\/04\/wpdaddy_icon.png\" alt=\"\" decoding=\"async\" loading=\"lazy\" title=\"\" \/><\/figure><h5>WPDaddy Builder Pro<\/h5><p>Front-End Drag & Drop Visual Header and Footer Builder for Elementor.<\/p>\t\t\n\t\t\t<figure><img width=\"92\" height=\"78\" src=\"https:\/\/livewp.site\/wp\/md\/ewebot\/wp-content\/uploads\/sites\/64\/2021\/06\/smart_import_icon.png\" alt=\"\" decoding=\"async\" loading=\"lazy\" title=\"\" \/><\/figure><h5>Smart Demo Import<\/h5><p>Import the Entire Site Content, Specific Homepages or Custom Import Settings.<\/p>\t\t\n\t\t\t<figure><img width=\"100\" height=\"76\" src=\"https:\/\/livewp.site\/wp\/md\/ewebot\/wp-content\/uploads\/sites\/64\/2021\/06\/woo_icon_shop.png\" alt=\"\" decoding=\"async\" loading=\"lazy\" title=\"\" \/><\/figure><h5>WooCommerce Online Shop<\/h5><p>Run Your Online Shopping Business. Immerse Your Customers in a Cool Way.<\/p>\t\t\n\t\t\t<figure><img width=\"128\" height=\"128\" src=\"https:\/\/livewp.site\/wp\/md\/ewebot\/wp-content\/uploads\/sites\/64\/2021\/10\/mega-menu.png\" alt=\"\" decoding=\"async\" loading=\"lazy\" title=\"mega-menu\" \/><\/figure><h5>WPDA Mega Menu<\/h5><p>Build Any Mega Menu with WPDaddy Builder Pro. Advanced Cool Feature.<\/p>\t\t\n\t\t\t<figure><img width=\"128\" height=\"128\" src=\"https:\/\/livewp.site\/wp\/md\/ewebot\/wp-content\/uploads\/sites\/64\/2021\/10\/auto-update.png\" alt=\"\" decoding=\"async\" loading=\"lazy\" title=\"auto-update\" \/><\/figure><h5>Auto-Update System<\/h5><p>Get Instant Theme and Plugins Updates via Your WordPress Dashboard.<\/p>\t\t\n\t\t\t<figure><img width=\"128\" height=\"128\" src=\"https:\/\/livewp.site\/wp\/md\/ewebot\/wp-content\/uploads\/sites\/64\/2021\/10\/multilanguage.png\" alt=\"\" decoding=\"async\" loading=\"lazy\" title=\"multilanguage\" \/><\/figure><h5>Multi-Language Support<\/h5><p>Build Multi-Language Website with WPML or Polylang Plugins Easily.<\/p>\t\t\n\t\t\t<figure><img width=\"128\" height=\"128\" src=\"https:\/\/livewp.site\/wp\/md\/ewebot\/wp-content\/uploads\/sites\/64\/2021\/10\/theme-options.png\" alt=\"\" decoding=\"async\" loading=\"lazy\" title=\"theme-options\" \/><\/figure><h5>Advanced Theme Options Panel<\/h5><p>Ewebot Comes with Theme Options Panel. Control Everything in One Place.<\/p>\t\t\n\t\t\t<figure><img width=\"128\" height=\"128\" src=\"https:\/\/livewp.site\/wp\/md\/ewebot\/wp-content\/uploads\/sites\/64\/2021\/10\/custom-widgets.png\" alt=\"\" decoding=\"async\" loading=\"lazy\" title=\"custom-widgets\" \/><\/figure><h5>Custom Elementor Widgets<\/h5><p>Build a Website with Custom Elementor Widgets Developed by GT3Themes.<\/p>\t\t\n\t\t\t<figure><img width=\"128\" height=\"128\" src=\"https:\/\/livewp.site\/wp\/md\/ewebot\/wp-content\/uploads\/sites\/64\/2021\/10\/responsive-retina.png\" alt=\"\" decoding=\"async\" loading=\"lazy\" title=\"responsive-retina\" \/><\/figure><h5>Fully Responsive Retina Ready<\/h5><p>Ewebot is Fully Responsive and Retina Ready. Adjust Settings using Elementor.<\/p>\t\t\n\t\t\t<figure><img width=\"128\" height=\"128\" src=\"https:\/\/livewp.site\/wp\/md\/ewebot\/wp-content\/uploads\/sites\/64\/2021\/10\/optimization.png\" alt=\"\" decoding=\"async\" loading=\"lazy\" title=\"optimization\" \/><\/figure><h5>Optimized For  Better Performance<\/h5><p>Ewebot is Optimized WP Theme that Comes with Extra Optimization Options.<\/p>\t\t\n\t\t\t\t\t\t\t\t\t\t\t\t<img width=\"298\" height=\"96\" src=\"https:\/\/livewp.site\/wp\/md\/ewebot\/wp-content\/uploads\/sites\/64\/2019\/08\/logo_retina.png\" alt=\"\" loading=\"lazy\" title=\"logo_retina\" \/>\t\t\t\t\t\t\t\t\t\t\t\t\t\t\n\t\t<p>SEO &amp; Digital Marketing Agency WordPress Bestseller<\/p>","post_excerpt":"","post_id":9676,"pubDate":"Fri, 22 Oct 2021 13:17:16 +0000","post_date":"2021-10-22 13:17:16","post_date_gmt":"2021-10-22 13:17:16","comment_status":"closed","ping_status":"closed","post_name":"mega-menu","status":"publish","post_parent":0,"menu_order":0,"post_type":"elementor_library","post_password":"","is_sticky":0,"terms":[95],"postmeta":[{"meta_key":"_elementor_edit_mode","meta_value":"builder"},{"meta_key":"_elementor_template_type","meta_value":"wpda-menu"},{"meta_key":"_elementor_version","meta_value":"3.10.2"},{"meta_key":"_wp_page_template","meta_value":"default"},{"meta_key":"_elementor_page_settings","meta_value":"a:2:{s:4:\"type\";s:9:\"fullwidth\";s:9:\"min_width\";i:500;}"},{"meta_key":"_elementor_data","meta_value":"[{\"id\":\"239051bc\",\"elType\":\"section\",\"settings\":{\"margin\":{\"unit\":\"px\",\"top\":\"-15\",\"right\":0,\"bottom\":\"-15\",\"left\":0,\"isLinked\":true},\"padding\":{\"unit\":\"px\",\"top\":\"0\",\"right\":\"0\",\"bottom\":\"0\",\"left\":\"0\",\"isLinked\":true},\"padding_mobile\":{\"unit\":\"px\",\"top\":\"0\",\"right\":\"0\",\"bottom\":\"20\",\"left\":\"0\",\"isLinked\":false},\"sticky_background_image\":{\"url\":\"\",\"id\":\"\"},\"sticky_background_image_tablet\":{\"url\":\"\",\"id\":\"\"},\"sticky_background_image_mobile\":{\"url\":\"\",\"id\":\"\"},\"sticky_background_video_fallback\":{\"url\":\"\",\"id\":\"\"},\"sticky_background_slideshow_gallery\":[],\"layout\":\"full_width\",\"background_background\":\"classic\",\"background_color\":\"#F5F8FA\",\"css_classes\":\"gt3_relative_section\",\"margin_tablet\":{\"unit\":\"px\",\"top\":\"0\",\"right\":0,\"bottom\":\"0\",\"left\":0,\"isLinked\":true},\"margin_mobile\":{\"unit\":\"px\",\"top\":\"0\",\"right\":0,\"bottom\":\"0\",\"left\":0,\"isLinked\":true},\"border_radius\":{\"unit\":\"px\",\"top\":\"0\",\"right\":\"0\",\"bottom\":\"5\",\"left\":\"5\",\"isLinked\":false}},\"elements\":[{\"id\":\"6fd3d047\",\"elType\":\"column\",\"settings\":{\"_column_size\":100,\"_inline_size\":null,\"space_between_widgets\":0,\"gt3_carousel_nav_prev\":\"Prev\",\"gt3_carousel_nav_next\":\"Next\",\"margin\":{\"unit\":\"px\",\"top\":\"0\",\"right\":\"0\",\"bottom\":\"0\",\"left\":\"0\",\"isLinked\":true},\"padding\":{\"unit\":\"px\",\"top\":\"0\",\"right\":\"0\",\"bottom\":\"0\",\"left\":\"0\",\"isLinked\":true}},\"elements\":[{\"id\":\"602ecd6\",\"elType\":\"widget\",\"settings\":{\"html\":\"<style type=\\\"text\\\/css\\\">\\ncanvas#gt3_landing_canvas {\\n\\tbackground-color: transparent;\\n\\twidth: 100%;\\n\\theight: 100%;\\n}\\n<\\\/style>\\n<canvas id=\\\"gt3_landing_canvas\\\">\\n    Your Browser Don't Support Canvas, Please Download Chrome.\\n<\\\/canvas>\\n<script type=\\\"text\\\/javascript\\\">\\n    (function(){\\nvar canvas = document.getElementById('gt3_landing_canvas'),\\n   can_w = parseInt(canvas.getAttribute('width')),\\n   can_h = parseInt(canvas.getAttribute('height')),\\n   ctx = canvas.getContext('2d');\\n\\nvar ball = {\\n      x: 0,\\n      y: 0,\\n      vx: 0,\\n      vy: 0,\\n      r: 0,\\n      alpha: 1,\\n      phase: 0\\n   },\\n   ball_color = {\\n       r: 209,\\n       g: 214,\\n       b: 218\\n   },\\n   R = 7,\\n   balls = [],\\n   alpha_f = 0.03,\\n   alpha_phase = 0,\\n    \\n\\\/\\\/ Line\\n   link_line_width = 0.8,\\n   dis_limit = 260,\\n   add_mouse_point = true,\\n   mouse_in = false,\\n   mouse_ball = {\\n      x: 0,\\n      y: 0,\\n      vx: 0,\\n      vy: 0,\\n      r: 0,\\n      type: 'mouse'\\n   };\\n\\n\\\/\\\/ Random speed\\nfunction getRandomSpeed(pos){\\n    var  min = -1,\\n       max = 1;\\n    switch(pos){\\n        case 'top':\\n            return [randomNumFrom(min, max), randomNumFrom(0.1, max)];\\n            break;\\n        case 'right':\\n            return [randomNumFrom(min, -0.1), randomNumFrom(min, max)];\\n            break;\\n        case 'bottom':\\n            return [randomNumFrom(min, max), randomNumFrom(min, -0.1)];\\n            break;\\n        case 'left':\\n            return [randomNumFrom(0.1, max), randomNumFrom(min, max)];\\n            break;\\n        default:\\n            return;\\n            break;\\n    }\\n}\\nfunction randomArrayItem(arr){\\n    return arr[Math.floor(Math.random() * arr.length)];\\n}\\nfunction randomNumFrom(min, max){\\n    return Math.random()*(max - min) + min;\\n}\\n\\\/\\\/ Random Ball\\nfunction getRandomBall(){\\n    var pos = randomArrayItem(['top', 'right', 'bottom', 'left']);\\n    switch(pos){\\n        case 'top':\\n            return {\\n                x: randomSidePos(can_w),\\n                y: -R,\\n                vx: getRandomSpeed('top')[0],\\n                vy: getRandomSpeed('top')[1],\\n                r: R,\\n                alpha: 1,\\n                phase: randomNumFrom(0, 10)\\n            }\\n            break;\\n        case 'right':\\n            return {\\n                x: can_w + R,\\n                y: randomSidePos(can_h),\\n                vx: getRandomSpeed('right')[0],\\n                vy: getRandomSpeed('right')[1],\\n                r: R,\\n                alpha: 1,\\n                phase: randomNumFrom(0, 10)\\n            }\\n            break;\\n        case 'bottom':\\n            return {\\n                x: randomSidePos(can_w),\\n                y: can_h + R,\\n                vx: getRandomSpeed('bottom')[0],\\n                vy: getRandomSpeed('bottom')[1],\\n                r: R,\\n                alpha: 1,\\n                phase: randomNumFrom(0, 10)\\n            }\\n            break;\\n        case 'left':\\n            return {\\n                x: -R,\\n                y: randomSidePos(can_h),\\n                vx: getRandomSpeed('left')[0],\\n                vy: getRandomSpeed('left')[1],\\n                r: R,\\n                alpha: 1,\\n                phase: randomNumFrom(0, 10)\\n            }\\n            break;\\n    }\\n}\\nfunction randomSidePos(length){\\n    return Math.ceil(Math.random() * length);\\n}\\n\\n\\\/\\\/ Draw Ball\\nfunction renderBalls(){\\n    Array.prototype.forEach.call(balls, function(b){\\n       if(!b.hasOwnProperty('type')){\\n           ctx.fillStyle = 'rgba('+ball_color.r+','+ball_color.g+','+ball_color.b+','+b.alpha+')';\\n           ctx.beginPath();\\n           ctx.arc(b.x, b.y, R, 0, Math.PI*2, true);\\n           ctx.closePath();\\n           ctx.fill();\\n       }\\n    });\\n}\\n\\n\\\/\\\/ Update balls\\nfunction updateBalls(){\\n    var new_balls = [];\\n    Array.prototype.forEach.call(balls, function(b){\\n        b.x += b.vx;\\n        b.y += b.vy;\\n        \\n        if(b.x > -(50) && b.x < (can_w+50) && b.y > -(50) && b.y < (can_h+50)){\\n           new_balls.push(b);\\n        }\\n        \\n        \\\/\\\/ alpha change\\n        b.phase += alpha_f;\\n        b.alpha = Math.abs(Math.cos(b.phase));        \\n    });\\n    \\n    balls = new_balls.slice(0);\\n}\\n\\n\\\/\\\/ loop alpha\\nfunction loopAlphaInf(){\\n    \\n}\\n\\n\\\/\\\/ Draw lines\\nfunction renderLines(){\\n    var fraction, alpha;\\n    for (var i = 0; i < balls.length; i++) {\\n        for (var j = i + 1; j < balls.length; j++) {\\n           \\n           fraction = getDisOf(balls[i], balls[j]) \\\/ dis_limit;\\n            \\n           if(fraction < 1){\\n               alpha = (1 - fraction).toString();\\n\\n               ctx.strokeStyle = 'rgba(208,213,216,'+alpha+')';\\n               ctx.lineWidth = link_line_width;\\n               \\n               ctx.beginPath();\\n               ctx.moveTo(balls[i].x, balls[i].y);\\n               ctx.lineTo(balls[j].x, balls[j].y);\\n               ctx.stroke();\\n               ctx.closePath();\\n           }\\n        }\\n    }\\n}\\n\\n\\\/\\\/ calculate distance between two points\\nfunction getDisOf(b1, b2){\\n    var  delta_x = Math.abs(b1.x - b2.x),\\n       delta_y = Math.abs(b1.y - b2.y);\\n    \\n    return Math.sqrt(delta_x*delta_x + delta_y*delta_y);\\n}\\n\\n\\\/\\\/ add balls if there a little balls\\nfunction addBallIfy(){\\n    if(balls.length < 20){\\n        balls.push(getRandomBall());\\n    }\\n}\\n\\n\\\/\\\/ Render\\nfunction render(){\\n    ctx.clearRect(0, 0, can_w, can_h);\\n    \\n    renderBalls();\\n    \\n    renderLines();\\n    \\n    updateBalls();\\n    \\n    addBallIfy();\\n    \\n    window.requestAnimationFrame(render);\\n}\\n\\n\\\/\\\/ Init Balls\\nfunction initBalls(num){\\n    for(var i = 1; i <= num; i++){\\n        balls.push({\\n            x: randomSidePos(can_w),\\n            y: randomSidePos(can_h),\\n            vx: getRandomSpeed('top')[0],\\n            vy: getRandomSpeed('top')[1],\\n            r: R,\\n            alpha: 1,\\n            phase: randomNumFrom(0, 10)\\n        });\\n    }\\n}\\n\\\/\\\/ Init Canvas\\nfunction initCanvas(){\\n    canvas.setAttribute('width', window.innerWidth);\\n    canvas.setAttribute('height', window.innerHeight);\\n    \\n    can_w = parseInt(canvas.getAttribute('width'));\\n    can_h = parseInt(canvas.getAttribute('height'));\\n}\\nwindow.addEventListener('resize', function(e){\\n    initCanvas();\\n});\\n\\nfunction goMovie(){\\n    initCanvas();\\n    initBalls(30);\\n    window.requestAnimationFrame(render);\\n}\\ngoMovie();\\n\\n\\\/\\\/ Mouse effect\\ncanvas.addEventListener('mouseenter', function(){\\n    mouse_in = true;\\n    balls.push(mouse_ball);\\n});\\ncanvas.addEventListener('mouseleave', function(){\\n    mouse_in = false;\\n    var new_balls = [];\\n    Array.prototype.forEach.call(balls, function(b){\\n        if(!b.hasOwnProperty('type')){\\n            new_balls.push(b);\\n        }\\n    });\\n    balls = new_balls.slice(0);\\n});\\ncanvas.addEventListener('mousemove', function(e){\\n    var e = e || window.event;\\n    mouse_ball.x = e.pageX;\\n    mouse_ball.y = e.pageY;\\n});\\n})();\\n<\\\/script>\",\"_css_classes\":\"gt3_absolute_block\",\"_position\":\"absolute\",\"_z_index\":2},\"elements\":[],\"widgetType\":\"html\"},{\"id\":\"f6a3183\",\"elType\":\"widget\",\"settings\":{\"title\":\"ewebot\",\"header_size\":\"h1\",\"align\":\"center\",\"title_color\":\"#FFFFFF\",\"typography_typography\":\"custom\",\"typography_font_family\":\"Nunito\",\"typography_font_size\":{\"unit\":\"px\",\"size\":336,\"sizes\":[]},\"typography_font_size_tablet\":{\"unit\":\"px\",\"size\":180,\"sizes\":[]},\"typography_font_size_mobile\":{\"unit\":\"px\",\"size\":80,\"sizes\":[]},\"typography_font_weight\":\"900\",\"typography_line_height\":{\"unit\":\"em\",\"size\":0.9,\"sizes\":[]},\"typography_letter_spacing\":{\"unit\":\"px\",\"size\":-10,\"sizes\":[]},\"typography_letter_spacing_tablet\":{\"unit\":\"px\",\"size\":-5,\"sizes\":[]},\"typography_letter_spacing_mobile\":{\"unit\":\"px\",\"size\":-3,\"sizes\":[]},\"_z_index\":5,\"_position\":\"absolute\",\"_offset_y\":{\"unit\":\"%\",\"size\":20,\"sizes\":[]},\"_offset_y_tablet\":{\"unit\":\"%\",\"size\":\"\",\"sizes\":[]},\"_offset_y_mobile\":{\"unit\":\"%\",\"size\":\"\",\"sizes\":[]}},\"elements\":[],\"widgetType\":\"heading\"},{\"id\":\"47514165\",\"elType\":\"section\",\"settings\":{\"sticky_background_image\":{\"url\":\"\",\"id\":\"\"},\"sticky_background_image_tablet\":{\"url\":\"\",\"id\":\"\"},\"sticky_background_image_mobile\":{\"url\":\"\",\"id\":\"\"},\"sticky_background_video_fallback\":{\"url\":\"\",\"id\":\"\"},\"sticky_background_slideshow_gallery\":[],\"z_index\":7},\"elements\":[{\"id\":\"17b6953\",\"elType\":\"column\",\"settings\":{\"_column_size\":100,\"_inline_size\":null,\"space_between_widgets\":0,\"gt3_carousel_nav_prev\":\"Prev\",\"gt3_carousel_nav_next\":\"Next\"},\"elements\":[{\"id\":\"5782b071\",\"elType\":\"widget\",\"settings\":{\"title\":\"Key Features\",\"title_color\":\"#656A72\",\"typography_typography\":\"custom\",\"typography_font_size\":{\"unit\":\"px\",\"size\":14,\"sizes\":[]},\"typography_font_weight\":\"700\",\"typography_text_transform\":\"uppercase\",\"_padding\":{\"unit\":\"px\",\"top\":\"10\",\"right\":\"0\",\"bottom\":\"0\",\"left\":\"0\",\"isLinked\":false}},\"elements\":[],\"widgetType\":\"heading\"},{\"id\":\"4b7d725f\",\"elType\":\"widget\",\"settings\":{\"text\":\"Divider\",\"color\":\"#E9EDEF\"},\"elements\":[],\"widgetType\":\"divider\"}],\"isInner\":true}],\"isInner\":true},{\"id\":\"605f2db0\",\"elType\":\"section\",\"settings\":{\"structure\":\"30\",\"margin\":{\"unit\":\"px\",\"top\":\"\",\"right\":0,\"bottom\":\"\",\"left\":0,\"isLinked\":true},\"padding\":{\"unit\":\"px\",\"top\":\"0\",\"right\":\"0\",\"bottom\":\"30\",\"left\":\"0\",\"isLinked\":false},\"sticky_background_image\":{\"url\":\"\",\"id\":\"\"},\"sticky_background_image_tablet\":{\"url\":\"\",\"id\":\"\"},\"sticky_background_image_mobile\":{\"url\":\"\",\"id\":\"\"},\"sticky_background_video_fallback\":{\"url\":\"\",\"id\":\"\"},\"sticky_background_slideshow_gallery\":[],\"z_index\":8},\"elements\":[{\"id\":\"2fa1a4d1\",\"elType\":\"column\",\"settings\":{\"_column_size\":33,\"_inline_size\":null,\"gt3_carousel_nav_prev\":\"Prev\",\"gt3_carousel_nav_next\":\"Next\",\"padding\":{\"unit\":\"%\",\"top\":\"\",\"right\":\"\",\"bottom\":\"\",\"left\":\"\",\"isLinked\":true},\"space_between_widgets\":30},\"elements\":[{\"id\":\"2585ecae\",\"elType\":\"widget\",\"settings\":{\"shape\":\"square\",\"title_text\":\"Top 30 Power Elite Author\",\"description_text\":\"10 Years of Membership. More than 64k Customers. Exclusive Author.\",\"default_position\":\"left\",\"title_size\":\"h5\",\"primary_color\":\"#7F7DBB\",\"icon_space\":{\"unit\":\"px\",\"top\":\"5\",\"right\":\"15\",\"bottom\":\"0\",\"left\":\"0\",\"isLinked\":false},\"icon_size\":{\"unit\":\"px\",\"size\":20,\"sizes\":[]},\"icon_padding\":{\"unit\":\"px\",\"size\":0,\"sizes\":[]},\"_padding\":{\"unit\":\"%\",\"top\":\"0\",\"right\":\"10\",\"bottom\":\"0\",\"left\":\"0\",\"isLinked\":false},\"title_color\":\"#3F4551\",\"description_color\":\"#8B9097\",\"description_typography_typography\":\"custom\",\"description_typography_font_size\":{\"unit\":\"px\",\"size\":16,\"sizes\":[]},\"image\":{\"id\":8661,\"url\":\"https:\\\/\\\/livewp.site\\\/wp\\\/md\\\/ewebot\\\/wp-content\\\/uploads\\\/sites\\\/64\\\/2021\\\/04\\\/lifetime_icon.png\",\"alt\":\"\",\"source\":\"library\"},\"thumbnail_custom_dimension\":{\"width\":\"28\",\"height\":\"28\"},\"image_size\":{\"unit\":\"px\",\"size\":40,\"sizes\":[]},\"image_space\":{\"unit\":\"px\",\"top\":\"0\",\"right\":\"5\",\"bottom\":\"0\",\"left\":\"0\",\"isLinked\":false},\"title_typography_typography\":\"custom\",\"title_typography_font_family\":\"Nunito\",\"title_typography_font_weight\":\"700\"},\"elements\":[],\"widgetType\":\"gt3-core-imagebox\"},{\"id\":\"649b9657\",\"elType\":\"widget\",\"settings\":{\"shape\":\"square\",\"title_text\":\"Elementor Visual Page Builder\",\"description_text\":\"One of the Best Drag & Drop Visual Builder for WordPress. Absolutely Free.\",\"default_position\":\"left\",\"title_size\":\"h5\",\"primary_color\":\"#FBE08A\",\"icon_space\":{\"unit\":\"px\",\"top\":\"5\",\"right\":\"15\",\"bottom\":\"0\",\"left\":\"0\",\"isLinked\":false},\"icon_size\":{\"unit\":\"px\",\"size\":23,\"sizes\":[]},\"icon_padding\":{\"unit\":\"px\",\"size\":0,\"sizes\":[]},\"_padding\":{\"unit\":\"%\",\"top\":\"0\",\"right\":\"10\",\"bottom\":\"0\",\"left\":\"0\",\"isLinked\":false},\"icon\":\"fa fa-address-book\",\"title_color\":\"#3F4551\",\"description_color\":\"#8B9097\",\"description_typography_typography\":\"custom\",\"description_typography_font_size\":{\"unit\":\"px\",\"size\":16,\"sizes\":[]},\"image\":{\"id\":8642,\"url\":\"https:\\\/\\\/livewp.site\\\/wp\\\/md\\\/ewebot\\\/wp-content\\\/uploads\\\/sites\\\/64\\\/2021\\\/04\\\/elementor_icon.png\",\"alt\":\"\",\"source\":\"library\"},\"thumbnail_custom_dimension\":{\"width\":\"28\",\"height\":\"28\"},\"image_size\":{\"unit\":\"px\",\"size\":40,\"sizes\":[]},\"image_space\":{\"unit\":\"px\",\"top\":\"0\",\"right\":\"5\",\"bottom\":\"0\",\"left\":\"0\",\"isLinked\":false},\"title_typography_typography\":\"custom\",\"title_typography_font_family\":\"Nunito\",\"title_typography_font_weight\":\"700\"},\"elements\":[],\"widgetType\":\"gt3-core-imagebox\"},{\"id\":\"4a91938a\",\"elType\":\"widget\",\"settings\":{\"shape\":\"square\",\"title_text\":\"WPDaddy Builder Pro\",\"description_text\":\"Front-End Drag & Drop Visual Header and Footer Builder for Elementor.\",\"default_position\":\"left\",\"title_size\":\"h5\",\"primary_color\":\"#90C7EC\",\"icon_space\":{\"unit\":\"px\",\"top\":\"5\",\"right\":\"15\",\"bottom\":\"0\",\"left\":\"0\",\"isLinked\":false},\"icon_size\":{\"unit\":\"px\",\"size\":20,\"sizes\":[]},\"icon_padding\":{\"unit\":\"px\",\"size\":0,\"sizes\":[]},\"_padding\":{\"unit\":\"%\",\"top\":\"0\",\"right\":\"10\",\"bottom\":\"0\",\"left\":\"0\",\"isLinked\":false},\"icon\":\"fa fa-youtube-square\",\"title_color\":\"#3F4551\",\"description_color\":\"#8B9097\",\"description_typography_typography\":\"custom\",\"description_typography_font_size\":{\"unit\":\"px\",\"size\":16,\"sizes\":[]},\"image\":{\"id\":8673,\"url\":\"https:\\\/\\\/livewp.site\\\/wp\\\/md\\\/ewebot\\\/wp-content\\\/uploads\\\/sites\\\/64\\\/2021\\\/04\\\/wpdaddy_icon.png\",\"alt\":\"\",\"source\":\"library\"},\"thumbnail_custom_dimension\":{\"width\":\"28\",\"height\":\"28\"},\"image_size\":{\"unit\":\"px\",\"size\":40,\"sizes\":[]},\"image_space\":{\"unit\":\"px\",\"top\":\"0\",\"right\":\"5\",\"bottom\":\"0\",\"left\":\"0\",\"isLinked\":false},\"title_typography_typography\":\"custom\",\"title_typography_font_family\":\"Nunito\",\"title_typography_font_weight\":\"700\"},\"elements\":[],\"widgetType\":\"gt3-core-imagebox\"},{\"id\":\"159b24bf\",\"elType\":\"widget\",\"settings\":{\"shape\":\"square\",\"title_text\":\"Smart Demo Import\",\"description_text\":\"Import the Entire Site Content, Specific Homepages or Custom Import Settings.\",\"default_position\":\"left\",\"title_size\":\"h5\",\"primary_color\":\"#F47D8B\",\"icon_space\":{\"unit\":\"px\",\"top\":\"5\",\"right\":\"15\",\"bottom\":\"0\",\"left\":\"0\",\"isLinked\":false},\"icon_size\":{\"unit\":\"px\",\"size\":20,\"sizes\":[]},\"icon_padding\":{\"unit\":\"px\",\"size\":0,\"sizes\":[]},\"_padding\":{\"unit\":\"%\",\"top\":\"0\",\"right\":\"10\",\"bottom\":\"0\",\"left\":\"0\",\"isLinked\":false},\"icon\":\"fa fa-500px\",\"title_color\":\"#3F4551\",\"description_color\":\"#8B9097\",\"description_typography_typography\":\"custom\",\"description_typography_font_size\":{\"unit\":\"px\",\"size\":16,\"sizes\":[]},\"image\":{\"id\":9284,\"url\":\"https:\\\/\\\/livewp.site\\\/wp\\\/md\\\/ewebot\\\/wp-content\\\/uploads\\\/sites\\\/64\\\/2021\\\/06\\\/smart_import_icon.png\",\"alt\":\"\",\"source\":\"library\"},\"thumbnail_custom_dimension\":{\"width\":\"28\",\"height\":\"28\"},\"image_size\":{\"unit\":\"px\",\"size\":40,\"sizes\":[]},\"image_space\":{\"unit\":\"px\",\"top\":\"0\",\"right\":\"5\",\"bottom\":\"0\",\"left\":\"0\",\"isLinked\":false},\"title_typography_typography\":\"custom\",\"title_typography_font_family\":\"Nunito\",\"title_typography_font_weight\":\"700\"},\"elements\":[],\"widgetType\":\"gt3-core-imagebox\"}],\"isInner\":true},{\"id\":\"88c2e79\",\"elType\":\"column\",\"settings\":{\"_column_size\":33,\"_inline_size\":null,\"gt3_carousel_nav_prev\":\"Prev\",\"gt3_carousel_nav_next\":\"Next\",\"padding\":{\"unit\":\"%\",\"top\":\"\",\"right\":\"\",\"bottom\":\"\",\"left\":\"\",\"isLinked\":true},\"space_between_widgets\":30},\"elements\":[{\"id\":\"42d1fcd4\",\"elType\":\"widget\",\"settings\":{\"shape\":\"square\",\"title_text\":\"WooCommerce Online Shop\",\"description_text\":\"Run Your Online Shopping Business. Immerse Your Customers in a Cool Way.\",\"default_position\":\"left\",\"title_size\":\"h5\",\"primary_color\":\"#FBE08A\",\"icon_space\":{\"unit\":\"px\",\"top\":\"5\",\"right\":\"15\",\"bottom\":\"0\",\"left\":\"0\",\"isLinked\":false},\"icon_size\":{\"unit\":\"px\",\"size\":20,\"sizes\":[]},\"icon_padding\":{\"unit\":\"px\",\"size\":0,\"sizes\":[]},\"_padding\":{\"unit\":\"%\",\"top\":\"0\",\"right\":\"10\",\"bottom\":\"0\",\"left\":\"0\",\"isLinked\":false},\"icon\":\"fa fa-arrow-circle-o-left\",\"title_color\":\"#3F4551\",\"description_color\":\"#8B9097\",\"description_typography_typography\":\"custom\",\"description_typography_font_size\":{\"unit\":\"px\",\"size\":16,\"sizes\":[]},\"image\":{\"id\":9285,\"url\":\"https:\\\/\\\/livewp.site\\\/wp\\\/md\\\/ewebot\\\/wp-content\\\/uploads\\\/sites\\\/64\\\/2021\\\/06\\\/woo_icon_shop.png\",\"alt\":\"\",\"source\":\"library\"},\"image_size\":{\"unit\":\"px\",\"size\":40,\"sizes\":[]},\"image_space\":{\"unit\":\"px\",\"top\":\"0\",\"right\":\"5\",\"bottom\":\"0\",\"left\":\"0\",\"isLinked\":false},\"title_typography_typography\":\"custom\",\"title_typography_font_family\":\"Nunito\",\"title_typography_font_weight\":\"700\"},\"elements\":[],\"widgetType\":\"gt3-core-imagebox\"},{\"id\":\"d8bb09f\",\"elType\":\"widget\",\"settings\":{\"shape\":\"square\",\"title_text\":\"WPDA Mega Menu\",\"description_text\":\"Build Any Mega Menu with WPDaddy Builder Pro. Advanced Cool Feature.\",\"default_position\":\"left\",\"title_size\":\"h5\",\"primary_color\":\"#5EC5AA\",\"icon_space\":{\"unit\":\"px\",\"top\":\"5\",\"right\":\"15\",\"bottom\":\"0\",\"left\":\"0\",\"isLinked\":false},\"icon_size\":{\"unit\":\"px\",\"size\":25,\"sizes\":[]},\"icon_padding\":{\"unit\":\"px\",\"size\":0,\"sizes\":[]},\"_padding\":{\"unit\":\"%\",\"top\":\"0\",\"right\":\"10\",\"bottom\":\"0\",\"left\":\"0\",\"isLinked\":false},\"icon\":\"fa fa-list-alt\",\"title_color\":\"#3F4551\",\"description_color\":\"#8B9097\",\"description_typography_typography\":\"custom\",\"description_typography_font_size\":{\"unit\":\"px\",\"size\":16,\"sizes\":[]},\"image\":{\"id\":9757,\"url\":\"https:\\\/\\\/livewp.site\\\/wp\\\/md\\\/ewebot\\\/wp-content\\\/uploads\\\/sites\\\/64\\\/2021\\\/10\\\/mega-menu.png\",\"alt\":\"\",\"source\":\"library\"},\"image_size\":{\"unit\":\"px\",\"size\":30,\"sizes\":[]},\"image_space\":{\"unit\":\"px\",\"top\":\"0\",\"right\":\"10\",\"bottom\":\"0\",\"left\":\"0\",\"isLinked\":false},\"title_typography_typography\":\"custom\",\"title_typography_font_family\":\"Nunito\",\"title_typography_font_weight\":\"700\"},\"elements\":[],\"widgetType\":\"gt3-core-imagebox\"},{\"id\":\"5cf950f3\",\"elType\":\"widget\",\"settings\":{\"shape\":\"square\",\"title_text\":\"Auto-Update System\",\"description_text\":\"Get Instant Theme and Plugins Updates via Your WordPress Dashboard.\",\"default_position\":\"left\",\"title_size\":\"h5\",\"primary_color\":\"#F47D8B\",\"icon_space\":{\"unit\":\"px\",\"top\":\"5\",\"right\":\"15\",\"bottom\":\"0\",\"left\":\"0\",\"isLinked\":false},\"icon_size\":{\"unit\":\"px\",\"size\":20,\"sizes\":[]},\"icon_padding\":{\"unit\":\"px\",\"size\":0,\"sizes\":[]},\"_padding\":{\"unit\":\"%\",\"top\":\"0\",\"right\":\"10\",\"bottom\":\"0\",\"left\":\"0\",\"isLinked\":false},\"icon\":\"fa fa-tree\",\"title_color\":\"#3F4551\",\"description_color\":\"#8B9097\",\"description_typography_typography\":\"custom\",\"description_typography_font_size\":{\"unit\":\"px\",\"size\":16,\"sizes\":[]},\"image\":{\"id\":9759,\"url\":\"https:\\\/\\\/livewp.site\\\/wp\\\/md\\\/ewebot\\\/wp-content\\\/uploads\\\/sites\\\/64\\\/2021\\\/10\\\/auto-update.png\",\"alt\":\"\",\"source\":\"library\"},\"image_size\":{\"unit\":\"px\",\"size\":35,\"sizes\":[]},\"image_space\":{\"unit\":\"px\",\"top\":\"0\",\"right\":\"10\",\"bottom\":\"0\",\"left\":\"0\",\"isLinked\":false},\"title_typography_typography\":\"custom\",\"title_typography_font_family\":\"Nunito\",\"title_typography_font_weight\":\"700\"},\"elements\":[],\"widgetType\":\"gt3-core-imagebox\"},{\"id\":\"51202da\",\"elType\":\"widget\",\"settings\":{\"shape\":\"square\",\"title_text\":\"Multi-Language Support\",\"description_text\":\"Build Multi-Language Website with WPML or Polylang Plugins Easily.\",\"default_position\":\"left\",\"title_size\":\"h5\",\"primary_color\":\"#7F7DBB\",\"icon_space\":{\"unit\":\"px\",\"top\":\"5\",\"right\":\"15\",\"bottom\":\"0\",\"left\":\"0\",\"isLinked\":false},\"icon_size\":{\"unit\":\"px\",\"size\":20,\"sizes\":[]},\"icon_padding\":{\"unit\":\"px\",\"size\":0,\"sizes\":[]},\"_padding\":{\"unit\":\"%\",\"top\":\"0\",\"right\":\"10\",\"bottom\":\"0\",\"left\":\"0\",\"isLinked\":false},\"icon\":\"fa fa-yoast\",\"title_color\":\"#3F4551\",\"description_color\":\"#8B9097\",\"description_typography_typography\":\"custom\",\"description_typography_font_size\":{\"unit\":\"px\",\"size\":16,\"sizes\":[]},\"image\":{\"id\":9762,\"url\":\"https:\\\/\\\/livewp.site\\\/wp\\\/md\\\/ewebot\\\/wp-content\\\/uploads\\\/sites\\\/64\\\/2021\\\/10\\\/multilanguage.png\",\"alt\":\"\",\"source\":\"library\"},\"image_size\":{\"unit\":\"px\",\"size\":35,\"sizes\":[]},\"image_space\":{\"unit\":\"px\",\"top\":\"0\",\"right\":\"10\",\"bottom\":\"0\",\"left\":\"0\",\"isLinked\":false},\"title_typography_typography\":\"custom\",\"title_typography_font_family\":\"Nunito\",\"title_typography_font_weight\":\"700\"},\"elements\":[],\"widgetType\":\"gt3-core-imagebox\"}],\"isInner\":true},{\"id\":\"3679d674\",\"elType\":\"column\",\"settings\":{\"_column_size\":33,\"_inline_size\":null,\"gt3_carousel_nav_prev\":\"Prev\",\"gt3_carousel_nav_next\":\"Next\",\"padding\":{\"unit\":\"%\",\"top\":\"\",\"right\":\"\",\"bottom\":\"\",\"left\":\"\",\"isLinked\":true},\"space_between_widgets\":30},\"elements\":[{\"id\":\"3b5d732b\",\"elType\":\"widget\",\"settings\":{\"shape\":\"square\",\"title_text\":\"Advanced Theme Options Panel\",\"description_text\":\"Ewebot Comes with Theme Options Panel. Control Everything in One Place.\",\"default_position\":\"left\",\"title_size\":\"h5\",\"primary_color\":\"#7F7DBB\",\"icon_space\":{\"unit\":\"px\",\"top\":\"5\",\"right\":\"15\",\"bottom\":\"0\",\"left\":\"0\",\"isLinked\":false},\"icon_size\":{\"unit\":\"px\",\"size\":20,\"sizes\":[]},\"icon_padding\":{\"unit\":\"px\",\"size\":0,\"sizes\":[]},\"_padding\":{\"unit\":\"%\",\"top\":\"0\",\"right\":\"10\",\"bottom\":\"0\",\"left\":\"0\",\"isLinked\":false},\"icon\":\"fa fa-bluetooth\",\"title_color\":\"#3F4551\",\"description_color\":\"#8B9097\",\"description_typography_typography\":\"custom\",\"description_typography_font_size\":{\"unit\":\"px\",\"size\":16,\"sizes\":[]},\"image\":{\"id\":9764,\"url\":\"https:\\\/\\\/livewp.site\\\/wp\\\/md\\\/ewebot\\\/wp-content\\\/uploads\\\/sites\\\/64\\\/2021\\\/10\\\/theme-options.png\",\"alt\":\"\",\"source\":\"library\"},\"image_size\":{\"unit\":\"px\",\"size\":35,\"sizes\":[]},\"image_space\":{\"unit\":\"px\",\"top\":\"0\",\"right\":\"10\",\"bottom\":\"0\",\"left\":\"0\",\"isLinked\":false},\"title_typography_typography\":\"custom\",\"title_typography_font_family\":\"Nunito\",\"title_typography_font_weight\":\"700\"},\"elements\":[],\"widgetType\":\"gt3-core-imagebox\"},{\"id\":\"3e99862\",\"elType\":\"widget\",\"settings\":{\"shape\":\"square\",\"title_text\":\"Custom Elementor Widgets\",\"description_text\":\"Build a Website with Custom Elementor Widgets Developed by GT3Themes.\",\"default_position\":\"left\",\"title_size\":\"h5\",\"primary_color\":\"#F47D8B\",\"icon_space\":{\"unit\":\"px\",\"top\":\"5\",\"right\":\"15\",\"bottom\":\"0\",\"left\":\"0\",\"isLinked\":false},\"icon_size\":{\"unit\":\"px\",\"size\":20,\"sizes\":[]},\"icon_padding\":{\"unit\":\"px\",\"size\":0,\"sizes\":[]},\"_padding\":{\"unit\":\"%\",\"top\":\"0\",\"right\":\"10\",\"bottom\":\"0\",\"left\":\"0\",\"isLinked\":false},\"icon\":\"fa fa-question-circle\",\"title_color\":\"#3F4551\",\"description_color\":\"#8B9097\",\"description_typography_typography\":\"custom\",\"description_typography_font_size\":{\"unit\":\"px\",\"size\":16,\"sizes\":[]},\"image\":{\"id\":9766,\"url\":\"https:\\\/\\\/livewp.site\\\/wp\\\/md\\\/ewebot\\\/wp-content\\\/uploads\\\/sites\\\/64\\\/2021\\\/10\\\/custom-widgets.png\",\"alt\":\"\",\"source\":\"library\"},\"image_size\":{\"unit\":\"px\",\"size\":35,\"sizes\":[]},\"image_space\":{\"unit\":\"px\",\"top\":\"0\",\"right\":\"10\",\"bottom\":\"0\",\"left\":\"0\",\"isLinked\":false},\"title_typography_typography\":\"custom\",\"title_typography_font_family\":\"Nunito\",\"title_typography_font_weight\":\"700\"},\"elements\":[],\"widgetType\":\"gt3-core-imagebox\"},{\"id\":\"6e6daf20\",\"elType\":\"widget\",\"settings\":{\"shape\":\"square\",\"title_text\":\"Fully Responsive Retina Ready\",\"description_text\":\"Ewebot is Fully Responsive and Retina Ready. Adjust Settings using Elementor.\",\"default_position\":\"left\",\"title_size\":\"h5\",\"primary_color\":\"#5EC5AA\",\"icon_space\":{\"unit\":\"px\",\"top\":\"5\",\"right\":\"15\",\"bottom\":\"0\",\"left\":\"0\",\"isLinked\":false},\"icon_size\":{\"unit\":\"px\",\"size\":20,\"sizes\":[]},\"icon_padding\":{\"unit\":\"px\",\"size\":0,\"sizes\":[]},\"_padding\":{\"unit\":\"%\",\"top\":\"0\",\"right\":\"10\",\"bottom\":\"0\",\"left\":\"0\",\"isLinked\":false},\"icon\":\"fa fa-deaf\",\"title_color\":\"#3F4551\",\"description_color\":\"#8B9097\",\"description_typography_typography\":\"custom\",\"description_typography_font_size\":{\"unit\":\"px\",\"size\":16,\"sizes\":[]},\"image\":{\"id\":9768,\"url\":\"https:\\\/\\\/livewp.site\\\/wp\\\/md\\\/ewebot\\\/wp-content\\\/uploads\\\/sites\\\/64\\\/2021\\\/10\\\/responsive-retina.png\",\"alt\":\"\",\"source\":\"library\"},\"image_size\":{\"unit\":\"px\",\"size\":35,\"sizes\":[]},\"image_space\":{\"unit\":\"px\",\"top\":\"0\",\"right\":\"10\",\"bottom\":\"0\",\"left\":\"0\",\"isLinked\":false},\"title_typography_typography\":\"custom\",\"title_typography_font_family\":\"Nunito\",\"title_typography_font_weight\":\"700\"},\"elements\":[],\"widgetType\":\"gt3-core-imagebox\"},{\"id\":\"fab4db9\",\"elType\":\"widget\",\"settings\":{\"shape\":\"square\",\"title_text\":\"Optimized For  Better Performance\",\"description_text\":\"Ewebot is Optimized WP Theme that Comes with Extra Optimization Options.\",\"default_position\":\"left\",\"title_size\":\"h5\",\"primary_color\":\"#5EC5AA\",\"icon_space\":{\"unit\":\"px\",\"top\":\"5\",\"right\":\"15\",\"bottom\":\"0\",\"left\":\"0\",\"isLinked\":false},\"icon_size\":{\"unit\":\"px\",\"size\":20,\"sizes\":[]},\"icon_padding\":{\"unit\":\"px\",\"size\":0,\"sizes\":[]},\"_padding\":{\"unit\":\"%\",\"top\":\"0\",\"right\":\"10\",\"bottom\":\"0\",\"left\":\"0\",\"isLinked\":false},\"icon\":\"fa fa-deaf\",\"title_color\":\"#3F4551\",\"description_color\":\"#8B9097\",\"description_typography_typography\":\"custom\",\"description_typography_font_size\":{\"unit\":\"px\",\"size\":16,\"sizes\":[]},\"image\":{\"id\":9770,\"url\":\"https:\\\/\\\/livewp.site\\\/wp\\\/md\\\/ewebot\\\/wp-content\\\/uploads\\\/sites\\\/64\\\/2021\\\/10\\\/optimization.png\",\"alt\":\"\",\"source\":\"library\"},\"image_size\":{\"unit\":\"px\",\"size\":35,\"sizes\":[]},\"image_space\":{\"unit\":\"px\",\"top\":\"0\",\"right\":\"10\",\"bottom\":\"0\",\"left\":\"0\",\"isLinked\":false},\"title_typography_typography\":\"custom\",\"title_typography_font_family\":\"Nunito\",\"title_typography_font_weight\":\"700\"},\"elements\":[],\"widgetType\":\"gt3-core-imagebox\"}],\"isInner\":true}],\"isInner\":true},{\"id\":\"df0cf21\",\"elType\":\"section\",\"settings\":{\"background_background\":\"classic\",\"background_color\":\"#3F2091\",\"background_image\":{\"url\":\"https:\\\/\\\/livewp.site\\\/wp\\\/md\\\/ewebot\\\/wp-content\\\/uploads\\\/sites\\\/64\\\/2021\\\/10\\\/mega_footer_bg.jpg\",\"id\":9872,\"alt\":\"\",\"source\":\"library\"},\"background_repeat\":\"no-repeat\",\"background_size\":\"cover\",\"margin\":{\"unit\":\"px\",\"top\":\"35\",\"right\":0,\"bottom\":\"-2\",\"left\":0,\"isLinked\":false},\"z_index\":10,\"margin_mobile\":{\"unit\":\"px\",\"top\":\"35\",\"right\":0,\"bottom\":\"-25\",\"left\":0,\"isLinked\":false}},\"elements\":[{\"id\":\"b5eab6d\",\"elType\":\"column\",\"settings\":{\"_column_size\":100,\"_inline_size\":null,\"content_position\":\"center\",\"gt3_carousel_nav_prev\":\"Prev\",\"gt3_carousel_nav_next\":\"Next\"},\"elements\":[{\"id\":\"d8a4f2d\",\"elType\":\"widget\",\"settings\":{\"image\":{\"id\":1455,\"url\":\"https:\\\/\\\/livewp.site\\\/wp\\\/md\\\/ewebot\\\/wp-content\\\/uploads\\\/sites\\\/64\\\/2019\\\/08\\\/logo_retina.png\",\"alt\":\"\",\"source\":\"library\"},\"image_size\":\"full\",\"space\":{\"unit\":\"px\",\"size\":148,\"sizes\":[]},\"align\":\"left\",\"align_mobile\":\"center\",\"_margin\":{\"unit\":\"px\",\"top\":\"0\",\"right\":\"23\",\"bottom\":\"0\",\"left\":\"0\",\"isLinked\":false},\"_element_width\":\"auto\"},\"elements\":[],\"widgetType\":\"image\"},{\"id\":\"1e915f5\",\"elType\":\"widget\",\"settings\":{\"editor\":\"<p>SEO &amp; Digital Marketing Agency WordPress Bestseller<\\\/p>\",\"text_color\":\"#C8C8F6\",\"_element_width\":\"auto\"},\"elements\":[],\"widgetType\":\"text-editor\"}],\"isInner\":true}],\"isInner\":true}],\"isInner\":false}],\"isInner\":false}]"},{"meta_key":"_elementor_page_assets","meta_value":"a:0:{}"},{"meta_key":"_edit_lock","meta_value":"1675189079:3"},{"meta_key":"_elementor_controls_usage","meta_value":"a:5:{s:7:\"heading\";a:3:{s:5:\"count\";i:1;s:15:\"control_percent\";i:3;s:8:\"controls\";a:3:{s:7:\"content\";a:1:{s:13:\"section_title\";a:1:{s:5:\"title\";i:1;}}s:5:\"style\";a:1:{s:19:\"section_title_style\";a:5:{s:11:\"title_color\";i:1;s:21:\"typography_typography\";i:1;s:20:\"typography_font_size\";i:1;s:22:\"typography_font_weight\";i:1;s:25:\"typography_text_transform\";i:1;}}s:8:\"advanced\";a:1:{s:14:\"_section_style\";a:1:{s:8:\"_padding\";i:1;}}}}s:7:\"divider\";a:3:{s:5:\"count\";i:1;s:15:\"control_percent\";i:0;s:8:\"controls\";a:1:{s:5:\"style\";a:1:{s:21:\"section_divider_style\";a:1:{s:5:\"color\";i:1;}}}}s:6:\"column\";a:3:{s:5:\"count\";i:5;s:15:\"control_percent\";i:1;s:8:\"controls\";a:2:{s:6:\"layout\";a:1:{s:6:\"layout\";a:2:{s:12:\"_inline_size\";i:5;s:21:\"space_between_widgets\";i:5;}}s:8:\"advanced\";a:1:{s:16:\"section_advanced\";a:2:{s:7:\"padding\";i:4;s:6:\"margin\";i:1;}}}}s:7:\"section\";a:3:{s:5:\"count\";i:3;s:15:\"control_percent\";i:1;s:8:\"controls\";a:2:{s:6:\"layout\";a:1:{s:17:\"section_structure\";a:1:{s:9:\"structure\";i:1;}}s:8:\"advanced\";a:1:{s:16:\"section_advanced\";a:3:{s:6:\"margin\";i:2;s:7:\"padding\";i:2;s:14:\"padding_mobile\";i:1;}}}}s:17:\"gt3-core-imagebox\";a:3:{s:5:\"count\";i:12;s:15:\"control_percent\";i:6;s:8:\"controls\";a:3:{s:7:\"content\";a:1:{s:21:\"section_image_section\";a:8:{s:5:\"shape\";i:12;s:10:\"title_text\";i:12;s:16:\"description_text\";i:12;s:16:\"default_position\";i:12;s:10:\"title_size\";i:12;s:5:\"image\";i:12;s:26:\"thumbnail_custom_dimension\";i:4;s:4:\"icon\";i:11;}}s:5:\"style\";a:3:{s:26:\"section_style_icon_section\";a:4:{s:13:\"primary_color\";i:12;s:10:\"icon_space\";i:12;s:9:\"icon_size\";i:12;s:12:\"icon_padding\";i:12;}s:29:\"section_style_content_section\";a:7:{s:11:\"title_color\";i:12;s:17:\"description_color\";i:12;s:33:\"description_typography_typography\";i:12;s:32:\"description_typography_font_size\";i:12;s:27:\"title_typography_typography\";i:12;s:28:\"title_typography_font_family\";i:12;s:28:\"title_typography_font_weight\";i:12;}s:27:\"section_style_image_section\";a:2:{s:10:\"image_size\";i:12;s:11:\"image_space\";i:12;}}s:8:\"advanced\";a:1:{s:14:\"_section_style\";a:1:{s:8:\"_padding\";i:12;}}}}}"}],"comments":[],"media":[8661,8642,8673,9284,9285,9757,9759,9762,9764,9766,9768,9770,1455]}