{"post_title":"MM Item","guid":"https:\/\/livewp.site\/wp\/md\/ewebot\/mm-item\/","post_author":"","post_content":"","post_excerpt":"","post_id":9745,"pubDate":"Tue, 26 Oct 2021 08:48:25 +0000","post_date":"2022-09-15 13:55:44","post_date_gmt":"2021-10-26 08:48:25","comment_status":"closed","ping_status":"closed","post_name":"mm-item","status":"publish","post_parent":0,"menu_order":41,"post_type":"nav_menu_item","post_password":"","is_sticky":0,"terms":[50],"postmeta":[{"meta_key":"_menu_item_type","meta_value":"custom"},{"meta_key":"_menu_item_menu_item_parent","meta_value":"9744"},{"meta_key":"_menu_item_object_id","meta_value":"9745"},{"meta_key":"_menu_item_object","meta_value":"custom"},{"meta_key":"_menu_item_target","meta_value":""},{"meta_key":"_menu_item_classes","meta_value":"a:1:{i:0;s:0:\"\";}"},{"meta_key":"_menu_item_xfn","meta_value":""},{"meta_key":"_menu_item_url","meta_value":"#"},{"meta_key":"_wp_old_date","meta_value":"2021-10-26"},{"meta_key":"_wp_old_date","meta_value":"2022-01-13"},{"meta_key":"_wp_old_date","meta_value":"2022-09-13"}],"comments":[],"media":[]}