{"post_title":"","guid":"https:\/\/livewp.site\/wp\/md\/ewebot\/?attachment_id=9872","post_author":"","post_content":"","post_excerpt":"","post_id":9872,"pubDate":"Fri, 24 Dec 2021 15:06:00 +0000","post_date":"2021-12-24 15:06:00","post_date_gmt":"2021-12-24 15:06:00","comment_status":"open","ping_status":"closed","post_name":"mega_footer_bg","status":"inherit","post_parent":9676,"menu_order":0,"post_type":"attachment","post_password":"","is_sticky":0,"terms":[],"postmeta":[{"meta_key":"_wp_attached_file","meta_value":"2021\/10\/mega_footer_bg.jpg"},{"meta_key":"_wp_attachment_metadata","meta_value":"a:5:{s:5:\"width\";i:1833;s:6:\"height\";i:70;s:4:\"file\";s:26:\"2021\/10\/mega_footer_bg.jpg\";s:5:\"sizes\";a:12:{s:6:\"medium\";a:4:{s:4:\"file\";s:25:\"mega_footer_bg-300x11.jpg\";s:5:\"width\";i:300;s:6:\"height\";i:11;s:9:\"mime-type\";s:10:\"image\/jpeg\";}s:5:\"large\";a:4:{s:4:\"file\";s:26:\"mega_footer_bg-1024x39.jpg\";s:5:\"width\";i:1024;s:6:\"height\";i:39;s:9:\"mime-type\";s:10:\"image\/jpeg\";}s:9:\"thumbnail\";a:4:{s:4:\"file\";s:25:\"mega_footer_bg-150x70.jpg\";s:5:\"width\";i:150;s:6:\"height\";i:70;s:9:\"mime-type\";s:10:\"image\/jpeg\";}s:12:\"medium_large\";a:4:{s:4:\"file\";s:25:\"mega_footer_bg-768x29.jpg\";s:5:\"width\";i:768;s:6:\"height\";i:29;s:9:\"mime-type\";s:10:\"image\/jpeg\";}s:9:\"1536x1536\";a:4:{s:4:\"file\";s:26:\"mega_footer_bg-1536x59.jpg\";s:5:\"width\";i:1536;s:6:\"height\";i:59;s:9:\"mime-type\";s:10:\"image\/jpeg\";}s:15:\"gt3theme_mobile\";a:4:{s:4:\"file\";s:25:\"mega_footer_bg-480x18.jpg\";s:5:\"width\";i:480;s:6:\"height\";i:18;s:9:\"mime-type\";s:10:\"image\/jpeg\";}s:21:\"woocommerce_thumbnail\";a:5:{s:4:\"file\";s:25:\"mega_footer_bg-300x70.jpg\";s:5:\"width\";i:300;s:6:\"height\";i:70;s:9:\"mime-type\";s:10:\"image\/jpeg\";s:9:\"uncropped\";b:0;}s:18:\"woocommerce_single\";a:4:{s:4:\"file\";s:25:\"mega_footer_bg-800x31.jpg\";s:5:\"width\";i:800;s:6:\"height\";i:31;s:9:\"mime-type\";s:10:\"image\/jpeg\";}s:29:\"woocommerce_gallery_thumbnail\";a:4:{s:4:\"file\";s:25:\"mega_footer_bg-400x70.jpg\";s:5:\"width\";i:400;s:6:\"height\";i:70;s:9:\"mime-type\";s:10:\"image\/jpeg\";}s:12:\"shop_catalog\";a:4:{s:4:\"file\";s:25:\"mega_footer_bg-300x70.jpg\";s:5:\"width\";i:300;s:6:\"height\";i:70;s:9:\"mime-type\";s:10:\"image\/jpeg\";}s:11:\"shop_single\";a:4:{s:4:\"file\";s:25:\"mega_footer_bg-800x31.jpg\";s:5:\"width\";i:800;s:6:\"height\";i:31;s:9:\"mime-type\";s:10:\"image\/jpeg\";}s:14:\"shop_thumbnail\";a:4:{s:4:\"file\";s:25:\"mega_footer_bg-400x70.jpg\";s:5:\"width\";i:400;s:6:\"height\";i:70;s:9:\"mime-type\";s:10:\"image\/jpeg\";}}s:10:\"image_meta\";a:12:{s:8:\"aperture\";s:1:\"0\";s:6:\"credit\";s:0:\"\";s:6:\"camera\";s:0:\"\";s:7:\"caption\";s:0:\"\";s:17:\"created_timestamp\";s:1:\"0\";s:9:\"copyright\";s:0:\"\";s:12:\"focal_length\";s:1:\"0\";s:3:\"iso\";s:1:\"0\";s:13:\"shutter_speed\";s:1:\"0\";s:5:\"title\";s:0:\"\";s:11:\"orientation\";s:1:\"0\";s:8:\"keywords\";a:0:{}}}"}],"comments":[],"media":[],"attachment_url":"https:\/\/livewp.site\/wp\/md\/ewebot\/wp-content\/uploads\/sites\/64\/2021\/10\/mega_footer_bg.jpg"}