{"post_title":"adventure-banff-banff-national-park","guid":"https:\/\/livewp.site\/wp\/md\/ewebot\/photo-gallery\/adventure-banff-banff-national-park\/","post_author":"","post_content":"","post_excerpt":"","post_id":9989,"pubDate":"Thu, 13 Jan 2022 13:48:19 +0000","post_date":"2022-01-13 13:48:19","post_date_gmt":"2022-01-13 13:48:19","comment_status":"open","ping_status":"closed","post_name":"adventure-banff-banff-national-park","status":"inherit","post_parent":9985,"menu_order":0,"post_type":"attachment","post_password":"","is_sticky":0,"terms":[],"postmeta":[{"meta_key":"_wp_attached_file","meta_value":"2022\/01\/adventure-banff-banff-national-park.jpg"},{"meta_key":"_wp_attachment_metadata","meta_value":"a:5:{s:5:\"width\";i:1153;s:6:\"height\";i:769;s:4:\"file\";s:47:\"2022\/01\/adventure-banff-banff-national-park.jpg\";s:5:\"sizes\";a:11:{s:6:\"medium\";a:4:{s:4:\"file\";s:47:\"adventure-banff-banff-national-park-300x200.jpg\";s:5:\"width\";i:300;s:6:\"height\";i:200;s:9:\"mime-type\";s:10:\"image\/jpeg\";}s:5:\"large\";a:4:{s:4:\"file\";s:48:\"adventure-banff-banff-national-park-1024x683.jpg\";s:5:\"width\";i:1024;s:6:\"height\";i:683;s:9:\"mime-type\";s:10:\"image\/jpeg\";}s:9:\"thumbnail\";a:4:{s:4:\"file\";s:47:\"adventure-banff-banff-national-park-150x150.jpg\";s:5:\"width\";i:150;s:6:\"height\";i:150;s:9:\"mime-type\";s:10:\"image\/jpeg\";}s:12:\"medium_large\";a:4:{s:4:\"file\";s:47:\"adventure-banff-banff-national-park-768x512.jpg\";s:5:\"width\";i:768;s:6:\"height\";i:512;s:9:\"mime-type\";s:10:\"image\/jpeg\";}s:15:\"gt3theme_mobile\";a:4:{s:4:\"file\";s:47:\"adventure-banff-banff-national-park-480x320.jpg\";s:5:\"width\";i:480;s:6:\"height\";i:320;s:9:\"mime-type\";s:10:\"image\/jpeg\";}s:21:\"woocommerce_thumbnail\";a:5:{s:4:\"file\";s:47:\"adventure-banff-banff-national-park-300x300.jpg\";s:5:\"width\";i:300;s:6:\"height\";i:300;s:9:\"mime-type\";s:10:\"image\/jpeg\";s:9:\"uncropped\";b:0;}s:18:\"woocommerce_single\";a:4:{s:4:\"file\";s:47:\"adventure-banff-banff-national-park-800x534.jpg\";s:5:\"width\";i:800;s:6:\"height\";i:534;s:9:\"mime-type\";s:10:\"image\/jpeg\";}s:29:\"woocommerce_gallery_thumbnail\";a:4:{s:4:\"file\";s:47:\"adventure-banff-banff-national-park-400x400.jpg\";s:5:\"width\";i:400;s:6:\"height\";i:400;s:9:\"mime-type\";s:10:\"image\/jpeg\";}s:12:\"shop_catalog\";a:4:{s:4:\"file\";s:47:\"adventure-banff-banff-national-park-300x300.jpg\";s:5:\"width\";i:300;s:6:\"height\";i:300;s:9:\"mime-type\";s:10:\"image\/jpeg\";}s:11:\"shop_single\";a:4:{s:4:\"file\";s:47:\"adventure-banff-banff-national-park-800x534.jpg\";s:5:\"width\";i:800;s:6:\"height\";i:534;s:9:\"mime-type\";s:10:\"image\/jpeg\";}s:14:\"shop_thumbnail\";a:4:{s:4:\"file\";s:47:\"adventure-banff-banff-national-park-400x400.jpg\";s:5:\"width\";i:400;s:6:\"height\";i:400;s:9:\"mime-type\";s:10:\"image\/jpeg\";}}s:10:\"image_meta\";a:12:{s:8:\"aperture\";s:1:\"0\";s:6:\"credit\";s:0:\"\";s:6:\"camera\";s:0:\"\";s:7:\"caption\";s:0:\"\";s:17:\"created_timestamp\";s:1:\"0\";s:9:\"copyright\";s:0:\"\";s:12:\"focal_length\";s:1:\"0\";s:3:\"iso\";s:1:\"0\";s:13:\"shutter_speed\";s:1:\"0\";s:5:\"title\";s:0:\"\";s:11:\"orientation\";s:1:\"0\";s:8:\"keywords\";a:0:{}}}"},{"meta_key":"lazy-placeholder","meta_value":"data:image\/png;base64,iVBORw0KGgoAAAANSUhEUgAAAE0AAAAzCAYAAADSIYUBAAAACXBIWXMAAA7EAAAOxAGVKw4bAAAAJklEQVRo3u3BgQAAAADDoPlTX+AIVQEAAAAAAAAAAAAAAAAAAHAMPY8AAQeL\/AcAAAAASUVORK5CYII="}],"comments":[],"media":[],"attachment_url":"https:\/\/livewp.site\/wp\/md\/ewebot\/wp-content\/uploads\/sites\/64\/2022\/01\/adventure-banff-banff-national-park.jpg"}