{"post_title":"adventure-boat-calm","guid":"https:\/\/livewp.site\/wp\/md\/ewebot\/photo-gallery\/adventure-boat-calm\/","post_author":"","post_content":"","post_excerpt":"","post_id":9990,"pubDate":"Thu, 13 Jan 2022 13:48:20 +0000","post_date":"2022-01-13 13:48:20","post_date_gmt":"2022-01-13 13:48:20","comment_status":"open","ping_status":"closed","post_name":"adventure-boat-calm","status":"inherit","post_parent":9985,"menu_order":0,"post_type":"attachment","post_password":"","is_sticky":0,"terms":[],"postmeta":[{"meta_key":"_wp_attached_file","meta_value":"2022\/01\/adventure-boat-calm.jpg"},{"meta_key":"_wp_attachment_metadata","meta_value":"a:5:{s:5:\"width\";i:1200;s:6:\"height\";i:645;s:4:\"file\";s:31:\"2022\/01\/adventure-boat-calm.jpg\";s:5:\"sizes\";a:11:{s:6:\"medium\";a:4:{s:4:\"file\";s:31:\"adventure-boat-calm-300x161.jpg\";s:5:\"width\";i:300;s:6:\"height\";i:161;s:9:\"mime-type\";s:10:\"image\/jpeg\";}s:5:\"large\";a:4:{s:4:\"file\";s:32:\"adventure-boat-calm-1024x550.jpg\";s:5:\"width\";i:1024;s:6:\"height\";i:550;s:9:\"mime-type\";s:10:\"image\/jpeg\";}s:9:\"thumbnail\";a:4:{s:4:\"file\";s:31:\"adventure-boat-calm-150x150.jpg\";s:5:\"width\";i:150;s:6:\"height\";i:150;s:9:\"mime-type\";s:10:\"image\/jpeg\";}s:12:\"medium_large\";a:4:{s:4:\"file\";s:31:\"adventure-boat-calm-768x413.jpg\";s:5:\"width\";i:768;s:6:\"height\";i:413;s:9:\"mime-type\";s:10:\"image\/jpeg\";}s:15:\"gt3theme_mobile\";a:4:{s:4:\"file\";s:31:\"adventure-boat-calm-480x258.jpg\";s:5:\"width\";i:480;s:6:\"height\";i:258;s:9:\"mime-type\";s:10:\"image\/jpeg\";}s:21:\"woocommerce_thumbnail\";a:5:{s:4:\"file\";s:31:\"adventure-boat-calm-300x300.jpg\";s:5:\"width\";i:300;s:6:\"height\";i:300;s:9:\"mime-type\";s:10:\"image\/jpeg\";s:9:\"uncropped\";b:0;}s:18:\"woocommerce_single\";a:4:{s:4:\"file\";s:31:\"adventure-boat-calm-800x430.jpg\";s:5:\"width\";i:800;s:6:\"height\";i:430;s:9:\"mime-type\";s:10:\"image\/jpeg\";}s:29:\"woocommerce_gallery_thumbnail\";a:4:{s:4:\"file\";s:31:\"adventure-boat-calm-400x400.jpg\";s:5:\"width\";i:400;s:6:\"height\";i:400;s:9:\"mime-type\";s:10:\"image\/jpeg\";}s:12:\"shop_catalog\";a:4:{s:4:\"file\";s:31:\"adventure-boat-calm-300x300.jpg\";s:5:\"width\";i:300;s:6:\"height\";i:300;s:9:\"mime-type\";s:10:\"image\/jpeg\";}s:11:\"shop_single\";a:4:{s:4:\"file\";s:31:\"adventure-boat-calm-800x430.jpg\";s:5:\"width\";i:800;s:6:\"height\";i:430;s:9:\"mime-type\";s:10:\"image\/jpeg\";}s:14:\"shop_thumbnail\";a:4:{s:4:\"file\";s:31:\"adventure-boat-calm-400x400.jpg\";s:5:\"width\";i:400;s:6:\"height\";i:400;s:9:\"mime-type\";s:10:\"image\/jpeg\";}}s:10:\"image_meta\";a:12:{s:8:\"aperture\";s:1:\"0\";s:6:\"credit\";s:0:\"\";s:6:\"camera\";s:0:\"\";s:7:\"caption\";s:0:\"\";s:17:\"created_timestamp\";s:1:\"0\";s:9:\"copyright\";s:0:\"\";s:12:\"focal_length\";s:1:\"0\";s:3:\"iso\";s:1:\"0\";s:13:\"shutter_speed\";s:1:\"0\";s:5:\"title\";s:0:\"\";s:11:\"orientation\";s:1:\"0\";s:8:\"keywords\";a:0:{}}}"},{"meta_key":"lazy-placeholder","meta_value":"data:image\/png;base64,iVBORw0KGgoAAAANSUhEUgAAAE0AAAApCAYAAABwbKT8AAAACXBIWXMAAA7EAAAOxAGVKw4bAAAAI0lEQVRo3u3BgQAAAADDoPlTn+AGVQEAAAAAAAAAAAAAAHANMX0AAWwHVE0AAAAASUVORK5CYII="}],"comments":[],"media":[],"attachment_url":"https:\/\/livewp.site\/wp\/md\/ewebot\/wp-content\/uploads\/sites\/64\/2022\/01\/adventure-boat-calm.jpg"}