{"post_title":"america-arid-bushes","guid":"https:\/\/livewp.site\/wp\/md\/ewebot\/photo-gallery\/america-arid-bushes\/","post_author":"","post_content":"","post_excerpt":"","post_id":9993,"pubDate":"Thu, 13 Jan 2022 13:48:22 +0000","post_date":"2022-01-13 13:48:22","post_date_gmt":"2022-01-13 13:48:22","comment_status":"open","ping_status":"closed","post_name":"america-arid-bushes","status":"inherit","post_parent":9985,"menu_order":0,"post_type":"attachment","post_password":"","is_sticky":0,"terms":[],"postmeta":[{"meta_key":"_wp_attached_file","meta_value":"2022\/01\/america-arid-bushes.jpg"},{"meta_key":"_wp_attachment_metadata","meta_value":"a:5:{s:5:\"width\";i:1025;s:6:\"height\";i:769;s:4:\"file\";s:31:\"2022\/01\/america-arid-bushes.jpg\";s:5:\"sizes\";a:10:{s:6:\"medium\";a:4:{s:4:\"file\";s:31:\"america-arid-bushes-300x225.jpg\";s:5:\"width\";i:300;s:6:\"height\";i:225;s:9:\"mime-type\";s:10:\"image\/jpeg\";}s:9:\"thumbnail\";a:4:{s:4:\"file\";s:31:\"america-arid-bushes-150x150.jpg\";s:5:\"width\";i:150;s:6:\"height\";i:150;s:9:\"mime-type\";s:10:\"image\/jpeg\";}s:12:\"medium_large\";a:4:{s:4:\"file\";s:31:\"america-arid-bushes-768x576.jpg\";s:5:\"width\";i:768;s:6:\"height\";i:576;s:9:\"mime-type\";s:10:\"image\/jpeg\";}s:15:\"gt3theme_mobile\";a:4:{s:4:\"file\";s:31:\"america-arid-bushes-480x360.jpg\";s:5:\"width\";i:480;s:6:\"height\";i:360;s:9:\"mime-type\";s:10:\"image\/jpeg\";}s:21:\"woocommerce_thumbnail\";a:5:{s:4:\"file\";s:31:\"america-arid-bushes-300x300.jpg\";s:5:\"width\";i:300;s:6:\"height\";i:300;s:9:\"mime-type\";s:10:\"image\/jpeg\";s:9:\"uncropped\";b:0;}s:18:\"woocommerce_single\";a:4:{s:4:\"file\";s:31:\"america-arid-bushes-800x600.jpg\";s:5:\"width\";i:800;s:6:\"height\";i:600;s:9:\"mime-type\";s:10:\"image\/jpeg\";}s:29:\"woocommerce_gallery_thumbnail\";a:4:{s:4:\"file\";s:31:\"america-arid-bushes-400x400.jpg\";s:5:\"width\";i:400;s:6:\"height\";i:400;s:9:\"mime-type\";s:10:\"image\/jpeg\";}s:12:\"shop_catalog\";a:4:{s:4:\"file\";s:31:\"america-arid-bushes-300x300.jpg\";s:5:\"width\";i:300;s:6:\"height\";i:300;s:9:\"mime-type\";s:10:\"image\/jpeg\";}s:11:\"shop_single\";a:4:{s:4:\"file\";s:31:\"america-arid-bushes-800x600.jpg\";s:5:\"width\";i:800;s:6:\"height\";i:600;s:9:\"mime-type\";s:10:\"image\/jpeg\";}s:14:\"shop_thumbnail\";a:4:{s:4:\"file\";s:31:\"america-arid-bushes-400x400.jpg\";s:5:\"width\";i:400;s:6:\"height\";i:400;s:9:\"mime-type\";s:10:\"image\/jpeg\";}}s:10:\"image_meta\";a:12:{s:8:\"aperture\";s:1:\"0\";s:6:\"credit\";s:0:\"\";s:6:\"camera\";s:0:\"\";s:7:\"caption\";s:0:\"\";s:17:\"created_timestamp\";s:1:\"0\";s:9:\"copyright\";s:0:\"\";s:12:\"focal_length\";s:1:\"0\";s:3:\"iso\";s:1:\"0\";s:13:\"shutter_speed\";s:1:\"0\";s:5:\"title\";s:0:\"\";s:11:\"orientation\";s:1:\"0\";s:8:\"keywords\";a:0:{}}}"},{"meta_key":"lazy-placeholder","meta_value":"data:image\/png;base64,iVBORw0KGgoAAAANSUhEUgAAAE0AAAA5CAYAAABzuqZnAAAACXBIWXMAAA7EAAAOxAGVKw4bAAAAKElEQVR42u3BMQEAAADCoPVPbQlPoAAAAAAAAAAAAAAAAAAAAAAADgZEzQABzhJDggAAAABJRU5ErkJggg=="}],"comments":[],"media":[],"attachment_url":"https:\/\/livewp.site\/wp\/md\/ewebot\/wp-content\/uploads\/sites\/64\/2022\/01\/america-arid-bushes.jpg"}